ticker,date,exchange,sector,industry,mkt_cap_m_now,price_prev_close,gap_open_pct,d1_change_pct,d1_open_to_close_pct,d1_range_pct,close_in_range,vol_x_adv30,record_vol_ratio,prior_high_vol_days_180,adr_pct,ret_3m_pregap,ret_6m_pregap,base_tightness,dist_52w_high_pct,overhead_pct,neglect_score,ret_1d,ret_3d,ret_5d,ret_10d,ret_20d,mfe_20d,mae_20d,d1_low_held,gap_held,sim_entry,sim_risk_pct,sim_r10,sim_days10,sim_r20,sim_days20,sim_r50,sim_days50,sim_r_partial,catalyst_proxy,sec_items
AMZN,2025-10-31,NASDAQ,Retail Trade,Internet Retail,2660660.1,222.86,12.22,9.58,-2.35,2.67,0.04,3.37,1.35,0,2.29,5.3,17.3,1.0,3.1,0.0,100,1.56,0.04,-2.28,-6.16,-6.49,3.4,-13.96,False,False,,,,,,,,,,earnings,"2.02,9.01"
META,2025-07-31,NASDAQ,Technology Services,Internet Software/Services,1882072.0,695.21,11.51,11.25,-0.23,2.51,0.41,3.24,0.79,4,1.85,26.6,2.8,0.95,3.7,0.0,100,-3.25,-1.51,-1.72,0.89,-3.11,2.72,-5.7,False,False,,,,,,,,,,earnings,"2.02,9.01"
META,2026-01-29,NASDAQ,Technology Services,Internet Software/Services,1882072.0,668.73,10.27,10.4,0.12,4.41,0.82,3.91,0.68,3,2.33,-11.0,-3.8,0.97,-7.4,13.7,100,-2.84,-6.2,-9.12,-11.88,-12.1,-0.71,-14.82,False,True,738.31,3.49,-1.0,2,-1.0,2,-1.0,2,-1.0,earnings,"2.02,9.01"
AVGO,2025-09-05,NASDAQ,Electronic Technology,Semiconductors,1695116.0,306.1,16.23,9.41,-5.87,7.52,0.14,4.3,0.59,11,3.05,17.8,70.6,1.0,12.1,0.0,100,-2.85,3.88,1.15,-3.05,-4.89,5.19,-8.79,False,False,,,,,,,,,,earnings,"2.02,8.01,9.01"
AMD,2025-10-06,NASDAQ,Electronic Technology,Semiconductors,991842.8,164.67,37.52,23.71,-10.04,11.67,0.03,5.76,1.86,1,3.29,19.5,92.0,1.0,21.3,0.0,100,-6.6,2.84,-4.43,6.23,14.66,17.94,-7.58,True,False,,,,,,,,,,agreement,"1.01,3.02,7.01,9.01"
INTC,2025-09-18,NASDAQ,Electronic Technology,Semiconductors,612818.2,24.9,27.63,22.77,-3.81,7.36,0.18,4.79,1.69,0,3.33,15.9,3.2,0.97,15.4,0.0,100,-6.92,-7.68,6.95,17.37,15.92,24.76,-9.6,False,False,,,,,,,,,,equity-sale,"3.02,7.01,9.01"
PLTR,2026-08-04,NASDAQ,Technology Services,Packaged Software,449299.8,125.65,15.52,29.45,12.07,14.82,0.91,4.26,0.79,0,4.67,-14.0,-15.0,0.95,-30.1,66.9,100,9.15,18.51,20.53,18.19,23.96,29.78,5.21,True,True,162.66,11.91,0.52,15,0.351,21,,,0.507,earnings,"2.02,7.01,9.01"
CSCO,2026-05-14,NASDAQ,Electronic Technology,Telecommunications Equipment,421620.2,101.87,15.39,13.41,-1.72,4.73,0.29,3.65,0.78,3,2.51,35.8,42.1,0.9,15.2,0.0,100,0.56,-1.85,0.55,2.44,3.02,10.91,-3.39,False,False,,,,,,,,,,earnings,"2.02,2.05,9.01"
ORCL,2025-09-10,NYSE,Technology Services,Packaged Software,416640.6,241.51,32.16,35.95,2.86,10.78,0.48,11.1,2.41,5,3.22,36.1,67.5,0.95,22.4,0.0,100,-3.55,-5.34,-5.57,-3.36,-9.57,3.7,-15.1,False,True,328.33,4.95,-1.0,1,-1.0,1,-1.0,1,-1.0,earnings,"2.02,8.01,9.01"
MRK,2026-08-19,NYSE,Health Technology,Pharmaceuticals: Major,368299.4,135.17,8.71,12.6,3.58,5.94,0.85,3.83,0.73,4,2.37,18.3,11.1,1.0,6.5,0.0,100,1.4,2.53,4.19,3.2,0.14,6.79,-3.14,False,True,152.2,4.8,0.0,6,0.0,6,0.0,6,-0.07,none,
DELL,2026-02-27,NYSE,Electronic Technology,Computer Processing Hardware,343078.2,121.45,13.11,21.93,7.8,9.37,0.94,4.29,1.08,1,4.77,-3.5,-8.3,0.98,-18.3,17.1,100,11.78,7.08,6.63,10.37,25.07,35.68,0.09,True,True,148.08,8.08,0.0,14,0.0,14,0.0,14,-0.027,earnings,"2.02,9.01"
DELL,2026-05-29,NYSE,Electronic Technology,Computer Processing Hardware,343078.2,317.05,31.84,32.76,0.7,6.68,0.69,5.72,1.25,3,5.8,114.1,151.8,0.44,27.5,0.0,22,11.47,0.74,-5.65,-5.37,-0.81,12.31,-14.58,False,True,420.91,4.43,0.0,3,0.0,3,0.0,3,0.003,earnings,"2.02,9.01"
UNH,2025-08-15,NYSE,Health Services,Managed Health Care,336544.2,271.49,11.13,11.98,0.76,5.29,0.6,4.13,0.56,4,3.35,-1.0,-48.9,0.87,-52.2,63.7,100,2.25,-0.62,1.89,2.7,15.31,20.09,-2.49,False,True,304.01,3.06,-1.0,7,-1.0,7,-1.0,7,-0.816,filing-other,
UNH,2026-04-21,NYSE,Health Services,Managed Health Care,336544.2,323.48,9.13,6.96,-1.98,3.61,0.06,3.0,0.21,6,2.66,-4.4,-9.3,0.92,-27.9,11.9,100,0.14,0.54,3.9,3.08,10.26,14.49,-1.15,True,False,,,,,,,,,,earnings,"2.02,9.01"
NFLX,2026-02-27,NASDAQ,Technology Services,Internet Software/Services,292725.0,84.59,11.48,13.77,2.06,6.81,0.92,3.89,1.36,0,3.27,-19.0,-30.9,0.86,-29.7,68.6,100,2.96,4.62,5.01,1.07,-0.92,6.25,-3.83,True,True,96.24,5.88,-0.239,8,-0.795,14,0.0,34,-0.017,filing-other,1.02
TXN,2026-04-23,NASDAQ,Electronic Technology,Semiconductors,257252.7,236.31,10.16,19.43,8.42,9.57,0.92,4.2,0.83,3,2.37,21.2,30.7,1.0,9.0,0.0,100,6.47,1.8,7.98,9.58,14.63,19.2,1.51,True,True,282.23,8.12,0.0,10,0.0,10,0.0,10,-0.251,earnings,"2.02,9.01"
GEV,2025-12-10,NYSE,Producer Manufacturing,Electrical Products,256343.4,625.3,10.69,15.62,4.46,7.66,0.85,3.86,0.85,2,5.07,-1.4,29.3,1.0,2.2,0.0,100,1.74,-1.56,-11.26,-3.59,-10.06,2.75,-11.42,False,True,723.0,6.09,-1.0,2,-1.0,2,-1.0,2,-1.0,none,
SNDK,2025-09-11,NASDAQ,Electronic Technology,Computer Peripherals,253269.7,73.92,11.34,14.04,2.43,5.54,0.65,3.22,0.3,6,4.63,83.7,46.6,0.89,10.5,0.0,78,4.65,11.24,20.13,14.57,57.57,66.52,-0.02,True,True,84.3,3.46,3.421,10,38.24,50,167.191,137,3.108,none,
SNDK,2026-01-30,NASDAQ,Electronic Technology,Computer Peripherals,253269.7,539.3,20.75,6.85,-11.51,26.96,0.3,3.13,0.95,1,9.27,163.9,1156.5,0.57,19.1,0.0,29,2.15,-10.24,-8.18,-3.79,-4.94,11.33,-17.06,True,False,,,,,,,,,,earnings,"2.02,9.01"
TMO,2025-07-23,NYSE,Health Technology,Medical Specialties,251283.9,427.62,10.67,9.14,-1.38,4.81,0.05,3.28,1.94,0,3.14,-1.6,-25.4,1.0,-23.7,52.1,100,0.37,2.47,0.85,-5.14,4.55,5.85,-5.7,False,False,,,,,,,,,,earnings,"2.02,5.02,9.01"
MRVL,2026-03-06,NASDAQ,Electronic Technology,Semiconductors,230861.5,75.68,11.95,18.35,5.72,11.99,0.62,6.33,0.93,7,4.24,-24.5,18.1,0.95,-17.6,19.1,100,9.36,6.75,3.71,3.77,29.26,32.07,-0.61,True,True,89.57,6.89,-0.316,8,0.0,16,0.0,16,-0.164,earnings,"2.02,9.01"
MRVL,2026-06-02,NASDAQ,Electronic Technology,Semiconductors,230861.5,219.43,15.51,32.52,14.73,15.4,0.99,3.92,1.16,1,7.21,183.1,145.4,0.17,12.6,0.0,5,19.01,3.95,5.29,9.95,7.33,30.15,-3.73,False,True,290.79,13.19,0.0,3,0.0,3,0.0,3,-0.237,filing-other,
MRVL,2026-06-03,NASDAQ,Electronic Technology,Semiconductors,230861.5,290.79,9.23,3.73,-5.03,10.27,0.25,3.7,1.03,1,7.84,272.4,219.2,0.22,9.0,0.0,8,-0.38,-9.06,-20.48,-8.84,-22.77,3.86,-25.32,False,False,,,,,,,,,,none,
IBM,2026-06-01,NYSE,Technology Services,Information Technology Services,207260.1,297.8,8.31,7.6,-0.66,6.49,0.62,3.64,1.15,1,3.49,24.4,-1.8,0.98,-0.7,0.0,100,2.07,-6.44,-12.94,-16.69,-12.82,3.07,-24.45,False,False,,,,,,,,,,filing-other,
QCOM,2026-04-30,NASDAQ,Electronic Technology,Semiconductors,193348.1,156.0,10.29,15.12,4.38,14.26,0.69,4.07,0.75,2,3.12,2.5,-13.8,1.0,-16.5,17.3,100,2.88,8.43,17.73,16.29,45.9,51.07,-4.22,True,True,179.58,8.92,1.28,10,2.27,25,0.612,39,0.998,earnings,"2.02,9.01"
SHOP,2025-08-06,NASDAQ,Commercial Services,Miscellaneous Commercial Services,190757.8,127.0,14.3,21.97,6.71,7.77,0.87,5.06,0.4,7,3.68,35.4,6.5,0.92,12.2,0.0,100,4.07,1.61,3.4,-5.42,-0.01,8.05,-8.1,False,True,154.9,6.32,-1.0,6,-1.0,6,-1.0,6,-0.919,earnings,"2.02,9.01"
SHOP,2026-02-11,NASDAQ,Commercial Services,Miscellaneous Commercial Services,190757.8,127.24,9.16,-6.7,-14.54,26.92,0.31,5.21,0.55,1,5.21,-19.9,-14.8,0.87,-23.8,36.8,100,-20.33,-18.26,-10.87,-9.33,-9.16,-2.12,-24.46,False,False,,,,,,,,,,earnings,"2.02,7.01,9.01"
SHOP,2026-08-05,NASDAQ,Commercial Services,Miscellaneous Commercial Services,190757.8,123.3,21.65,16.98,-3.84,7.97,0.15,4.56,0.78,3,4.96,14.6,3.4,0.98,-17.7,23.8,100,-1.71,3.45,0.27,-2.28,-5.42,5.91,-7.4,False,False,,,,,,,,,,earnings,"2.02,9.01"
CRM,2026-08-27,NYSE,Technology Services,Packaged Software,185430.1,205.62,11.88,22.58,9.56,10.62,0.9,4.44,0.96,1,3.53,16.7,3.1,0.86,-14.5,27.1,100,11.28,12.2,14.94,7.68,1.73,16.61,-0.1,False,True,252.05,8.73,0.0,7,0.0,7,0.0,7,0.092,earnings,"2.02,9.01"
DIS,2025-05-07,NYSE,Consumer Services,Movies/Entertainment,182010.1,92.17,11.12,10.76,-0.32,3.17,0.62,3.17,0.76,1,3.57,-16.6,-3.8,0.9,-13.7,51.6,100,2.64,7.88,10.27,7.85,9.87,11.98,1.41,True,False,,,,,,,,,,earnings,"2.02,9.01"
ISRG,2025-10-22,NASDAQ,Health Technology,Medical Specialties,145614.1,462.74,17.34,13.89,-2.94,5.3,0.18,3.4,1.38,0,2.35,-5.3,-5.2,1.0,-11.9,20.9,100,1.53,1.52,-1.0,1.02,3.99,6.9,-3.3,True,False,,,,,,,,,,earnings,"2.02,9.01"
NOW,2025-07-24,NYSE,Technology Services,Packaged Software,134358.0,191.286,8.18,4.16,-3.72,7.03,0.21,3.14,0.66,3,2.37,17.7,-15.0,0.98,-13.6,20.3,100,-6.37,-4.01,-8.85,-15.52,-15.24,-2.79,-18.81,False,False,,,,,,,,,,earnings,"2.02,9.01"
FTNT,2026-05-07,NASDAQ,Technology Services,Information Technology Services,129104.3,89.95,17.02,20.03,2.57,7.54,0.44,3.2,0.38,2,3.34,14.0,5.6,1.0,-3.2,2.6,100,8.37,8.18,15.77,22.99,37.45,42.57,1.34,True,True,107.97,3.2,8.792,22,13.607,51,12.971,71,6.43,earnings,"2.02,9.01"
NET,2026-01-27,NYSE,Technology Services,Information Technology Services,125432.6,189.35,11.98,8.77,-2.87,6.35,0.06,4.78,0.83,5,3.87,-13.1,-5.0,0.89,-18.5,15.7,100,-12.8,-16.35,-19.67,-15.11,-18.97,-2.74,-25.09,False,False,,,,,,,,,,filing-other,
NET,2026-02-11,NYSE,Technology Services,Information Technology Services,125432.6,179.98,12.82,5.24,-6.72,9.63,0.21,3.52,1.25,0,5.8,-25.2,-11.0,0.94,-21.9,22.5,100,-8.81,-4.61,-5.13,-13.98,4.46,7.0,-21.78,False,False,,,,,,,,,,earnings,"2.02,5.02,7.01,9.01"
SNOW,2025-08-28,NYSE,Technology Services,Packaged Software,116533.4,200.39,10.78,20.27,8.56,14.63,0.72,9.78,0.76,3,3.48,-0.9,15.4,1.0,-3.2,2.3,100,7.5,3.3,1.61,-0.38,1.19,8.78,-3.47,False,True,241.0,9.51,-1.0,4,-1.0,4,-1.0,4,-0.836,earnings,"2.02,9.01"
SNOW,2026-05-28,NYSE,Technology Services,Packaged Software,116533.4,175.26,35.23,36.48,0.93,6.72,0.63,5.17,0.94,2,4.6,1.3,-27.6,0.87,-15.6,16.2,100,7.83,10.19,3.03,1.43,5.05,20.25,-8.24,False,True,239.2,4.06,0.0,6,0.0,6,0.0,6,0.753,earnings,"2.02,9.01"
VLO,2026-01-05,NYSE,Energy Minerals,Oil Refining/Marketing,111635.2,165.31,8.7,9.23,0.49,4.21,0.41,3.18,0.95,0,2.24,3.1,15.0,1.0,-3.2,1.9,100,-0.79,6.47,-0.04,2.8,7.0,8.24,-1.78,False,True,180.57,1.69,-1.0,1,-1.0,1,-1.0,1,-1.0,none,
SPOT,2026-02-10,NYSE,Technology Services,Internet Software/Services,101635.9,414.84,11.56,14.75,2.86,7.17,0.4,3.82,0.95,1,3.99,-32.8,-39.8,0.92,-41.0,95.6,100,5.27,-0.96,3.2,0.11,11.15,23.31,-5.35,False,True,476.02,2.78,-1.0,2,-1.0,2,0.842,1,-1.0,filing-other,
EQIX,2026-02-12,NASDAQ,Finance,Real Estate Investment Trusts,100178.4,867.52,10.25,10.41,0.15,5.53,0.33,5.06,0.67,2,2.27,5.7,10.7,1.0,0.3,0.0,100,-0.03,-3.37,-2.96,1.86,1.41,2.82,-4.71,False,True,957.87,1.77,-1.0,2,-1.0,2,-1.0,2,-1.0,earnings,"2.02,5.02,8.01,9.01"
DDOG,2025-07-03,NASDAQ,Technology Services,Packaged Software,96433.2,135.01,9.21,14.92,5.22,6.55,0.86,6.87,1.49,2,2.81,32.7,-6.4,0.75,-13.3,14.6,100,3.36,-3.19,-6.84,-1.65,-8.04,6.73,-9.03,False,True,155.15,5.31,-1.0,2,-1.0,2,-1.0,2,-1.0,filing-other,
DDOG,2025-11-06,NASDAQ,Technology Services,Packaged Software,96433.2,154.98,15.43,23.13,6.67,9.74,0.77,5.61,0.25,5,3.31,18.4,41.9,0.89,5.2,0.0,100,6.9,10.6,3.96,-10.8,-15.36,12.75,-16.11,False,True,190.82,6.94,0.0,4,0.0,4,0.0,4,0.177,earnings,"2.02,9.01"
DDOG,2026-02-10,NASDAQ,Technology Services,Packaged Software,96433.2,114.01,8.92,13.74,4.43,8.22,0.63,3.36,0.22,3,4.88,-40.4,-11.5,0.76,-38.4,66.1,100,2.54,0.83,-1.93,-11.15,2.67,7.39,-21.07,False,True,129.67,4.9,-1.0,1,-1.0,1,-1.0,1,-1.0,earnings,2.02
DDOG,2026-05-07,NASDAQ,Technology Services,Packaged Software,96433.2,143.71,30.81,31.33,0.39,10.66,0.48,5.34,0.3,2,5.36,34.6,-8.8,0.92,-6.8,3.4,100,6.47,6.36,7.9,15.98,24.53,48.26,-1.59,True,True,188.73,4.91,4.901,20,4.201,23,4.38,62,3.671,earnings,"2.02,9.01"
VRT,2026-02-11,NYSE,Electronic Technology,Electronic Production Equipment,95608.0,199.62,16.85,24.49,6.54,7.27,0.92,3.82,0.72,5,5.73,6.3,38.9,0.98,11.9,0.0,100,1.4,4.41,4.21,11.14,13.77,18.66,-2.66,False,True,248.51,6.24,-1.0,2,-1.0,2,-1.0,2,-1.0,earnings,"2.02,7.01,9.01"
ABNB,2026-08-07,NASDAQ,Consumer Services,Hotels/Resorts/Cruise lines,93985.4,151.64,8.61,17.43,8.12,9.2,0.97,4.41,0.91,1,2.58,8.0,25.0,1.0,5.2,0.0,100,12.14,9.35,11.75,13.72,10.47,17.46,7.73,True,True,178.07,8.21,0.433,14,0.265,20,0.0,21,0.335,earnings,"2.02,9.01"
CEG,2025-06-03,NASDAQ,Utilities,Electric Utilities,93742.6,313.43,9.12,-0.13,-8.47,10.5,0.11,3.43,0.67,5,3.71,35.3,23.7,0.65,-2.8,1.3,100,-12.42,-12.63,-14.91,-10.61,-10.34,-3.96,-16.37,False,False,,,,,,,,,,none,
JCI,2025-11-05,NYSE,Producer Manufacturing,Industrial Machinery,90509.9,111.04,8.91,8.84,-0.06,4.28,0.57,3.6,1.08,1,2.29,6.5,23.7,1.0,3.8,0.0,100,1.09,1.36,1.43,-5.38,-5.57,2.36,-7.21,False,False,,,,,,,,,,earnings,"2.02,9.01"
LITE,2025-11-05,NASDAQ,Producer Manufacturing,Electrical Products,87322.1,188.36,16.0,23.57,6.52,13.01,0.71,3.41,1.21,0,6.27,69.5,184.4,0.59,1.9,0.0,40,9.69,18.94,16.16,23.08,50.05,51.17,-1.44,True,True,232.75,8.49,0.0,6,0.0,6,0.0,6,0.458,earnings,"2.02,9.01"
BE,2025-07-24,NYSE,Electronic Technology,Electronic Production Equipment,85781.1,26.89,13.24,22.95,8.57,13.41,0.79,6.03,0.61,5,5.85,55.8,5.3,0.71,2.1,0.0,90,12.78,14.12,22.79,20.85,47.22,55.04,6.8,True,True,33.06,9.56,0.0,6,0.0,6,0.0,6,0.178,filing-other,
MNST,2026-05-08,NASDAQ,Consumer Non-Durables,Beverages: Non-Alcoholic,81770.8,37.985,11.23,13.58,2.12,6.78,0.56,3.32,0.89,2,1.93,-8.0,11.9,1.0,-3.3,2.9,100,2.26,1.69,3.07,2.71,4.7,7.03,-1.47,True,True,43.145,3.66,0.0,7,0.0,7,0.0,7,-0.038,earnings,"2.02,7.01,9.01"
HPE,2025-06-30,NYSE,Electronic Technology,Computer Processing Hardware,81625.8,18.41,12.38,11.08,-1.16,4.22,0.39,3.3,0.71,1,2.63,16.6,-15.9,0.87,-16.1,34.2,100,-1.01,3.14,0.63,-1.98,0.77,4.98,-3.0,False,False,,,,,,,,,,filing-other,
HPE,2026-05-29,NYSE,Electronic Technology,Computer Processing Hardware,81625.8,38.21,11.96,12.64,0.61,7.36,0.5,5.32,1.06,9,4.04,78.0,78.9,0.7,10.9,0.0,61,9.86,28.92,15.01,12.6,3.81,50.19,-0.82,True,True,43.04,3.53,1.612,8,2.421,18,0.0,20,3.73,filing-other,
HPE,2026-06-02,NYSE,Electronic Technology,Computer Processing Hardware,81625.8,47.0,34.17,19.47,-10.96,20.16,0.25,7.03,1.33,5,4.68,117.2,114.9,0.51,31.5,0.0,34,-12.54,-21.98,-23.45,-23.28,-30.3,-11.21,-32.71,False,False,,,,,,,,,,earnings,"1.01,2.02,5.02,7.01,9.01"
MRNA,2026-08-19,NASDAQ,Health Technology,Biotechnology,81228.5,62.96,84.28,176.97,50.3,54.34,0.96,36.28,4.09,13,5.89,37.7,35.1,0.56,35.5,0.0,96,14.91,19.71,29.0,29.99,36.24,39.6,10.85,True,True,174.38,34.36,-0.481,12,-0.48,19,,,-0.518,none,
UPS,2025-10-28,NYSE,Transportation,Air Freight/Couriers,79913.9,89.22,10.35,8.0,-2.12,5.86,0.24,3.96,0.73,1,2.06,2.3,-7.8,1.0,-32.1,52.8,100,-1.07,-2.06,-5.28,-3.47,-3.97,-0.15,-7.73,False,False,,,,,,,,,,earnings,"2.02,9.01"
SNPS,2025-09-18,NASDAQ,Technology Services,Packaged Software,79546.5,425.4,8.13,12.86,4.37,7.87,0.91,3.06,0.39,2,3.31,-10.2,-5.5,0.79,-29.4,66.2,100,7.72,6.59,5.91,2.42,-4.3,12.1,-6.09,False,True,480.11,6.69,0.0,4,0.479,1,0.479,1,0.106,filing-other,5.02
WBD,2025-06-09,NASDAQ,Consumer Services,Cable/Satellite TV,77455.2,9.82,8.15,-2.95,-10.26,18.34,0.09,4.03,1.58,0,3.7,-7.3,-7.8,0.83,-16.4,23.8,100,-5.74,-4.33,1.32,2.64,8.19,10.92,-14.22,False,False,,,,,,,,,,other-8k,"8.01,9.01"
WBD,2025-09-12,NASDAQ,Consumer Services,Cable/Satellite TV,77455.2,16.17,8.41,16.7,7.64,12.25,0.78,4.84,0.96,1,4.95,59.2,63.5,0.95,1.7,0.0,100,11.01,2.62,10.27,11.29,-2.45,15.46,-2.57,False,True,18.87,8.74,0.0,11,0.0,11,0.0,11,-0.178,filing-other,
CMCSA,2026-06-29,NASDAQ,Consumer Services,Cable/Satellite TV,76650.6,23.17,16.75,4.53,-10.46,12.12,0.02,4.0,0.55,1,2.69,-18.2,-17.0,0.9,-21.3,66.7,100,-9.24,-12.05,-13.46,-14.27,-10.57,-7.43,-21.33,False,False,,,,,,,,,,other-8k,"8.01,9.01"
ROST,2026-03-04,NASDAQ,Retail Trade,Apparel/Footwear Retail,74879.8,197.64,8.66,8.03,-0.57,4.97,0.68,3.06,0.42,2,1.97,11.3,30.7,1.0,4.0,0.0,100,0.04,-1.21,-0.88,-3.51,2.42,3.39,-4.89,False,False,,,,,,,,,,earnings,"2.02,9.01"
INTU,2025-05-23,NASDAQ,Technology Services,Packaged Software,71627.3,666.07,8.1,8.12,0.02,2.83,0.3,3.49,1.14,1,1.92,17.4,3.4,1.0,0.7,0.0,100,4.44,5.17,6.25,6.16,5.42,7.42,0.34,True,True,720.13,0.85,6.847,11,6.346,20,6.767,51,6.582,earnings,"2.02,8.01,9.01"
GM,2025-10-21,NYSE,Consumer Durables,Motor Vehicles,70608.5,58.0,9.93,14.86,4.49,8.32,0.82,5.56,1.02,10,2.67,9.2,28.4,1.0,2.6,0.0,100,5.57,9.25,9.58,4.88,6.54,14.29,3.34,True,True,66.62,6.39,0.376,9,0.303,19,3.3,75,0.489,earnings,"2.02,9.01"
CVNA,2025-07-31,NYSE,Retail Trade,Specialty Stores,70011.5,66.718,16.98,16.96,-0.02,7.78,0.22,3.6,0.81,11,3.74,36.5,35.9,0.89,7.2,0.0,100,-5.75,-10.12,-8.32,-12.21,-3.29,-1.53,-18.47,False,False,,,,,,,,,,earnings,"2.02,9.01"
CVNA,2025-12-08,NYSE,Retail Trade,Specialty Stores,70011.5,79.954,8.71,12.06,3.08,7.69,0.72,3.99,1.07,5,5.55,6.6,17.6,0.98,5.1,0.0,100,5.0,8.77,3.06,-0.23,3.72,11.67,-10.06,False,True,89.596,5.28,0.095,9,-1.0,11,-1.0,11,0.412,filing-other,
RCL,2026-01-29,NYSE,Consumer Services,Hotels/Resorts/Cruise lines,69716.7,291.6,8.42,18.65,9.44,11.95,0.85,3.54,0.64,2,3.11,-0.5,-11.9,1.0,-13.7,20.1,100,2.69,3.21,3.14,5.27,-1.64,12.73,-5.0,False,True,345.98,9.23,-0.383,9,-0.85,13,-1.0,14,-0.461,earnings,"2.02,9.01"
NBIS,2025-08-07,NASDAQ,Technology Services,Packaged Software,64526.2,55.09,16.85,18.55,1.46,11.3,0.27,3.96,0.75,5,6.27,100.7,62.4,0.68,10.7,0.0,65,6.85,17.03,6.35,2.81,1.71,18.01,-3.67,False,True,65.31,2.96,0.974,8,0.0,9,0.0,9,2.38,filing-other,
NBIS,2025-09-09,NASDAQ,Technology Services,Packaged Software,64526.2,64.06,51.73,49.42,-1.52,14.58,0.76,7.12,1.5,3,6.12,21.8,144.4,0.63,28.0,0.0,78,-3.92,-6.99,-7.99,10.91,21.09,39.67,-10.72,True,False,,,,,,,,,,equity-sale,
URI,2026-04-23,NYSE,Finance,Finance/Rental/Leasing,63147.5,802.79,17.47,22.92,4.64,6.31,0.88,3.11,0.58,1,2.92,-16.0,-19.9,0.97,-7.7,11.1,100,3.33,2.09,1.78,0.12,-1.15,6.16,-3.38,False,True,986.78,5.25,-1.0,7,-1.0,7,-1.0,7,-0.822,earnings,"2.02,7.01,9.01"
TER,2025-07-30,NASDAQ,Electronic Technology,Electronic Production Equipment,63008.4,90.55,16.76,18.88,1.82,7.83,0.64,5.3,1.62,1,3.29,20.9,-25.7,1.0,-26.7,39.7,100,1.61,-0.01,-0.8,7.83,10.65,13.33,-3.13,False,True,107.65,4.8,-1.0,2,-1.0,2,-1.0,2,-1.0,earnings,"2.02,9.01"
TER,2025-10-29,NASDAQ,Electronic Technology,Electronic Production Equipment,63008.4,144.38,17.75,20.47,2.31,9.3,0.78,3.46,0.61,2,3.85,34.4,94.6,0.7,12.8,0.0,94,4.04,7.68,10.34,5.45,5.51,12.68,-10.88,False,True,173.94,6.77,0.279,9,0.0,11,0.0,11,0.444,earnings,"2.02,5.02,7.01,9.01"
ALAB,2025-07-21,NASDAQ,Electronic Technology,Semiconductors,62079.9,102.13,8.47,19.35,10.03,12.23,0.83,3.05,0.57,4,6.7,73.2,-20.1,0.75,-24.8,15.8,76,5.53,9.84,11.98,24.51,68.29,80.06,-2.83,False,True,121.89,9.21,-1.0,1,-1.0,1,-1.0,1,-1.0,filing-other,
ALAB,2025-08-06,NASDAQ,Electronic Technology,Semiconductors,62079.9,135.54,21.73,28.66,5.7,14.43,0.6,3.02,0.7,0,7.22,89.9,33.2,0.75,11.9,0.0,70,3.58,8.75,17.36,4.52,13.92,20.9,-2.18,True,True,174.39,7.98,0.0,9,0.0,9,0.0,9,0.121,earnings,"2.02,9.01"
KEYS,2026-02-24,NYSE,Electronic Technology,Electronic Equipment/Instruments,61398.8,245.0,13.36,23.05,8.56,9.96,0.86,5.3,1.58,1,3.22,44.4,46.8,0.92,12.0,0.0,100,8.81,10.66,8.94,2.82,7.51,14.14,-4.69,False,True,301.48,7.88,0.0,5,0.0,5,0.0,5,0.082,earnings,"2.02,9.01"
NXPI,2026-04-29,NASDAQ,Electronic Technology,Semiconductors,59629.3,230.39,22.15,25.55,2.79,5.32,0.76,3.66,1.02,1,3.21,-4.0,4.0,0.98,9.8,0.0,100,4.33,3.32,7.87,6.04,17.37,20.8,-0.58,True,True,289.25,3.87,0.0,6,0.0,6,0.0,6,0.045,earnings,"2.02,9.01"
FIX,2025-07-25,NYSE,Industrial Services,Engineering & Construction,58600.3,562.83,18.21,22.37,3.52,7.89,0.79,3.77,0.87,6,3.06,49.6,2.8,0.9,17.7,0.0,100,4.16,5.66,4.51,3.98,3.63,10.21,-1.4,True,True,688.74,5.88,0.14,9,0.0,13,0.0,13,0.21,earnings,"2.02,8.01,9.01"
COHR,2025-11-06,NYSE,Electronic Technology,Semiconductors,57224.1,134.63,14.16,18.32,3.64,7.95,0.73,3.08,0.37,4,5.37,16.6,90.7,0.67,8.7,0.0,98,0.53,2.8,-8.93,-11.77,18.28,22.55,-15.15,False,True,159.3,5.51,-1.0,1,-1.0,1,-1.0,1,-1.0,earnings,"2.02,7.01,9.01"
GRMN,2026-02-18,NYSE,Electronic Technology,Telecommunications Equipment,55971.6,216.98,15.77,9.44,-5.47,8.73,0.06,3.12,0.66,2,2.79,11.8,-6.7,1.0,-4.0,2.8,100,-4.53,-1.63,0.32,-0.0,-7.8,1.88,-8.11,False,False,,,,,,,,,,earnings,"2.02,9.01"
DAL,2025-07-10,NYSE,Transportation,Airlines,55812.5,50.7,10.85,11.99,1.03,5.51,0.66,4.9,1.13,2,3.51,41.3,-15.6,0.86,-19.7,35.9,100,0.8,-0.87,0.25,-2.65,-4.57,3.74,-10.23,False,True,56.78,3.49,-1.0,1,-1.0,1,-1.0,1,-1.0,earnings,"2.02,9.01"
DAL,2025-10-09,NYSE,Transportation,Airlines,55812.5,57.12,8.37,4.29,-3.76,5.72,0.2,3.73,0.62,4,2.87,0.8,29.0,1.0,-11.5,17.1,100,-7.14,-1.02,-2.42,-5.06,-6.61,1.63,-11.1,False,False,,,,,,,,,,earnings,"2.02,9.01"
NUE,2025-06-02,NYSE,Non-Energy Minerals,Steel,53597.1,109.36,12.39,10.1,-2.04,6.67,0.32,3.51,0.71,3,2.42,-18.4,-29.0,1.0,-27.9,59.2,100,-0.48,-3.38,-0.31,-1.01,9.11,9.55,-6.15,False,False,,,,,,,,,,filing-other,
D,2026-05-18,NYSE,Utilities,Electric Utilities,53334.5,61.73,11.19,9.44,-1.57,3.79,0.44,8.82,2.13,2,1.85,-6.0,1.4,1.0,1.6,0.0,100,-0.74,-0.51,-1.98,-3.16,-0.2,0.89,-5.96,False,False,,,,,,,,,,agreement,"1.01,7.01,9.01"
NKE,2025-06-27,NYSE,Consumer Non-Durables,Apparel/Footwear,53168.6,62.54,11.59,15.19,3.22,6.46,0.52,8.07,1.52,7,2.51,-5.0,-18.5,1.0,-22.2,51.1,100,1.79,9.46,9.66,3.52,13.54,14.62,0.39,True,True,72.04,3.26,0.251,9,0.0,10,0.0,10,0.784,earnings,"2.02,9.01"
CAH,2025-10-30,NYSE,Distribution Services,Medical Distributors,51848.5,164.47,10.32,15.43,4.63,7.56,0.61,3.08,0.77,1,2.02,5.4,13.0,1.0,7.7,0.0,100,5.14,7.66,9.12,13.57,16.99,18.46,3.7,True,True,189.84,4.42,2.162,21,1.82,22,1.342,48,1.66,earnings,"2.02,7.01,9.01"
CIEN,2025-09-04,NYSE,Electronic Technology,Telecommunications Equipment,50330.7,94.82,21.28,23.31,1.67,10.01,0.54,6.13,0.97,8,3.26,13.0,26.0,0.95,13.4,0.0,100,1.47,6.25,15.22,20.03,32.75,33.57,-1.17,True,True,116.92,5.15,3.364,15,11.641,53,61.676,189,2.534,earnings,"2.02,9.01"
COIN,2025-05-13,NASDAQ,Finance,Investment Banks/Brokers,50134.3,207.22,11.82,23.97,10.87,12.5,0.88,4.54,0.92,3,4.38,-22.4,-18.9,0.81,-33.7,52.3,100,13.68,15.0,12.8,9.74,8.19,19.55,3.58,True,True,256.9,9.89,0.0,10,0.0,10,0.0,10,0.125,filing-other,
CRWV,2026-08-12,NASDAQ,Technology Services,Packaged Software,47393.5,90.32,20.35,19.28,-0.89,6.06,0.36,3.19,1.05,1,8.7,-16.2,-5.0,0.65,-29.0,31.6,100,-2.22,-2.48,-16.4,-19.03,-18.01,8.09,-27.3,False,False,,,,,,,,,,earnings,"2.02,9.01"
VST,2026-01-09,NYSE,Utilities,Electric Utilities,47267.5,150.6,15.76,10.47,-4.57,5.34,0.06,3.27,0.44,0,4.7,-28.3,-23.4,0.89,-20.7,38.5,100,-1.0,-3.07,-4.43,-8.9,-12.25,4.72,-20.54,False,False,,,,,,,,,,other-8k,7.01
EBAY,2025-07-31,NASDAQ,Retail Trade,Internet Retail,46818.4,77.56,13.72,18.3,4.02,5.74,0.79,3.74,0.92,2,1.85,13.8,17.5,1.0,5.6,0.0,100,4.01,3.49,5.46,11.66,5.22,14.68,0.85,True,True,91.75,4.36,1.7,17,0.722,18,0.0,21,1.094,earnings,"2.02,9.01"
HUM,2025-04-08,NYSE,Health Services,Managed Health Care,46455.5,254.71,14.69,10.69,-3.48,6.6,0.4,3.21,0.24,8,3.15,-3.6,6.1,1.0,-9.9,11.2,100,-2.26,1.0,-1.83,-9.76,-13.35,2.01,-16.59,False,False,,,,,,,,,,filing-other,
HUM,2026-04-07,NYSE,Health Services,Managed Health Care,46455.5,182.65,10.59,7.94,-2.4,7.08,0.53,3.28,0.52,6,3.65,-33.8,-35.6,0.76,-35.9,78.0,100,-1.79,-4.88,-2.87,7.6,18.58,22.19,-5.93,False,False,,,,,,,,,,none,
TEVA,2025-11-05,NYSE,Health Technology,Pharmaceuticals: Generic,46390.4,20.46,12.71,20.23,6.68,10.13,0.83,6.01,0.98,1,2.65,25.6,16.2,1.0,1.1,0.0,100,6.07,5.2,12.01,5.98,23.2,23.42,2.39,True,True,24.6,7.72,0.0,8,0.0,8,0.0,8,-0.06,earnings,"2.02,9.01"
PYPL,2025-10-28,NASDAQ,Commercial Services,Miscellaneous Commercial Services,46100.8,70.25,8.48,3.94,-4.19,8.77,0.03,5.59,1.42,0,3.58,0.8,5.9,1.0,-18.6,30.7,100,-8.57,-9.11,-13.29,-11.56,-19.67,-4.57,-23.89,False,False,,,,,,,,,,earnings,"2.02,7.01,9.01"
PYPL,2026-07-15,NASDAQ,Commercial Services,Miscellaneous Commercial Services,46100.8,47.37,15.78,17.2,1.23,4.57,0.85,5.66,0.64,5,3.18,-1.3,-17.3,1.0,-31.0,46.5,100,3.44,3.6,1.21,6.39,7.94,9.38,0.16,True,True,55.52,3.75,2.861,31,0.0,32,0.0,32,2.116,filing-other,
VEEV,2025-05-29,NYSE,Technology Services,Packaged Software,45102.9,234.49,14.54,19.0,3.89,8.08,0.69,5.23,1.53,1,2.29,6.1,8.3,1.0,3.7,0.0,100,4.14,6.02,7.95,5.05,5.52,8.6,1.76,True,True,279.04,5.27,0.0,7,0.0,7,0.0,7,0.129,earnings,"2.02,9.01"
VEEV,2026-05-01,NYSE,Technology Services,Packaged Software,45102.9,155.97,11.57,10.02,-1.39,2.98,0.31,3.67,1.25,0,4.25,-23.5,-45.6,1.0,-44.0,87.8,100,-2.18,-3.83,-4.41,-8.71,8.41,10.31,-12.19,False,False,,,,,,,,,,none,
VEEV,2026-08-27,NYSE,Technology Services,Packaged Software,45102.9,244.91,12.43,15.2,2.46,7.8,0.34,3.97,0.18,7,3.37,49.0,33.9,0.63,-11.3,11.1,91,0.48,1.41,3.28,-4.71,1.93,5.49,-6.35,False,True,282.13,2.59,-1.0,2,-1.0,2,-1.0,2,-1.0,earnings,"2.02,9.01"
TWLO,2025-10-31,NYSE,Technology Services,Packaged Software,44656.6,112.86,12.4,19.51,6.33,11.44,0.77,4.03,0.41,5,3.84,-9.9,12.7,0.94,-16.5,12.2,100,7.29,3.59,0.65,-1.17,0.56,8.85,-9.56,False,True,134.88,8.07,-1.0,5,-1.0,5,-1.0,5,-0.773,earnings,"2.02,9.01"
TWLO,2026-05-01,NYSE,Technology Services,Packaged Software,44656.6,148.06,20.07,23.83,3.13,7.67,0.94,3.25,0.3,3,5.07,22.9,32.7,0.92,15.0,0.0,100,6.69,7.67,13.46,11.54,28.0,30.15,1.46,True,True,183.34,6.73,1.023,12,0.0,14,0.0,14,0.9,earnings,"2.02,9.01"
TWLO,2026-08-07,NYSE,Technology Services,Packaged Software,44656.6,193.2,21.77,24.89,2.56,12.1,0.52,4.29,0.33,4,4.99,-2.0,77.2,0.94,-1.4,0.6,100,6.3,4.83,1.25,-4.23,-0.96,9.82,-8.27,False,True,241.28,5.91,0.0,5,0.0,5,0.0,5,0.125,earnings,"2.02,9.01"
TEAM,2026-05-01,NASDAQ,Technology Services,Packaged Software,44542.3,68.59,20.89,29.58,7.19,9.97,0.83,3.86,1.15,1,6.29,-42.0,-56.9,0.78,-65.7,63.4,100,12.35,7.09,10.47,5.48,39.83,43.97,-5.69,False,True,88.88,7.68,-0.568,7,-1.0,8,-1.0,8,-0.383,earnings,"2.02,9.01"
TEAM,2026-08-07,NASDAQ,Technology Services,Packaged Software,44542.3,110.17,31.74,35.31,2.71,8.26,0.65,4.88,0.73,8,6.55,19.3,11.9,0.86,-23.5,24.6,100,4.64,6.96,11.77,18.38,30.62,36.84,-0.09,True,True,149.07,5.07,3.618,21,5.115,34,,,2.684,earnings,"2.02,8.01,9.01"
XYZ,2026-02-27,NYSE,Commercial Services,Miscellaneous Commercial Services,44489.0,54.53,15.7,16.82,0.97,8.04,0.51,4.77,0.29,2,4.66,-14.4,-31.3,0.83,-23.5,53.8,100,2.16,3.41,5.14,-5.23,-11.27,7.37,-11.46,False,True,63.7,3.92,-1.0,1,-1.0,1,-1.0,1,-1.0,earnings,"2.02,2.05,9.01"
IQV,2026-07-28,NYSE,Health Technology,Biotechnology,44275.8,213.22,10.21,13.94,3.38,6.55,0.69,3.52,0.72,6,2.95,30.1,-10.9,0.95,-4.9,4.9,100,5.34,0.01,-2.89,3.76,10.39,11.44,-3.34,False,True,242.94,4.3,-1.0,3,-1.0,3,-1.0,3,-0.92,earnings,"2.02,9.01"
RVMD,2025-05-08,NASDAQ,Health Technology,Pharmaceuticals: Other,43827.5,37.66,8.26,11.29,2.8,7.72,0.44,3.24,0.92,1,5.33,-13.6,-32.6,0.94,-34.7,58.3,100,-0.86,-2.01,-3.26,-4.83,0.78,4.49,-10.4,False,True,41.91,3.27,-1.0,1,-1.0,1,-1.0,1,-1.0,earnings,"2.02,9.01"
RVMD,2026-01-09,NASDAQ,Health Technology,Pharmaceuticals: Other,43827.5,107.39,11.74,10.48,-1.13,10.79,0.75,6.88,0.79,3,5.23,125.5,182.5,0.65,6.7,0.0,34,-2.36,1.02,0.23,-18.52,-19.38,3.74,-22.92,False,False,,,,,,,,,,filing-other,
RVMD,2026-04-13,NASDAQ,Health Technology,Pharmaceuticals: Other,43827.5,96.43,37.16,41.35,3.05,7.72,0.95,6.95,0.56,5,3.34,-18.7,102.5,0.84,6.2,0.0,100,11.15,12.86,10.56,-0.45,8.99,17.72,-0.94,True,True,136.3,6.82,0.0,8,0.0,8,0.0,8,0.465,equity-sale,8.01
P,2025-08-28,NYSE,Electronic Technology,Computer Peripherals,43336.2,60.86,14.55,32.34,15.53,16.93,0.99,9.24,1.54,3,3.24,13.5,14.4,1.0,-5.4,2.3,100,11.32,11.73,13.65,18.05,18.2,27.8,6.86,True,True,80.54,14.33,0.373,18,0.161,20,0.601,52,0.172,earnings,"2.02,9.01"
FERG,2025-06-03,NYSE,Distribution Services,Wholesale Distributors,43308.3,180.29,11.69,17.23,4.97,5.41,0.96,3.45,0.84,2,1.92,7.0,-15.5,1.0,-9.8,12.7,100,7.35,4.79,7.64,5.16,9.95,10.05,4.68,True,True,211.36,4.92,0.0,3,0.0,3,0.0,3,-0.012,earnings,"2.02,9.01"
FERG,2025-09-16,NYSE,Distribution Services,Wholesale Distributors,43308.3,214.53,9.64,7.93,-1.56,5.08,0.65,3.19,0.82,2,2.15,0.6,32.0,1.0,-3.4,1.4,100,-4.56,-2.46,-0.74,-4.52,2.22,3.47,-5.11,False,False,,,,,,,,,,earnings,"2.02,5.03,8.01"
ADSK,2025-08-29,NASDAQ,Technology Services,Packaged Software,42464.6,288.49,10.23,9.09,-1.04,6.25,0.39,3.35,0.96,3,2.02,-2.6,5.2,1.0,-2.6,1.4,100,0.36,0.61,2.76,0.97,1.27,3.49,-1.7,True,False,,,,,,,,,,earnings,"2.02,7.01,9.01"
FLEX,2026-05-06,NASDAQ,Electronic Technology,Electronic Production Equipment,42049.1,96.45,24.26,39.69,12.42,13.44,0.98,5.09,0.61,6,3.77,63.9,50.9,0.71,24.1,0.0,82,10.98,21.04,19.98,9.74,33.09,39.22,1.21,True,True,134.73,11.68,0.0,4,0.0,4,0.0,4,0.219,earnings,"2.02,7.01,9.01"
IDXX,2025-08-04,NASDAQ,Health Technology,Medical Specialties,42025.0,535.54,23.66,27.49,3.1,6.9,0.88,6.06,1.52,3,2.13,13.5,26.9,1.0,14.3,0.0,100,-3.07,-1.84,-1.53,-3.68,-3.44,2.52,-5.86,False,True,682.78,5.72,-1.0,1,-1.0,1,-1.0,1,-1.0,earnings,"2.02,9.01"
IDXX,2025-11-03,NASDAQ,Health Technology,Medical Specialties,42025.0,629.51,10.09,14.84,4.32,6.26,0.72,3.94,0.5,10,1.99,-1.9,32.5,1.0,0.7,0.0,100,4.2,2.99,2.39,-3.46,5.73,11.11,-4.0,False,True,722.94,4.32,-0.688,8,-1.0,9,-1.0,9,-0.557,earnings,"2.02,9.01"
RKLB,2026-05-08,NASDAQ,Electronic Technology,Aerospace & Defense,41712.6,78.58,9.49,34.22,22.59,23.0,0.99,3.54,1.06,0,7.18,8.7,39.3,0.84,-13.6,6.3,100,36.4,44.3,45.02,57.8,32.1,75.51,20.88,True,True,105.47,18.58,0.863,15,0.471,17,0.0,21,0.893,earnings,"2.02,8.01,9.01"
NTAP,2026-05-29,NASDAQ,Electronic Technology,Computer Peripherals,41086.9,142.4,24.08,22.39,-1.36,12.05,0.11,5.84,2.07,0,4.07,43.8,27.7,0.89,23.0,0.0,100,1.7,2.48,-5.46,-8.53,-12.24,5.57,-15.52,False,False,,,,,,,,,,earnings,"2.02,8.01,9.01"
DHI,2025-07-22,NYSE,Consumer Durables,Homebuilding,38990.4,131.22,10.22,16.98,6.13,9.04,0.98,3.3,1.25,0,3.05,8.7,-11.1,1.0,-26.0,25.7,100,2.45,0.48,1.88,7.05,16.23,17.54,-2.46,True,True,153.5,8.14,-0.853,7,1.487,38,0.613,54,-0.787,earnings,"2.02,9.01"
CCJ,2025-10-28,NYSE,Non-Energy Minerals,Other Metals/Minerals,37839.1,86.62,16.06,23.42,6.35,12.41,0.73,4.8,1.54,1,4.72,11.4,90.7,0.95,2.8,0.0,100,6.11,1.67,-3.56,-7.97,-13.11,9.08,-22.71,False,True,106.91,8.33,-1.0,5,-1.0,5,-1.0,5,-0.842,filing-other,
UAL,2025-07-10,NASDAQ,Transportation,Airlines,36564.4,80.18,8.92,14.33,4.97,10.4,0.77,3.08,0.56,2,3.93,42.8,-18.7,0.95,-24.7,31.6,100,0.41,-1.09,4.45,2.75,0.74,8.29,-5.62,False,True,91.67,7.4,-0.286,10,-0.496,15,-1.0,16,-0.451,earnings,"1.02,2.02"
CRDO,2025-06-03,NASDAQ,Technology Services,Information Technology Services,36152.6,62.65,19.63,14.8,-4.04,13.54,0.06,5.95,1.12,5,5.41,15.3,37.1,0.6,-13.5,11.2,100,2.01,-2.66,-8.57,6.35,19.24,27.7,-10.94,False,False,,,,,,,,,,earnings,"2.02,9.01"
CRDO,2025-09-04,NASDAQ,Technology Services,Information Technology Services,36152.6,124.77,10.6,7.4,-2.9,6.3,0.15,3.31,0.62,3,6.32,63.2,167.0,0.54,2.7,0.0,43,2.05,8.0,15.45,24.87,8.43,28.05,-1.27,True,False,,,,,,,,,,earnings,"2.02,9.01"
OKTA,2026-05-29,NASDAQ,Technology Services,Packaged Software,35817.3,94.72,13.53,30.14,14.63,17.17,0.92,5.2,0.61,0,4.55,30.6,16.7,0.9,-4.1,0.0,100,29.99,15.92,10.4,8.14,22.11,32.38,-0.5,True,True,123.27,13.6,0.0,4,0.0,4,0.0,4,0.027,earnings,"2.02,7.01,9.01"
OKTA,2026-08-27,NASDAQ,Technology Services,Packaged Software,35817.3,134.42,23.61,28.63,4.07,11.73,0.89,5.92,0.93,4,4.57,41.9,78.6,0.9,5.8,0.0,100,0.05,0.17,2.57,0.21,17.48,27.9,-5.07,True,True,172.91,9.49,-0.391,10,,,,,-0.392,earnings,"2.02,9.01"
KVUE,2025-11-03,NYSE,Consumer Non-Durables,Household/Personal Care,34401.1,14.37,18.75,12.32,-5.42,6.48,0.0,5.37,1.5,1,4.11,-33.6,-39.2,0.57,-32.2,79.0,100,-6.42,-3.55,-1.73,-4.83,-1.2,2.84,-6.94,False,False,,,,,,,,,,earnings,"1.01,2.02,5.02,7.01,9.01"
EL,2026-08-19,NYSE,Consumer Non-Durables,Household/Personal Care,34142.9,84.27,11.24,16.3,4.56,6.76,0.71,5.99,0.7,9,2.71,10.7,-24.5,1.0,-22.9,33.9,100,2.57,11.08,12.08,7.9,0.13,15.62,-0.34,False,True,98.01,4.6,0.441,9,0.0,14,0.0,14,0.746,earnings,"2.02,9.01"
AXON,2025-08-05,NASDAQ,Electronic Technology,Aerospace & Defense,34085.6,744.88,9.82,16.41,6.0,10.33,0.77,4.11,0.36,4,3.55,19.9,13.2,0.95,-1.5,1.0,100,5.58,3.0,-6.04,-7.3,-11.33,8.19,-12.81,False,True,867.12,7.4,-1.0,5,-1.0,5,-1.0,5,-0.795,earnings,"2.02,9.01"
AXON,2026-02-25,NASDAQ,Electronic Technology,Aerospace & Defense,34085.6,442.51,12.64,17.55,4.36,10.77,0.41,4.48,0.91,1,6.1,-15.2,-42.0,0.7,-43.7,87.9,100,10.38,14.76,14.32,3.84,-7.68,18.05,-10.1,False,True,520.18,4.21,0.447,9,0.0,10,0.447,9,1.088,earnings,"2.02,9.01"
ALNY,2026-07-09,NASDAQ,Health Technology,Pharmaceuticals: Major,33996.9,323.5,17.0,-3.31,-17.36,22.15,0.02,4.86,0.47,2,3.23,-1.1,-20.4,1.0,-23.6,45.7,100,-21.07,-25.69,-25.19,-29.0,-42.9,-14.8,-47.74,False,False,,,,,,,,,,none,
UI,2025-08-22,NYSE,Electronic Technology,Telecommunications Equipment,33854.7,390.57,15.87,30.64,12.74,16.82,0.95,6.14,2.18,0,4.91,-0.4,22.1,0.95,-7.4,4.1,100,14.88,15.85,16.7,28.94,41.89,43.61,12.08,True,True,510.23,13.76,2.062,34,2.579,42,1.452,54,1.441,earnings,"2.02,8.01,9.01"
RKT,2025-07-23,NYSE,Finance,Finance/Rental/Leasing,33101.9,16.0,8.25,1.31,-6.41,9.14,0.23,3.96,1.24,1,4.21,29.7,33.7,0.97,-12.3,2.5,100,-14.2,-13.16,-15.36,4.62,2.54,13.54,-16.28,False,False,,,,,,,,,,filing-other,
EXPE,2025-08-08,NASDAQ,Consumer Services,Other Consumer Services,31964.6,187.61,12.79,4.08,-7.72,11.43,0.19,4.31,0.74,4,2.46,11.0,8.7,1.0,1.9,0.0,100,-8.97,-0.91,-1.97,1.52,2.65,3.54,-9.11,True,False,,,,,,,,,,earnings,"2.02,8.01,9.01"
EXPE,2025-11-07,NASDAQ,Consumer Services,Other Consumer Services,31964.6,219.7,12.43,17.55,4.55,7.5,0.68,4.25,0.82,4,3.66,14.1,40.2,1.0,2.5,0.0,100,8.52,10.79,7.15,0.2,7.05,13.2,-5.13,False,True,258.25,4.83,0.0,6,0.0,6,0.0,6,0.411,earnings,"2.02,8.01,9.01"
TECK,2025-09-09,NYSE,Non-Energy Minerals,Other Metals/Minerals,31815.6,35.11,15.78,11.28,-3.89,7.75,0.17,9.49,3.3,0,2.77,-10.0,-6.0,0.94,-23.3,38.1,100,-0.49,3.05,-1.13,-4.99,4.31,9.86,-6.42,False,False,,,,,,,,,,filing-other,
VG,2026-03-02,NYSE,Industrial Services,Oil & Gas Pipelines,31351.2,9.69,15.58,17.44,1.61,8.96,0.45,4.37,0.93,2,6.36,35.9,-24.4,0.44,-42.6,33.5,91,2.32,9.64,2.77,9.64,50.8,57.32,-6.25,False,True,11.38,3.87,-1.0,2,-1.0,2,-1.0,2,-1.0,earnings,"2.02,9.01"
VG,2026-03-03,NYSE,Industrial Services,Oil & Gas Pipelines,31351.2,11.38,16.87,0.7,-13.83,19.59,0.1,4.29,1.02,3,6.43,52.5,-12.5,0.43,-31.8,20.9,75,-16.09,-6.17,-14.29,-2.48,18.5,32.48,-21.05,False,False,,,,,,,,,,earnings,"2.02,9.01"
RBLX,2025-07-31,NYSE,Technology Services,Packaged Software,29418.0,124.94,19.74,10.28,-7.89,11.01,0.14,3.05,0.47,1,4.05,86.3,78.3,0.51,16.9,0.0,48,-16.42,-15.03,-13.35,-16.26,-15.19,-9.71,-25.13,False,False,,,,,,,,,,earnings,"2.02,5.02,7.01,8.01,9.01"
RDDT,2025-08-01,NYSE,Technology Services,Internet Software/Services,27966.8,160.59,13.33,17.47,3.65,10.64,0.57,3.81,0.72,2,4.98,35.2,-19.3,0.6,-21.0,8.0,100,10.86,16.93,18.37,35.44,23.67,39.09,3.84,True,True,188.64,5.76,2.735,13,2.066,18,1.284,42,2.565,earnings,"2.02,9.01"
RDDT,2025-10-31,NYSE,Technology Services,Internet Software/Services,27966.8,194.42,12.75,7.47,-4.68,10.82,0.02,3.06,0.47,10,5.02,-3.6,70.8,0.86,-22.5,10.8,100,-6.49,-10.46,-11.23,-11.81,1.92,3.22,-20.82,False,False,,,,,,,,,,earnings,"2.02,9.01"
RDDT,2026-05-01,NYSE,Technology Services,Internet Software/Services,27966.8,147.23,12.42,13.07,0.59,10.55,0.61,3.3,0.48,4,5.03,-18.3,-30.1,0.94,-41.5,45.0,100,2.15,0.63,-5.87,-4.43,7.46,10.35,-15.68,False,True,166.48,6.0,-1.0,5,-1.0,5,-1.0,5,-0.664,earnings,"2.02,9.01"
RDDT,2026-08-14,NYSE,Technology Services,Internet Software/Services,27966.8,158.12,11.17,12.63,1.31,5.91,0.4,4.03,0.72,2,5.89,1.2,20.6,0.84,-37.9,54.9,100,-6.42,-13.69,-12.79,-12.96,-7.62,1.46,-18.38,False,True,178.09,2.3,-1.0,1,-1.0,1,-1.0,1,-1.0,filing-other,
MDB,2025-06-05,NASDAQ,Technology Services,Packaged Software,27162.8,199.73,17.53,12.84,-3.99,6.81,0.22,5.62,0.93,3,3.08,3.5,-38.6,0.92,-36.6,50.9,100,-6.22,-9.25,-10.26,-14.16,-10.54,-2.91,-16.51,False,False,,,,,,,,,,earnings,"2.02,9.01"
MDB,2025-08-27,NASDAQ,Technology Services,Packaged Software,27162.8,214.34,31.59,37.96,4.84,7.84,0.93,8.41,1.46,5,4.89,13.7,-20.1,0.97,-23.8,14.9,100,12.78,12.85,14.18,17.75,11.8,22.27,5.3,True,True,295.7,6.78,0.982,14,0.978,19,1.666,60,1.03,earnings,"2.02,9.01"
MDB,2025-12-02,NASDAQ,Technology Services,Packaged Software,27162.8,328.87,23.7,22.23,-1.19,5.0,0.12,5.64,0.46,8,4.56,5.1,69.7,1.0,5.5,0.0,100,-0.22,0.69,1.78,3.61,3.16,8.32,-3.27,False,False,,,,,,,,,,earnings,"2.02,9.01"
MDB,2026-05-28,NASDAQ,Technology Services,Packaged Software,27162.8,294.46,9.18,10.6,1.3,4.95,0.61,5.54,0.46,2,4.9,-12.5,-10.9,0.83,-27.7,35.4,100,4.37,23.94,18.25,10.24,-2.33,28.15,-9.62,False,True,325.68,2.91,-1.0,1,-1.0,1,-1.0,1,-1.0,earnings,"2.02,9.01"
DG,2025-06-03,NYSE,Retail Trade,Discount Stores,27056.4,97.17,10.08,15.85,5.24,7.1,0.86,4.25,1.34,2,2.77,33.3,27.4,0.94,4.2,0.0,100,4.5,6.1,4.0,5.95,7.95,8.69,2.42,True,True,112.57,5.77,-0.04,11,0.0,23,0.0,23,0.02,earnings,"2.02,5.07,7.01,9.01"
SMCI,2025-05-14,NASDAQ,Electronic Technology,Computer Processing Hardware,26948.7,38.89,18.1,15.71,-2.02,8.1,0.55,3.54,0.5,14,6.61,-2.0,58.6,0.78,-30.9,16.6,100,-4.29,-2.48,-9.32,-10.41,-5.6,4.07,-14.98,False,False,,,,,,,,,,filing-other,
SMCI,2026-02-04,NASDAQ,Electronic Technology,Computer Processing Hardware,26948.7,29.67,11.05,13.78,2.46,10.22,0.64,3.94,0.34,2,5.07,-41.5,-48.2,0.87,-50.4,82.3,100,-6.37,1.76,-2.76,-2.4,-2.15,5.31,-10.93,False,True,33.76,6.1,-1.0,1,-1.0,1,-1.0,1,-1.0,earnings,"2.02,9.01"
SMCI,2026-05-06,NASDAQ,Electronic Technology,Computer Processing Hardware,26948.7,27.83,12.97,24.54,10.24,11.54,0.99,3.69,0.52,3,5.24,-17.6,-45.2,0.73,-49.6,71.9,100,6.93,6.62,1.78,6.42,49.17,63.49,-6.27,False,True,34.66,10.21,-1.0,7,-1.0,7,-1.0,7,-0.774,earnings,"2.02,9.01"
SMCI,2026-08-12,NASDAQ,Electronic Technology,Computer Processing Hardware,26948.7,31.6,10.73,19.02,7.49,12.4,0.87,3.7,0.66,4,7.02,-3.6,-5.2,0.71,-40.5,30.2,100,11.92,9.4,4.54,6.86,6.83,20.92,-2.57,True,True,37.61,9.76,-0.665,8,0.0,20,0.0,20,-0.382,earnings,"2.02,9.01"
ARES,2025-12-09,NYSE,Finance,Investment Managers,26644.3,164.26,8.86,7.27,-1.46,3.56,0.43,8.43,2.03,2,3.16,-8.2,-2.6,0.84,-10.8,23.7,100,-0.3,-2.81,-2.91,-5.63,-1.71,1.33,-9.84,False,False,,,,,,,,,,none,
WST,2025-07-24,NYSE,Health Technology,Medical Specialties,26505.6,227.31,24.0,22.78,-0.98,7.54,0.42,4.15,0.53,7,2.79,4.2,-34.7,1.0,-20.0,33.7,100,-6.51,-10.26,-15.11,-14.66,-13.92,-0.79,-17.1,False,False,,,,,,,,,,earnings,"2.02,7.01,9.01"
WST,2026-04-23,NYSE,Health Technology,Medical Specialties,26505.6,274.41,12.24,12.86,0.55,5.65,0.38,3.2,0.99,0,2.69,10.7,-1.8,1.0,-4.4,0.0,100,-0.6,-5.16,-3.38,4.55,2.64,7.43,-5.71,False,True,309.7,2.1,-1.0,1,-1.0,1,-1.0,1,-1.0,earnings,"2.02,7.01,9.01"
ROIV,2025-09-17,NASDAQ,Health Technology,Pharmaceuticals: Major,26364.8,14.18,11.92,7.76,-3.72,5.45,0.07,4.22,1.48,0,2.95,27.6,32.4,0.9,9.6,0.0,100,-4.91,-5.86,-7.37,-0.76,7.06,7.94,-8.63,False,False,,,,,,,,,,other-8k,"7.01,8.01,9.01"
ROIV,2026-02-06,NASDAQ,Health Technology,Pharmaceuticals: Major,26364.8,21.14,15.78,22.14,5.5,8.25,0.93,4.27,0.89,4,3.33,4.5,83.0,1.0,2.4,0.0,100,13.05,9.5,8.07,13.42,20.65,22.7,5.09,True,True,25.82,7.15,1.099,16,1.213,24,1.256,52,0.91,earnings,"2.02,9.01"
HAL,2026-01-05,NYSE,Industrial Services,Oilfield Services/Equipment,26276.9,29.6,8.11,7.84,-0.25,5.9,0.4,4.84,0.83,4,2.6,21.8,41.7,0.89,5.3,0.0,100,-3.66,0.53,-0.31,0.19,5.84,11.09,-5.72,False,False,,,,,,,,,,filing-other,
GFS,2025-09-26,NASDAQ,Electronic Technology,Semiconductors,26263.2,32.84,11.48,8.37,-2.79,8.03,0.49,3.31,1.02,2,2.82,-14.5,-13.6,0.67,-23.2,64.1,100,1.15,-5.74,-2.19,-9.97,-3.52,4.71,-10.02,False,False,,,,,,,,,,none,
NVT,2025-08-01,NYSE,Electronic Technology,Electronic Components,26169.2,78.42,12.8,14.61,1.61,5.79,0.99,3.18,0.86,3,2.85,39.1,18.7,0.98,8.9,0.0,100,2.3,2.02,0.25,-0.5,2.19,5.08,-3.09,True,True,89.88,5.44,-0.016,9,0.0,20,0.0,20,0.014,earnings,"2.02,9.01"
ECHO,2025-06-16,NASDAQ,Communications,Specialty Telecommunications,26141.4,16.84,44.12,49.11,3.46,5.95,0.87,3.68,0.66,1,6.71,-36.0,-28.2,0.67,-25.3,42.1,100,0.45,3.5,4.0,16.85,19.86,36.09,-1.24,True,True,25.11,4.94,3.871,18,2.823,22,1.927,46,2.583,none,
ECHO,2025-08-26,NASDAQ,Communications,Specialty Telecommunications,26141.4,29.88,81.09,70.25,-5.99,9.03,0.05,19.32,1.95,10,5.04,47.6,5.4,0.7,58.2,0.0,96,8.59,14.19,18.11,47.64,35.1,57.77,-0.39,True,False,,,,,,,,,,agreement,"1.01,7.01,8.01,9.01"
ECHO,2025-09-08,NASDAQ,Communications,Specialty Telecommunications,26141.4,67.24,21.25,19.91,-1.1,11.89,0.57,4.41,0.52,3,5.33,284.7,138.9,0.75,16.2,0.0,40,2.5,-5.51,-11.76,-10.29,-5.83,4.71,-15.47,False,False,,,,,,,,,,agreement,"1.01,7.01,8.01,9.01"
DGX,2026-07-23,NYSE,Health Services,Services to the Health Industry,25603.3,209.83,8.7,8.61,-0.08,8.08,0.44,4.06,1.22,0,2.43,2.9,13.6,1.0,4.1,0.0,100,-0.1,3.44,2.72,4.56,5.79,7.71,-2.05,True,False,,,,,,,,,,earnings,"2.02,9.01"
INSM,2025-06-10,NASDAQ,Health Technology,Pharmaceuticals: Major,25251.5,70.68,25.41,28.65,2.58,6.81,0.84,7.05,1.15,1,3.63,-4.1,-6.2,1.0,4.4,0.0,100,10.54,11.38,13.13,18.29,9.05,20.52,2.5,True,True,90.93,5.42,2.193,11,1.221,17,15.339,133,1.989,equity-sale,"7.01,8.01,9.01"
INSM,2026-08-06,NASDAQ,Health Technology,Pharmaceuticals: Major,25251.5,99.02,29.49,33.86,3.38,9.16,0.55,4.28,0.51,6,3.53,-27.8,-35.0,0.98,-39.7,60.4,100,2.25,3.39,-1.47,-2.45,-1.2,5.68,-8.63,False,True,132.55,4.83,-1.0,5,-1.0,5,-1.0,5,-0.666,earnings,"2.02,9.01"
SYM,2025-11-25,NASDAQ,Producer Manufacturing,Industrial Machinery,25105.3,55.46,32.47,39.36,5.2,13.31,0.89,4.66,0.46,2,8.55,16.2,86.5,0.49,-12.5,3.9,89,18.83,16.1,-0.34,-17.99,-20.65,19.62,-23.98,False,True,77.29,10.56,0.0,4,0.0,4,0.0,4,0.327,earnings,"2.02,7.01,9.01"
CPNG,2026-06-11,NYSE,Retail Trade,Internet Retail,24895.5,15.12,8.2,14.09,5.44,9.37,0.95,3.01,0.69,1,4.71,-18.4,-43.9,0.83,-52.0,90.5,100,2.81,10.21,10.02,7.46,9.54,19.83,-0.31,True,True,17.25,8.2,0.0,6,0.0,6,-0.304,1,0.184,other-8k,"5.07,8.01"
FFIV,2025-07-31,NASDAQ,Technology Services,Packaged Software,24806.7,298.99,8.03,4.83,-2.97,6.85,0.04,3.79,0.61,1,1.8,12.9,-0.5,1.0,3.2,0.0,100,-4.82,-1.31,-1.79,-1.39,-1.42,1.5,-6.65,False,False,,,,,,,,,,earnings,"2.02,5.02,9.01"
GH,2025-08-07,NASDAQ,Health Technology,Medical Specialties,23850.7,44.59,16.69,13.01,-3.15,11.25,0.39,3.69,0.94,2,4.58,12.2,-6.3,0.9,-2.6,0.4,100,4.23,5.9,16.01,17.78,15.57,30.69,-1.13,True,False,,,,,,,,,,filing-other,
GH,2025-10-30,NASDAQ,Health Technology,Medical Specialties,23850.7,72.27,24.52,27.87,2.69,8.68,0.55,4.8,1.22,2,4.55,74.5,47.9,0.87,22.8,0.0,82,3.37,9.06,6.96,4.6,20.48,24.94,-1.46,True,True,92.41,4.53,0.0,4,0.0,4,0.0,4,0.456,earnings,"2.02,9.01"
RBRK,2025-12-05,NYSE,Technology Services,Information Technology Services,23792.3,70.43,23.58,22.49,-0.88,7.03,0.33,6.48,0.92,9,4.1,-26.3,-28.1,0.97,-15.5,26.4,100,2.37,3.3,-6.33,-10.18,-13.71,6.58,-17.44,False,False,,,,,,,,,,earnings,"2.02,9.01"
ULTA,2025-05-30,NASDAQ,Retail Trade,Specialty Stores,23426.4,421.79,10.99,11.78,0.7,5.39,0.18,6.32,1.31,4,2.1,15.1,16.3,0.98,1.8,0.0,100,1.61,-0.54,-0.54,-1.92,-0.07,2.82,-3.45,False,True,471.46,0.98,-1.0,1,-1.0,1,-1.0,1,-1.0,earnings,"2.02,9.01"
ULTA,2025-12-05,NASDAQ,Retail Trade,Specialty Stores,23426.4,533.95,8.43,12.65,3.89,6.42,0.72,5.84,0.74,5,2.96,2.7,14.7,1.0,1.2,0.0,100,1.79,3.75,3.91,3.27,12.28,13.12,-0.6,True,True,601.5,4.41,-0.586,8,1.879,34,1.968,60,-0.401,earnings,"2.02,9.01"
AFRM,2025-08-29,NASDAQ,Finance,Finance/Rental/Leasing,23383.3,79.99,15.01,10.59,-3.85,15.26,0.13,7.27,1.35,7,5.25,54.1,24.7,0.81,11.5,0.0,97,-10.63,-2.54,-6.65,-2.79,-16.78,1.3,-19.24,False,False,,,,,,,,,,earnings,"2.02,9.01"
ASTS,2025-10-08,NASDAQ,Communications,Specialty Telecommunications,23116.5,74.75,13.46,8.63,-4.26,14.53,0.12,3.48,1.24,0,8.02,70.0,268.2,0.68,11.6,0.0,45,2.33,6.71,12.83,-15.87,-17.01,21.2,-21.39,False,False,,,,,,,,,,agreement,"1.01,8.01,9.01"
ROKU,2026-02-13,NASDAQ,Technology Services,Packaged Software,22594.1,82.93,16.42,8.6,-6.72,11.52,0.35,4.21,0.78,3,4.71,-21.7,-5.2,0.92,-17.2,29.2,100,-8.25,-7.19,-12.56,1.6,-1.42,6.73,-13.56,False,False,,,,,,,,,,earnings,"2.02,9.01"
TROW,2025-09-04,NASDAQ,Finance,Investment Managers,22293.6,105.37,9.4,5.84,-3.26,6.98,0.13,3.85,0.89,6,1.7,12.3,4.7,1.0,-8.4,15.2,100,-6.18,-7.05,-8.32,-8.23,-11.77,-2.84,-12.67,False,False,,,,,,,,,,other-8k,"8.01,9.01"
IOT,2025-09-05,NYSE,Technology Services,Packaged Software,22235.4,35.84,12.7,17.44,4.21,11.67,0.83,4.93,0.81,3,4.03,-24.1,-14.4,0.94,-34.7,48.2,100,2.82,-4.06,-5.27,-0.77,-3.19,5.2,-11.44,False,True,42.09,8.79,-1.0,2,-1.0,2,-1.0,2,-1.0,earnings,"2.02,9.01"
IOT,2026-03-06,NYSE,Technology Services,Packaged Software,22235.4,29.58,8.82,19.54,9.85,13.16,0.95,3.68,1.12,1,6.11,-24.2,-17.5,0.54,-33.5,80.6,100,6.12,-0.34,-1.46,2.92,-2.3,10.44,-7.92,False,True,35.36,11.14,-1.0,3,-1.0,3,-1.0,3,-0.944,earnings,"2.02,9.01"
CASY,2025-06-10,NASDAQ,Retail Trade,Specialty Stores,22172.4,439.29,12.91,11.59,-1.17,5.77,0.32,3.38,1.65,0,2.15,16.0,4.6,1.0,4.4,0.0,100,0.71,2.04,2.34,1.84,5.56,6.21,-1.43,True,False,,,,,,,,,,earnings,"2.02,5.02,9.01"
IFF,2026-05-06,NYSE,Consumer Non-Durables,Food: Specialty/Candy,21751.5,70.77,14.16,17.18,2.65,7.39,0.83,3.27,0.72,3,2.53,-4.7,14.0,1.0,-4.3,4.2,100,-3.13,-2.53,-4.1,-7.87,-9.36,3.66,-11.75,False,True,82.93,5.8,-1.0,1,-1.0,1,-1.0,1,-1.0,earnings,"2.02,9.01"
RIVN,2026-02-13,NASDAQ,Consumer Durables,Motor Vehicles,21674.5,14.0,26.93,26.64,-0.23,12.68,0.64,4.41,0.65,8,4.58,-20.1,16.1,0.76,-21.7,10.7,100,-7.32,-12.27,-15.81,-15.53,-13.73,-0.62,-18.12,False,False,,,,,,,,,,earnings,"2.02,9.01"
JBHT,2025-10-16,NASDAQ,Transportation,Trucking,21532.8,138.83,17.4,22.14,4.04,6.82,0.99,5.06,1.97,0,2.88,-6.8,11.3,1.0,-18.7,29.8,100,1.14,3.68,2.3,2.24,2.04,6.74,-0.02,True,True,169.57,6.31,-0.274,10,-0.305,20,-1.0,23,-0.201,earnings,"2.02,9.01"
CRCL,2026-02-25,NYSE,Technology Services,Packaged Software,21353.0,61.37,20.21,35.47,12.7,17.08,0.98,5.72,0.64,17,7.32,-14.0,-51.0,0.68,-75.3,86.9,100,18.22,30.32,42.7,52.92,40.79,85.24,8.76,True,True,83.14,14.37,1.509,19,1.509,19,0.164,30,1.369,earnings,"2.02,9.01"
DLTR,2026-05-28,NASDAQ,Retail Trade,Discount Stores,21258.5,95.87,15.79,17.87,1.79,7.74,0.8,3.48,0.84,0,4.04,-24.5,-4.4,0.94,-22.0,33.7,100,4.89,-1.46,-1.57,3.5,11.58,12.31,-5.22,False,True,113.0,5.84,-0.805,7,-1.0,14,-1.0,14,-0.719,earnings,"2.02,7.01,9.01"
RL,2026-05-21,NYSE,Consumer Non-Durables,Apparel/Footwear,21189.7,329.24,10.25,13.87,3.28,7.02,0.72,3.54,0.93,2,3.06,-14.5,0.3,1.0,-7.7,17.1,100,4.07,3.64,0.25,0.98,13.2,16.14,-2.2,False,True,374.9,4.81,-0.857,8,-1.0,9,-1.0,9,-0.547,earnings,"2.02,9.01"
XPO,2026-02-05,NYSE,Transportation,Trucking,20767.6,179.54,11.44,3.39,-7.23,8.58,0.08,5.46,1.36,2,3.95,27.6,45.9,0.97,10.9,0.0,100,1.76,0.01,-5.13,4.89,-5.71,10.21,-7.21,True,False,,,,,,,,,,earnings,"2.02,7.01,9.01"
THC,2026-07-24,NYSE,Health Services,Hospital/Nursing Management,20741.7,199.02,18.08,17.17,-0.77,7.61,0.22,3.61,1.33,0,3.63,5.7,5.1,1.0,-4.9,3.5,100,3.55,9.62,8.41,11.54,19.47,19.52,-0.33,True,False,,,,,,,,,,earnings,"2.02,9.01"
UTHR,2025-09-02,NASDAQ,Health Technology,Biotechnology,20650.6,304.76,37.69,32.83,-3.53,8.62,0.07,4.53,1.12,2,2.48,-6.4,-1.7,1.0,0.4,0.0,100,-6.72,-4.55,-3.77,-5.16,-0.1,5.33,-10.49,False,False,,,,,,,,,,other-8k,"8.01,9.01"
UTHR,2026-03-30,NASDAQ,Health Technology,Biotechnology,20650.6,522.83,15.76,12.53,-2.79,4.8,0.3,3.11,0.55,6,3.07,3.1,20.8,1.0,10.1,0.0,100,-2.02,-6.68,-6.53,-4.41,-5.97,-1.03,-8.91,False,False,,,,,,,,,,other-8k,"8.01,9.01"
SOFI,2025-07-29,NASDAQ,Finance,Finance/Rental/Leasing,20548.9,21.02,9.94,6.57,-3.07,12.83,0.05,3.31,1.38,0,4.55,59.2,30.7,0.65,1.6,0.0,83,-5.37,-8.14,-6.79,2.34,10.86,15.12,-11.59,False,False,,,,,,,,,,earnings,"2.02,8.01,9.01"
NRG,2025-05-12,NYSE,Utilities,Electric Utilities,20426.2,119.33,14.81,26.21,9.93,10.12,0.99,3.73,1.35,0,3.6,13.5,29.2,0.87,13.3,0.0,100,14.39,13.15,17.69,14.53,8.53,18.49,7.8,True,True,150.61,9.07,0.461,10,0.325,19,0.0,20,0.415,earnings,"2.02,7.01,9.01"
SITM,2025-11-06,NASDAQ,Electronic Technology,Semiconductors,19589.2,279.07,17.89,21.77,3.29,18.04,0.22,5.32,1.04,5,5.47,39.8,48.0,0.76,1.6,0.0,100,-0.63,-6.79,-12.26,-23.17,7.01,11.67,-25.93,False,True,339.81,3.77,-1.0,1,-1.0,1,-1.0,1,-1.0,earnings,"2.02,9.01"
SITM,2026-02-05,NASDAQ,Electronic Technology,Semiconductors,19589.2,347.96,10.48,17.91,6.73,29.83,0.72,4.92,0.85,6,6.51,24.6,65.1,0.78,-3.6,0.6,100,8.91,7.63,10.09,5.87,-14.85,16.27,-15.43,False,True,410.29,17.74,0.006,8,-0.171,14,0.0,17,0.02,earnings,"1.01,2.02,7.01,9.01"
SITM,2026-05-07,NASDAQ,Electronic Technology,Semiconductors,19589.2,623.33,33.97,27.91,-4.52,11.32,0.45,3.43,0.31,3,5.31,51.9,123.2,0.6,33.2,0.0,61,-0.24,1.45,-1.78,-14.76,-25.07,7.99,-25.74,False,False,,,,,,,,,,earnings,"2.02,9.01"
WWD,2026-02-03,NASDAQ,Producer Manufacturing,Industrial Machinery,19472.1,327.25,13.98,13.42,-0.49,5.74,0.35,4.35,1.44,1,2.88,24.9,25.9,1.0,10.0,0.0,100,0.08,4.15,4.97,5.19,3.21,8.12,-2.61,False,False,,,,,,,,,,earnings,"2.02,5.07,8.01,9.01"
CRS,2025-10-23,NYSE,Non-Energy Minerals,Other Metals/Minerals,19414.1,244.79,9.33,22.66,12.2,17.34,0.84,4.41,0.4,2,3.9,-11.4,22.8,0.98,-8.0,12.3,100,17.41,15.82,19.15,18.0,14.11,27.83,12.3,True,True,300.27,12.66,0.585,18,0.135,20,0.0,21,0.475,earnings,"2.02,9.01"
CHTR,2026-06-29,NASDAQ,Consumer Services,Cable/Satellite TV,19380.0,133.64,25.79,9.38,-13.05,17.3,0.11,3.61,0.71,2,4.67,-39.0,-35.9,0.62,-60.2,75.5,100,-15.41,-18.39,-17.9,-23.91,-16.74,-13.42,-33.64,False,False,,,,,,,,,,none,
FSLR,2025-05-13,NASDAQ,Electronic Technology,Semiconductors,19014.6,156.21,12.75,22.66,8.79,11.53,0.81,4.54,1.47,2,5.66,-3.3,-20.6,0.83,-31.1,41.4,100,9.57,1.33,-5.05,-11.17,-4.69,12.92,-17.16,False,True,191.6,8.54,-1.0,4,-1.0,4,-1.0,4,-0.934,filing-other,
NTNX,2026-02-26,NASDAQ,Technology Services,Data Processing Services,18964.3,38.44,9.68,3.98,-5.19,12.08,0.47,3.82,0.5,2,4.61,-34.1,-43.6,0.81,-49.4,88.5,100,-9.2,-3.46,-4.2,-7.19,-6.43,0.21,-11.05,False,False,,,,,,,,,,earnings,"2.02,3.02,7.01,9.01"
NTNX,2026-08-27,NASDAQ,Technology Services,Data Processing Services,18964.3,65.39,8.95,6.81,-1.97,9.94,0.32,3.08,0.22,8,3.05,34.0,63.6,0.76,-13.6,11.2,100,-2.92,-6.39,-4.44,-7.47,-4.51,0.83,-8.41,False,False,,,,,,,,,,earnings,"2.02,9.01"
ITT,2026-02-05,NYSE,Producer Manufacturing,Auto Parts: OEM,18285.9,185.15,8.18,9.13,0.87,7.73,0.75,3.44,0.51,1,2.18,-0.4,12.0,1.0,1.6,0.0,100,3.28,0.08,-0.59,3.08,-7.34,4.69,-9.48,False,True,202.05,5.49,0.0,2,0.0,2,0.0,2,0.0,earnings,"2.02,9.01"
LSCC,2025-08-05,NASDAQ,Electronic Technology,Semiconductors,17817.7,48.73,11.98,15.21,2.88,7.69,0.75,3.85,0.77,7,4.06,-7.1,-10.7,1.0,-22.7,36.7,100,5.52,12.72,16.05,12.81,22.58,22.96,1.92,True,True,56.14,5.49,1.76,10,2.685,27,3.494,55,1.755,earnings,"2.02,9.01"
LSCC,2026-02-11,NASDAQ,Electronic Technology,Semiconductors,17817.7,90.95,15.89,16.29,0.35,6.47,0.7,3.2,0.44,2,5.16,35.6,43.6,0.87,15.2,0.0,100,-5.31,-7.5,-9.77,-7.73,-18.03,2.54,-21.08,False,True,105.77,4.34,-1.0,1,-1.0,1,-1.0,1,-1.0,earnings,"2.02,9.01"
IONQ,2026-02-26,NYSE,Electronic Technology,Computer Processing Hardware,17789.6,33.59,16.25,21.7,4.69,8.13,0.68,3.34,0.67,2,8.74,-28.2,-17.6,0.68,-53.9,70.0,100,-1.74,-5.12,-7.76,-15.42,-23.59,1.31,-23.92,False,True,40.88,5.21,-1.0,1,-1.0,1,-1.0,1,-1.0,earnings,"2.02,8.01,9.01"
ZBRA,2026-05-12,NASDAQ,Electronic Technology,Computer Processing Hardware,17787.4,216.96,14.74,11.44,-2.87,8.74,0.16,3.78,0.92,1,3.42,-15.4,-16.4,0.95,-29.4,61.3,100,-0.88,4.18,-0.72,1.43,-12.91,5.84,-13.91,False,False,,,,,,,,,,earnings,"2.02,9.01"
ZBRA,2026-08-04,NASDAQ,Electronic Technology,Computer Processing Hardware,17787.4,291.64,13.19,26.47,11.73,12.24,0.98,3.41,0.57,2,4.0,30.4,20.5,0.97,-5.9,1.3,100,11.78,14.05,16.04,11.0,4.12,17.0,3.79,True,True,368.83,10.67,0.062,9,-0.196,17,,,0.106,earnings,"2.02,9.01"
TOST,2025-05-09,NYSE,Technology Services,Packaged Software,17697.3,36.65,8.69,11.43,2.52,7.27,0.38,3.47,0.83,2,3.77,-10.9,19.0,0.94,-9.7,22.7,100,7.62,13.19,12.26,6.66,9.07,14.37,3.18,True,True,40.84,2.67,1.835,8,0.725,16,0.0,32,2.523,earnings,"2.02,9.01"
CHRW,2025-07-31,NASDAQ,Transportation,Air Freight/Couriers,17493.8,97.65,13.13,18.1,4.39,10.68,0.93,5.78,0.92,1,2.06,9.4,-9.5,1.0,-3.8,3.2,100,3.07,5.3,6.65,10.0,17.04,17.31,1.15,True,True,115.32,8.99,1.042,25,1.31,49,0.963,50,0.727,earnings,"2.02,9.01"
CHRW,2025-10-30,NASDAQ,Transportation,Air Freight/Couriers,17493.8,129.38,15.64,19.71,3.52,6.35,0.6,3.34,0.79,2,2.33,13.6,43.3,1.0,8.4,0.0,100,2.93,2.21,-0.92,1.37,6.19,7.15,-1.77,False,True,154.88,3.65,-1.0,5,-1.0,5,-1.0,5,-0.783,earnings,"2.02,7.01"
U,2025-07-16,NYSE,Technology Services,Packaged Software,17480.3,29.69,8.59,14.31,5.27,7.8,0.76,3.12,0.62,5,4.83,63.5,36.8,0.81,4.4,0.0,88,13.28,11.41,3.63,2.26,17.68,20.84,-7.72,False,True,33.94,5.57,0.0,4,0.0,4,0.0,4,0.349,filing-other,
U,2025-08-06,NYSE,Technology Services,Packaged Software,17480.3,33.94,11.81,-5.95,-15.89,30.76,0.24,3.17,0.72,2,5.38,59.2,58.1,0.59,-2.6,0.0,79,-11.54,-12.54,-0.03,-5.56,5.88,9.12,-14.78,True,False,,,,,,,,,,earnings,"2.02,9.01"
U,2025-11-05,NYSE,Technology Services,Packaged Software,17480.3,35.87,17.37,18.09,0.62,13.27,0.94,4.21,0.64,9,5.22,6.9,73.6,0.84,-10.3,6.1,100,-5.15,2.45,-4.87,-6.84,4.87,8.46,-17.37,False,True,42.36,11.09,-1.0,6,-1.0,6,-0.517,1,-0.612,earnings,"2.02,9.01"
U,2026-03-27,NYSE,Technology Services,Packaged Software,17480.3,17.13,18.07,13.54,-3.83,12.01,0.6,3.35,0.51,2,6.16,-62.3,-59.3,0.22,-61.2,82.5,70,1.56,8.58,8.73,12.73,31.72,33.5,-4.28,True,False,,,,,,,,,,other-8k,"7.01,9.01"
MEDP,2025-07-22,NASDAQ,Commercial Services,Miscellaneous Commercial Services,17364.1,308.88,44.26,54.67,7.21,14.97,0.64,10.74,2.46,2,2.77,6.9,-8.4,1.0,18.8,0.0,100,-1.84,0.43,0.52,-2.08,3.71,5.66,-7.46,False,True,477.73,8.73,-1.0,1,-1.0,1,-1.0,1,-1.0,earnings,"1.01,2.02,9.01"
MEDP,2026-07-23,NASDAQ,Commercial Services,Miscellaneous Commercial Services,17364.1,528.12,22.51,14.71,-6.36,14.38,0.15,3.66,0.26,2,3.42,3.9,-14.9,0.71,2.9,0.0,100,-7.05,-11.75,-10.62,-9.58,-5.31,-3.0,-12.91,False,False,,,,,,,,,,earnings,"2.02,9.01"
FTAI,2025-07-30,NASDAQ,Electronic Technology,Aerospace & Defense,17350.3,114.14,10.78,26.56,14.24,16.09,0.9,3.64,0.36,9,3.77,4.6,14.1,0.95,-30.4,30.6,100,8.83,11.88,8.84,15.46,18.55,20.94,1.48,True,True,144.46,12.64,-0.189,14,1.118,41,0.596,68,-0.181,earnings,"2.02,9.01"
MGA,2026-02-13,NYSE,Producer Manufacturing,Auto Parts: OEM,17137.7,57.82,9.29,18.87,8.77,11.0,0.83,5.14,1.17,0,2.38,14.8,29.3,1.0,8.5,0.0,100,5.74,5.51,1.12,0.0,-11.28,7.94,-13.01,False,True,68.73,8.32,-0.801,8,-1.0,9,-1.0,9,-0.654,filing-other,
FTV,2025-10-29,NYSE,Electronic Technology,Electronic Equipment/Instruments,16734.8,49.16,11.72,2.4,-8.34,12.38,0.09,3.36,0.66,5,2.03,2.6,-6.4,1.0,-12.5,38.0,100,-6.68,-8.78,-8.54,-5.26,-3.08,-2.5,-10.72,False,False,,,,,,,,,,earnings,"2.02,9.01"
DT,2026-02-09,NYSE,Technology Services,Packaged Software,16626.3,33.71,13.59,7.33,-5.51,11.62,0.33,3.32,1.61,0,3.85,-26.8,-27.1,0.94,-39.2,93.1,100,-3.89,-4.52,-4.34,-10.55,-1.36,3.55,-13.2,False,False,,,,,,,,,,earnings,"2.02,8.01,9.01"
DT,2026-08-05,NYSE,Technology Services,Packaged Software,16626.3,45.71,12.68,11.27,-1.25,6.1,0.21,3.74,0.58,4,3.87,18.4,32.2,0.98,-3.2,0.2,100,-5.12,-1.82,-3.78,-3.7,-1.23,6.47,-9.15,False,False,,,,,,,,,,earnings,"2.02,5.02,7.01,9.01"
CLH,2026-07-29,NYSE,Industrial Services,Environmental Services,16452.7,303.67,8.99,7.47,-1.4,4.8,0.38,3.3,0.57,2,2.05,-0.8,16.5,1.0,4.4,0.0,100,-4.18,-6.04,-6.57,-4.33,-5.23,-0.69,-8.31,False,False,,,,,,,,,,earnings,"2.02,9.01"
IREN,2025-08-29,NASDAQ,Technology Services,Data Processing Services,16284.6,23.04,19.36,14.93,-3.71,15.14,0.22,3.04,1.09,0,8.62,174.6,179.6,0.54,13.2,0.0,27,5.85,-4.98,-4.76,35.05,67.02,79.6,-7.96,False,False,,,,,,,,,,earnings,"2.02,9.01"
CNH,2026-08-03,NYSE,Producer Manufacturing,Trucks/Construction/Farm Machinery,16164.7,10.25,11.32,5.37,-5.35,12.34,0.08,3.38,1.06,0,3.38,-2.2,-4.7,1.0,-14.3,20.3,100,-1.67,-4.91,-8.15,-9.82,3.68,7.36,-12.09,False,False,,,,,,,,,,earnings,"2.02,7.01,9.01"
DOCN,2025-08-05,NYSE,Technology Services,Packaged Software,15874.4,27.01,14.74,28.88,12.33,19.55,0.92,6.41,2.06,1,3.94,-17.6,-32.9,1.0,-34.1,54.5,100,17.68,6.65,-3.03,-0.32,3.39,20.68,-7.1,False,True,34.81,15.23,0.0,2,0.0,2,0.0,2,0.0,earnings,"2.02,9.01"
DOCN,2025-11-05,NYSE,Technology Services,Packaged Software,15874.4,38.82,16.74,18.01,1.08,9.84,0.79,4.14,0.97,3,5.46,13.1,35.6,0.87,-3.6,0.7,100,3.88,14.01,6.73,-2.71,2.05,15.18,-7.41,False,True,45.81,7.23,0.0,6,0.0,6,0.0,6,0.59,earnings,"2.02,9.01"
DOCN,2026-05-05,NYSE,Technology Services,Packaged Software,15874.4,108.81,19.66,40.4,17.33,18.5,0.97,3.01,0.9,1,8.63,86.6,167.6,0.46,19.3,0.0,23,23.65,25.92,19.6,15.22,33.39,38.1,6.92,True,True,152.77,15.23,-0.23,9,0.579,32,0.0,33,0.007,earnings,"1.01,2.02,2.03,9.01"
AS,2025-05-20,NYSE,Consumer Durables,Recreational Products,15848.8,31.39,14.69,19.05,3.81,6.73,0.74,4.79,1.15,1,4.45,2.6,57.6,0.78,5.9,0.0,100,2.78,2.89,4.81,3.42,0.53,8.8,-2.78,False,True,37.37,4.75,-1.0,3,-1.0,3,-1.0,3,-0.729,filing-other,
AKAM,2025-11-07,NASDAQ,Technology Services,Data Processing Services,15586.1,73.0,8.08,14.71,6.13,12.35,0.74,5.68,0.46,7,2.53,3.4,-4.3,1.0,-25.0,47.1,100,10.42,14.2,10.48,12.81,8.14,16.6,4.82,True,True,83.74,8.35,0.521,9,0.409,18,0.0,19,0.651,earnings,"2.02,9.01"
AKAM,2026-05-08,NASDAQ,Technology Services,Data Processing Services,15586.1,116.69,24.65,26.58,1.55,12.73,0.88,4.3,1.1,2,5.59,22.7,59.9,0.98,19.0,0.0,100,5.2,10.79,3.73,1.22,-2.46,13.75,-5.05,True,True,147.71,10.06,0.0,7,0.0,7,0.0,7,0.301,earnings,"2.02,9.01"
STRL,2026-05-05,NASDAQ,Industrial Services,Engineering & Construction,15445.4,529.49,37.39,52.22,10.8,14.66,0.99,5.35,0.43,4,4.92,36.9,40.1,0.89,32.7,0.0,100,21.83,16.13,17.03,0.12,31.56,33.58,-3.43,False,True,806.0,12.64,0.0,9,0.0,9,0.0,9,0.127,earnings,"2.02,7.01,9.01"
TLN,2025-07-18,NASDAQ,Utilities,Alternative Power Generation,15085.3,264.0,17.42,24.48,6.01,9.42,0.92,3.95,0.97,3,3.91,29.9,16.6,0.75,2.8,0.0,100,0.05,9.43,11.81,21.94,21.88,27.12,-3.23,False,True,328.63,7.95,-1.0,2,-1.0,2,-1.0,2,-1.0,agreement,"1.01,7.01,9.01"
JAZZ,2025-11-17,NASDAQ,Health Technology,Pharmaceuticals: Major,15082.9,141.07,19.09,20.57,1.24,6.34,0.73,9.41,1.84,8,3.18,18.3,28.5,1.0,13.5,0.0,100,7.45,4.61,7.68,-0.77,1.03,8.92,-4.17,False,True,170.09,4.4,0.271,9,0.0,10,0.0,10,0.432,other-8k,"8.01,9.01"
TEM,2025-08-08,NASDAQ,Technology Services,Packaged Software,14900.3,58.74,9.3,3.63,-5.19,13.56,0.38,3.03,0.52,8,5.54,-9.9,-9.6,0.98,-29.8,27.5,100,-5.26,8.46,14.92,25.42,24.95,32.83,-6.82,True,False,,,,,,,,,,earnings,"2.02,7.01,9.01"
TEM,2026-01-12,NASDAQ,Technology Services,Packaged Software,14900.3,66.27,13.69,4.51,-8.07,11.72,0.12,4.3,0.32,44,4.35,-31.2,14.6,0.63,-27.8,22.7,100,-10.87,-8.52,-11.36,-11.32,-25.83,-2.76,-33.79,False,False,,,,,,,,,,earnings,"2.02,7.01,9.01"
TEM,2026-08-19,NASDAQ,Technology Services,Packaged Software,14900.3,49.36,13.41,24.09,9.41,13.08,0.9,4.77,1.06,1,6.34,8.4,-12.1,0.81,-46.3,57.6,100,19.06,18.2,22.33,10.65,43.55,45.19,3.11,True,True,61.25,10.51,0.0,8,0.0,8,0.0,8,0.255,filing-other,
EXEL,2025-05-14,NASDAQ,Health Technology,Pharmaceuticals: Major,14532.4,36.95,10.01,20.84,9.84,11.91,0.87,5.22,1.52,2,3.09,12.7,1.9,1.0,1.0,0.0,100,13.8,9.94,7.55,4.8,2.78,20.17,1.62,True,True,44.65,9.36,0.0,3,0.0,3,0.0,3,0.003,earnings,"2.02,9.01"
NBIX,2025-05-06,NASDAQ,Health Technology,Biotechnology,14063.2,109.75,12.07,8.36,-3.32,11.93,0.17,3.11,0.77,1,4.49,-28.0,-8.7,0.89,-20.4,32.6,100,-1.13,-5.93,-4.98,-0.03,1.24,2.71,-5.97,False,False,,,,,,,,,,earnings,"2.02,9.01"
W,2025-10-28,NYSE,Retail Trade,Specialty Stores,13963.9,86.45,13.94,23.22,8.14,12.37,0.84,5.46,0.74,11,4.69,31.7,177.3,0.95,7.3,0.0,96,5.2,5.09,0.94,12.22,11.46,16.67,-4.41,False,True,106.52,9.41,-1.0,6,-1.0,6,-1.0,6,-0.767,earnings,"2.02,9.01"
W,2026-08-04,NYSE,Retail Trade,Specialty Stores,13963.9,89.31,23.08,29.97,5.6,9.54,0.78,4.53,0.83,3,5.11,37.7,-14.7,0.68,-8.4,5.0,100,-2.14,-3.02,-6.11,-7.49,-14.59,5.1,-15.39,False,True,116.08,6.96,-1.0,1,-1.0,1,-1.0,1,-1.0,earnings,"2.02,9.01"
MAS,2026-04-22,NYSE,Producer Manufacturing,Building Products,13481.7,66.76,11.1,10.78,-0.28,4.35,0.32,3.09,1.12,0,2.97,-4.9,-2.8,0.94,-6.3,8.1,100,1.66,0.09,-3.92,-2.99,-10.1,2.55,-14.72,False,False,,,,,,,,,,earnings,"2.02,5.02,9.01"
AMKR,2025-07-29,NASDAQ,Electronic Technology,Semiconductors,13451.2,21.23,15.5,18.13,2.28,7.92,0.36,5.56,0.63,3,2.92,21.5,-10.5,0.98,-22.7,28.9,100,-2.37,-11.3,-9.58,-0.65,-0.65,3.51,-12.03,False,True,25.08,2.79,-1.0,1,-1.0,1,-1.0,1,-1.0,earnings,"2.02,9.01"
VICR,2025-07-23,NASDAQ,Electronic Technology,Electronic Components,13402.3,45.2,38.61,16.55,-15.91,23.24,0.13,10.34,1.92,4,3.61,-3.5,-20.1,0.98,-4.6,3.7,100,-24.74,-26.62,-26.88,-26.37,-25.79,-15.96,-33.34,False,False,,,,,,,,,,earnings,"2.02,9.01"
VICR,2025-10-22,NASDAQ,Electronic Technology,Electronic Components,13402.3,65.8,21.17,30.33,7.56,13.78,0.62,9.74,1.37,4,5.52,39.6,37.8,0.95,16.1,0.0,100,16.62,12.88,14.35,19.0,6.7,26.68,2.75,True,True,85.76,7.88,0.385,9,0.0,12,0.0,12,0.466,earnings,"2.02,9.01"
FICO,2025-10-02,NYSE,Commercial Services,Financial Publishing/Services,13344.5,1512.71,18.03,17.98,-0.05,18.06,0.3,5.84,1.25,4,2.95,-18.5,-20.0,0.97,-25.7,48.9,100,3.65,5.27,-4.3,-9.26,-11.21,5.64,-13.26,False,False,,,,,,,,,,none,
PAG,2026-07-22,NYSE,Retail Trade,Specialty Stores,13249.5,195.19,10.15,9.93,-0.2,2.97,0.28,8.37,1.74,1,2.81,21.5,19.7,0.95,3.8,0.0,100,0.25,0.33,3.93,0.35,1.33,5.58,-1.43,False,False,,,,,,,,,,other-8k,8.01
SWKS,2025-10-28,NASDAQ,Electronic Technology,Semiconductors,13247.6,75.84,12.95,5.83,-6.3,13.43,0.01,4.59,0.56,5,3.44,6.3,23.1,1.0,-12.9,19.2,100,-8.08,-9.27,-15.96,-19.62,-25.86,-1.32,-29.89,False,False,,,,,,,,,,earnings,"1.01,2.02,8.01,9.01"
ALLE,2026-07-23,NYSE,Consumer Durables,Tools & Hardware,13217.3,139.95,8.3,10.45,1.98,7.16,0.55,3.14,1.22,0,2.7,-3.4,-15.6,1.0,-17.2,57.9,100,1.18,6.37,3.62,11.3,6.7,12.73,-0.01,True,True,154.57,3.78,0.0,5,0.0,5,0.0,5,0.379,earnings,"2.02,9.01"
ICLR,2025-07-24,NASDAQ,Commercial Services,Miscellaneous Commercial Services,13143.2,167.89,20.34,16.15,-3.48,10.89,0.23,3.25,0.73,0,3.89,17.3,-17.3,0.98,-33.5,33.1,100,-7.44,-8.33,-16.26,-21.87,-13.04,-3.97,-23.44,False,False,,,,,,,,,,filing-other,
ICLR,2026-04-29,NASDAQ,Commercial Services,Miscellaneous Commercial Services,13143.2,102.49,13.43,13.35,-0.07,8.2,0.64,3.73,0.17,6,4.77,-45.0,-43.7,0.79,-44.9,70.8,100,1.79,-3.68,6.78,0.97,17.68,20.16,-6.41,False,False,,,,,,,,,,filing-other,
SMMT,2025-04-23,NASDAQ,Health Technology,Biotechnology,13075.1,27.35,9.51,21.5,10.95,18.52,0.88,3.42,1.26,0,10.68,16.3,28.9,0.83,8.8,0.0,100,22.54,-19.5,-19.47,-18.9,-15.16,23.24,-27.38,False,True,33.23,14.05,-1.0,2,-1.0,2,-1.0,2,-1.0,other-8k,"8.01,9.01"
CHKP,2025-10-28,NASDAQ,Technology Services,Internet Software/Services,12959.6,191.72,8.84,6.18,-2.44,6.39,0.44,3.38,0.68,2,2.18,2.7,-11.0,1.0,-11.0,49.4,100,-5.45,-6.22,-8.1,-2.05,-10.91,-1.07,-12.61,False,False,,,,,,,,,,filing-other,
TTMI,2025-05-01,NASDAQ,Electronic Technology,Electronic Components,12936.8,20.02,22.03,16.63,-4.42,8.19,0.42,3.0,0.84,2,5.89,-18.6,1.2,0.68,-19.7,40.6,100,2.46,2.87,7.0,19.12,22.23,24.23,-3.36,True,False,,,,,,,,,,earnings,"2.02,9.01"
TTMI,2026-04-30,NASDAQ,Electronic Technology,Electronic Components,12936.8,137.5,29.98,15.07,-11.47,21.29,0.31,3.0,0.3,2,6.86,42.5,132.2,0.78,19.9,0.0,77,-11.04,-10.71,-13.96,-3.83,-2.8,12.29,-16.98,False,False,,,,,,,,,,earnings,"2.02,9.01"
WSO.B,2026-01-09,NYSE,Producer Manufacturing,Building Products,12907.9,338.85,10.23,10.23,0.0,0.0,,3.33,0.06,19,0.0,-15.8,-22.5,1.0,-29.5,89.7,100,0.73,0.71,0.71,0.58,4.13,4.26,-0.25,False,False,,,,,,,,,,filing-other,
WSO.B,2026-04-27,NYSE,Producer Manufacturing,Building Products,12907.9,368.33,22.17,22.17,0.0,0.0,,30.0,0.11,23,0.0,-2.0,-2.9,1.0,-11.3,12.9,100,0.0,0.0,0.0,0.75,-10.26,0.75,-10.26,False,False,,,,,,,,,,earnings,"2.02,7.01,9.01"
WSO.B,2026-07-07,NYSE,Producer Manufacturing,Building Products,12907.9,350.0,10.0,10.0,0.0,0.0,,30.0,0.2,26,0.0,-5.0,3.3,0.78,-15.1,28.3,100,0.0,0.0,0.0,0.0,-17.86,0.0,-17.86,False,False,,,,,,,,,,none,
BBIO,2026-02-12,NASDAQ,Health Technology,Biotechnology,12896.7,73.33,15.7,3.72,-10.35,11.72,0.0,3.1,0.65,2,4.9,10.1,45.6,1.0,4.3,0.0,100,-11.31,-12.86,-19.69,-21.65,-18.19,-8.32,-26.02,False,False,,,,,,,,,,other-8k,"8.01,9.01"
BBIO,2026-04-28,NASDAQ,Health Technology,Biotechnology,12896.7,74.52,11.65,-6.45,-16.21,22.62,0.04,7.27,0.91,9,3.91,-4.3,37.3,1.0,-2.0,0.0,100,-14.74,-17.6,-17.33,-20.73,-20.14,-12.87,-23.52,False,False,,,,,,,,,,none,
SJM,2026-02-26,NYSE,Consumer Non-Durables,Food: Specialty/Candy,12893.6,106.6,10.4,8.82,-1.44,5.96,0.5,3.72,0.46,3,2.86,2.2,-3.6,1.0,-3.1,1.8,100,-1.48,-4.54,-5.4,-9.93,-19.19,-0.59,-20.13,False,False,,,,,,,,,,earnings,"2.02,5.02,7.01,9.01"
BWXT,2025-08-05,NYSE,Electronic Technology,Aerospace & Defense,12644.7,154.51,13.94,17.79,3.38,9.08,0.54,4.19,1.35,2,2.63,37.9,37.6,0.78,13.7,0.0,100,2.1,1.78,1.97,-5.84,-8.58,5.08,-10.58,False,True,182.0,4.67,-1.0,7,-1.0,7,-1.0,7,-0.777,earnings,"2.02,9.01"
PEN,2025-11-06,NYSE,Health Technology,Medical Specialties,12559.7,225.54,15.19,17.32,1.86,5.19,0.45,3.02,0.61,4,3.26,-6.2,-21.9,1.0,-16.2,50.1,100,2.46,7.66,7.29,7.7,15.73,16.63,-0.25,True,True,264.61,2.28,3.837,17,3.743,22,11.982,83,3.392,earnings,"2.02,9.01"
PEN,2026-01-15,NYSE,Health Technology,Medical Specialties,12559.7,313.43,11.06,11.82,0.68,2.01,0.76,18.24,5.33,0,3.17,24.1,36.2,0.87,7.1,0.0,100,0.77,2.75,3.2,2.89,-2.53,4.11,-3.01,False,True,350.49,1.51,1.229,11,-1.0,13,-1.0,13,1.272,earnings,"1.01,2.02,7.01,9.01"
GNRC,2025-07-30,NYSE,Producer Manufacturing,Electrical Products,12534.5,151.32,9.04,19.61,9.7,17.74,0.97,5.0,1.76,0,2.59,33.6,1.4,0.73,-15.8,23.6,100,17.99,19.05,17.52,22.94,13.33,23.18,8.64,True,True,181.0,14.65,0.326,15,0.314,19,0.0,23,0.411,earnings,"2.02,9.01"
LII,2025-07-23,NYSE,Producer Manufacturing,Industrial Machinery,12447.4,619.97,9.59,6.59,-2.74,4.8,0.09,3.35,0.16,2,2.29,10.9,-6.6,1.0,-0.4,0.0,100,-2.19,-3.68,-9.4,-12.44,-13.3,-0.74,-15.94,False,False,,,,,,,,,,earnings,"2.02,9.01"
CORT,2026-07-30,NASDAQ,Health Technology,Pharmaceuticals: Major,12403.2,92.95,20.49,27.29,5.64,16.67,0.78,4.0,0.22,9,4.64,99.5,102.7,0.54,14.7,0.0,40,2.22,-1.96,-3.62,-1.33,4.4,12.84,-4.18,True,True,118.32,11.47,-0.452,9,-0.327,21,,,-0.511,earnings,"2.02,7.01,9.01"
MOG.B,2026-02-03,NYSE,Electronic Technology,Aerospace & Defense,12374.5,295.0,10.94,9.06,-1.69,1.72,0.0,5.65,0.14,10,0.12,43.9,46.0,0.73,10.0,0.0,100,0.77,1.48,-0.58,-0.29,4.93,5.24,-1.58,True,False,,,,,,,,,,filing-other,
MOG.B,2026-06-09,NYSE,Electronic Technology,Aerospace & Defense,12374.5,320.25,17.98,18.55,0.48,1.61,0.96,3.33,0.09,17,1.65,-6.7,33.4,0.92,0.3,0.0,100,5.34,5.74,6.1,7.82,7.37,13.95,0.96,True,True,379.66,1.53,4.769,10,4.478,19,2.286,38,4.319,filing-other,
BAX,2026-07-30,NYSE,Health Technology,Medical Specialties,12139.1,24.77,17.36,7.99,-7.98,15.16,0.18,3.67,0.48,4,3.27,46.6,26.3,0.87,0.2,0.0,100,-10.01,-2.48,-7.09,-6.95,-10.8,-2.37,-11.42,False,False,,,,,,,,,,earnings,"2.02,8.01,9.01"
NXT,2026-01-28,NASDAQ,Electronic Technology,Electronic Equipment/Instruments,12033.7,105.91,16.11,13.28,-2.44,14.08,0.28,3.45,0.53,7,5.14,7.5,63.2,0.87,9.1,0.0,100,-1.54,-5.99,-5.08,-2.5,-13.1,4.7,-15.01,False,False,,,,,,,,,,earnings,"2.02,8.01,9.01"
NXT,2026-05-13,NASDAQ,Electronic Technology,Electronic Equipment/Instruments,12033.7,125.37,19.03,8.77,-8.62,17.12,0.11,3.17,0.74,2,6.59,4.6,16.7,1.0,11.1,0.0,100,-4.34,-9.88,-15.96,-8.08,-19.8,9.31,-26.43,False,False,,,,,,,,,,earnings,"2.02,5.02,9.01"
HBM,2025-08-13,NYSE,Non-Energy Minerals,Other Metals/Minerals,11996.3,9.85,17.46,15.03,-2.07,9.8,0.29,4.34,1.85,0,3.4,13.7,9.0,0.98,4.0,0.0,100,-5.01,-5.45,-5.01,0.17,17.29,17.89,-7.35,False,False,,,,,,,,,,filing-other,
SANM,2025-10-06,NASDAQ,Electronic Technology,Electronic Production Equipment,11937.7,114.08,40.47,22.72,-12.64,20.43,0.26,6.97,1.29,1,2.85,11.6,69.5,0.95,27.4,0.0,100,-21.61,-18.66,-21.78,-17.21,-12.42,-11.08,-23.93,False,False,,,,,,,,,,none,
SANM,2026-04-28,NASDAQ,Electronic Technology,Electronic Production Equipment,11937.7,188.08,8.99,14.56,5.11,14.14,0.47,4.55,0.74,3,5.0,31.3,40.6,0.87,3.7,0.0,100,1.8,8.92,8.25,15.06,27.73,29.89,0.04,True,True,215.46,6.25,1.477,13,0.0,15,0.0,15,1.178,earnings,"2.02,9.01"
MDGL,2025-08-05,NASDAQ,Health Technology,Pharmaceuticals: Major,11770.2,312.11,12.14,8.59,-3.17,11.18,0.68,3.51,0.4,2,4.64,1.9,-4.1,0.97,-7.3,3.4,100,-3.4,-1.22,2.57,8.44,24.36,26.57,-5.43,True,False,,,,,,,,,,earnings,"2.02,9.01"
GWRE,2025-06-04,NYSE,Technology Services,Information Technology Services,11685.6,218.18,13.19,16.41,2.85,10.31,0.63,6.33,0.33,7,2.09,10.5,7.5,0.98,12.5,0.0,100,3.73,4.22,1.54,-0.06,-6.71,5.4,-8.92,False,True,253.98,6.06,-0.373,9,-1.0,11,-1.0,11,-0.175,earnings,"2.02,9.01"
GWRE,2025-09-05,NYSE,Technology Services,Information Technology Services,11685.6,216.99,21.66,20.15,-1.24,12.02,0.59,5.18,0.23,6,2.4,-15.3,16.0,0.98,0.3,0.0,100,-0.8,-4.15,-4.19,-7.28,-12.88,0.05,-13.78,False,False,,,,,,,,,,earnings,"2.02,9.01"
MANH,2025-07-23,NASDAQ,Technology Services,Packaged Software,11667.4,202.79,20.81,7.36,-11.14,16.43,0.15,3.28,0.31,7,2.16,25.0,-28.1,0.98,-21.6,23.7,100,-10.09,-9.6,-6.96,-11.84,-13.46,-6.29,-16.74,False,False,,,,,,,,,,earnings,"2.02,9.01"
MANH,2026-07-29,NASDAQ,Technology Services,Packaged Software,11667.4,168.17,15.95,21.32,4.63,12.67,0.55,4.02,1.18,1,4.62,19.8,-0.9,0.97,-15.1,18.4,100,-2.07,-3.98,-1.5,-1.22,10.71,11.37,-5.27,False,True,204.02,6.47,-1.0,1,-1.0,1,-1.0,1,-1.0,earnings,"2.02,9.01"
HL,2025-08-07,NYSE,Non-Energy Minerals,Precious Metals,11520.8,6.11,13.91,18.17,3.74,6.77,0.6,3.32,1.24,0,3.91,25.2,2.7,0.86,-9.4,2.1,100,9.2,10.2,10.06,10.49,29.6,31.03,3.3,True,True,7.22,3.88,0.786,8,20.464,55,48.821,130,1.06,earnings,"2.02,8.01,9.01"
HUT,2025-12-17,NASDAQ,Technology Services,Data Processing Services,11445.9,36.85,13.79,8.98,-4.22,12.4,0.08,3.26,1.22,0,10.74,-1.4,116.4,0.71,-26.8,14.9,90,-7.97,20.18,25.92,22.28,42.26,50.04,-8.51,False,False,,,,,,,,,,other-8k,"8.01,9.01"
HUT,2026-05-06,NASDAQ,Technology Services,Data Processing Services,11445.9,80.51,26.16,35.31,7.26,15.5,0.84,4.32,0.87,4,6.47,48.6,46.4,0.67,22.1,0.0,93,-0.38,0.61,6.65,-4.98,25.79,38.62,-14.52,False,True,108.94,11.52,-1.0,1,-1.0,1,-1.0,1,-1.0,earnings,"2.02,9.01"
TECH,2026-06-25,NASDAQ,Health Technology,Biotechnology,11350.5,58.88,19.28,20.07,0.67,1.2,0.74,17.38,4.33,1,4.01,11.7,-0.1,0.94,-2.7,0.5,100,1.1,0.6,0.85,1.52,1.95,2.69,0.37,True,True,70.7,0.88,1.452,20,2.387,47,,,0.941,agreement,"1.01,5.02,7.01,9.01"
AEIS,2025-11-05,NASDAQ,Electronic Technology,Electronic Production Equipment,11346.3,195.05,13.59,15.77,1.91,12.77,0.76,6.82,1.87,1,3.88,33.1,77.6,0.83,3.7,0.0,100,-1.07,-1.02,-3.96,-10.23,-3.12,2.03,-15.28,False,True,225.8,8.87,-1.0,6,-1.0,6,-1.0,6,-0.775,earnings,"2.02,9.01"
ELAN,2025-05-07,NYSE,Health Technology,Biotechnology,11296.5,9.51,13.88,26.29,10.9,12.93,0.91,4.02,1.72,0,5.54,-20.9,-24.5,0.84,-28.5,67.5,100,13.39,18.37,18.93,16.53,24.01,31.12,9.23,True,True,12.01,10.49,0.484,10,1.048,29,1.325,58,0.537,earnings,"2.02,9.01"
LULU,2025-12-12,NASDAQ,Consumer Non-Durables,Apparel/Footwear,11220.1,187.01,9.4,9.6,0.19,5.5,0.26,5.7,0.55,5,3.34,16.9,-21.8,1.0,-51.7,50.3,100,0.84,1.61,2.38,3.89,3.58,10.46,-2.95,False,True,204.97,1.4,-1.0,1,-1.0,1,-1.0,1,-1.0,earnings,"2.02,5.02,8.01,9.01"
RMBS,2026-01-21,NASDAQ,Electronic Technology,Semiconductors,11184.6,110.1,9.73,14.38,4.24,9.27,0.53,3.95,0.62,5,4.31,12.6,65.3,0.97,5.5,0.0,100,3.28,-5.48,3.0,-16.52,-13.81,12.37,-24.06,False,True,125.93,4.71,-1.0,2,-1.0,2,-1.0,2,-1.0,filing-other,
DVA,2026-02-03,NYSE,Health Services,Medical/Nursing Services,11177.1,111.19,15.12,21.17,5.26,11.89,0.65,5.36,0.94,3,2.89,-6.6,-20.3,1.0,-28.7,66.8,100,10.98,10.02,8.81,15.43,20.93,24.55,6.17,True,True,134.73,7.22,1.563,21,1.643,27,1.011,49,1.251,earnings,"2.02,9.01"
FROG,2025-05-09,NASDAQ,Technology Services,Packaged Software,11142.7,35.26,9.69,10.61,0.84,7.37,0.93,3.53,0.62,2,3.68,-1.6,15.9,0.9,-10.1,7.2,100,4.54,10.59,11.47,9.86,9.73,16.61,1.85,True,True,39.0,6.41,1.396,10,1.376,20,0.624,41,1.433,earnings,"2.02,9.01"
FROG,2025-08-08,NASDAQ,Technology Services,Packaged Software,11142.7,38.79,17.3,12.45,-4.13,14.57,0.49,4.76,0.94,4,3.92,10.0,7.6,0.98,-1.1,0.0,100,-7.34,-7.82,-0.86,3.38,10.84,11.56,-10.44,True,False,,,,,,,,,,earnings,"2.02,9.01"
FROG,2025-11-07,NASDAQ,Technology Services,Packaged Software,11142.7,47.26,19.36,26.96,6.36,13.42,0.91,8.92,1.59,6,3.42,12.1,21.2,1.0,8.6,0.0,100,14.02,9.32,4.75,4.98,14.84,17.41,-0.02,True,True,60.0,10.83,0.0,4,0.0,4,0.0,4,0.086,earnings,"2.02,9.01"
FROG,2026-05-08,NASDAQ,Technology Services,Packaged Software,11142.7,57.02,16.36,23.73,6.33,15.28,0.84,3.57,0.61,6,5.23,18.8,23.6,0.81,-5.8,3.9,100,4.01,-3.27,-0.29,11.51,29.12,34.38,-6.54,False,True,70.55,11.4,-1.0,4,-1.0,4,-1.0,4,-0.931,earnings,"2.02,9.01"
FIG,2026-05-15,NYSE,Technology Services,Packaged Software,11044.0,20.24,10.08,13.24,2.87,12.29,0.61,4.58,1.17,1,6.59,-10.2,-54.0,0.59,-84.4,72.5,100,9.34,1.35,1.93,21.72,-16.92,24.48,-19.97,False,True,22.92,7.02,-1.0,7,-1.0,7,-1.0,7,-0.737,earnings,"2.02,9.01"
BTSG,2025-05-02,NASDAQ,Health Services,Medical/Nursing Services,11019.1,17.9,13.74,16.59,2.5,7.99,0.95,3.11,0.41,6,5.72,-24.2,12.5,0.79,-18.0,19.4,100,3.88,13.16,12.08,19.99,17.53,21.81,-0.1,True,True,20.87,7.04,1.395,14,0.0,26,0.0,26,1.422,earnings,"2.02,9.01"
LFUS,2025-07-30,NASDAQ,Electronic Technology,Electronic Production Equipment,10890.0,235.79,8.11,10.44,2.15,6.77,0.34,3.63,0.77,9,2.61,31.6,5.3,0.97,-4.1,5.6,100,0.95,-0.75,-2.25,3.33,2.94,4.92,-4.33,False,True,260.4,2.27,-1.0,2,-1.0,2,-1.0,2,-1.0,earnings,"2.02,7.01,9.01"
COO,2025-12-05,NASDAQ,Health Technology,Medical Specialties,10768.5,77.03,16.4,5.67,-9.21,11.05,0.06,4.12,0.72,2,2.59,12.0,6.5,1.0,-15.9,14.0,100,-12.96,-9.95,-8.45,-7.71,-5.96,-5.78,-13.41,False,False,,,,,,,,,,earnings,"2.02,5.02,7.01,9.01"
GSAT,2026-04-02,NASDAQ,Communications,Wireless Telecommunications,10700.6,68.53,11.02,13.42,2.17,8.0,0.9,5.97,0.87,6,7.55,12.3,75.0,1.0,1.6,0.0,100,-4.5,-1.54,-3.84,5.18,7.39,8.9,-6.28,False,True,77.73,6.73,-1.0,1,-1.0,1,-1.0,1,-1.0,filing-other,
GSAT,2026-04-14,NASDAQ,Communications,Wireless Telecommunications,10700.6,72.89,8.11,9.63,1.41,3.34,0.56,12.01,2.23,4,7.34,14.2,68.0,0.89,0.6,0.0,100,2.34,1.55,1.97,3.15,4.91,5.33,0.81,True,True,79.91,1.83,1.062,14,1.233,24,-0.11,44,0.733,agreement,"1.01,2.03,7.01,9.01"
FORM,2025-10-30,NASDAQ,Electronic Technology,Semiconductors,10643.9,47.72,13.89,24.16,9.02,15.28,0.77,4.5,0.99,1,5.11,64.9,64.7,0.63,7.0,0.0,75,1.1,-4.84,-0.24,-6.68,1.23,9.81,-12.92,False,True,59.25,10.55,-1.0,3,-1.0,3,-1.0,3,-1.068,earnings,"2.02,9.01"
AES,2025-07-09,NYSE,Utilities,Electric Utilities,10601.7,11.07,15.27,19.78,3.92,6.72,0.9,4.38,0.98,1,4.03,3.6,-16.3,0.94,-37.1,31.0,100,-2.74,-1.41,2.04,9.25,0.63,9.72,-4.78,False,True,13.26,5.73,-1.0,1,-1.0,1,-1.0,1,-1.0,none,
AES,2025-10-01,NYSE,Utilities,Electric Utilities,10601.7,13.16,13.37,16.79,3.02,5.22,0.82,6.7,0.82,7,2.88,18.2,6.4,0.97,-26.5,6.4,100,-4.22,-4.36,-1.27,-1.14,-3.69,2.75,-6.3,False,True,15.37,4.1,-1.0,1,-1.0,1,-1.0,1,-1.0,none,
DDS,2025-11-13,NYSE,Retail Trade,Department Stores,10582.5,605.96,8.45,9.59,1.05,12.26,0.09,3.19,0.44,4,2.96,17.5,47.6,0.97,3.1,0.0,100,-3.39,-8.85,-9.23,1.96,3.75,12.9,-11.52,False,True,664.06,1.03,-1.0,1,-1.0,1,-1.0,1,-1.0,earnings,"2.02,9.01"
DECK,2025-07-25,NYSE,Consumer Non-Durables,Apparel/Footwear,10578.6,104.94,17.63,11.35,-5.34,8.49,0.03,4.54,0.78,2,3.01,-5.2,-52.0,0.84,-44.9,50.4,100,-8.95,-10.4,-16.28,-17.63,-11.62,-3.43,-19.65,False,False,,,,,,,,,,earnings,"2.02,7.01,9.01"
DECK,2026-01-30,NYSE,Consumer Non-Durables,Apparel/Footwear,10578.6,99.9,15.02,19.46,3.86,8.27,0.97,3.48,0.46,6,3.5,19.2,-5.9,0.71,-48.7,29.7,100,1.17,-2.31,0.48,0.72,-0.34,6.43,-4.22,False,True,119.34,7.4,-1.0,4,-1.0,4,-1.0,4,-0.934,earnings,"2.02,9.01"
PINS,2025-05-09,NYSE,Technology Services,Internet Software/Services,10499.4,27.86,9.02,4.88,-3.8,7.31,0.04,3.4,0.79,2,4.28,-30.3,-14.9,0.46,-25.7,65.0,98,8.12,8.28,7.23,1.73,12.4,15.16,0.25,True,False,,,,,,,,,,earnings,"2.02,9.01"
PINS,2026-05-05,NYSE,Technology Services,Internet Software/Services,10499.4,20.85,18.51,6.86,-9.83,11.99,0.08,3.93,0.69,3,3.72,0.4,-37.0,0.97,-38.1,62.6,100,-14.37,-13.92,-16.79,-23.76,-16.35,-9.23,-27.07,False,False,,,,,,,,,,earnings,"2.02,5.02,9.01"
VIAV,2025-08-08,NASDAQ,Technology Services,Information Technology Services,10319.1,10.16,22.05,7.58,-11.85,15.63,0.07,5.48,0.58,6,2.23,10.8,-20.6,1.0,-4.0,3.2,100,-12.42,-11.05,-13.06,-10.48,-6.37,-4.27,-16.94,False,False,,,,,,,,,,earnings,"2.02,9.01"
VIAV,2025-10-30,NASDAQ,Technology Services,Information Technology Services,10319.1,13.98,13.38,22.32,7.89,10.32,0.8,7.08,1.13,4,2.74,43.2,31.3,0.92,6.7,0.0,100,11.67,5.74,10.66,6.81,13.19,16.47,-2.15,False,True,17.1,7.6,0.0,3,0.0,3,0.0,3,-0.087,earnings,"2.02,9.01"
VIAV,2026-01-29,NASDAQ,Technology Services,Information Technology Services,10319.1,21.03,9.42,17.45,7.34,9.43,0.88,4.39,0.79,2,4.47,50.2,106.8,0.94,6.9,0.0,89,6.3,12.47,10.04,15.17,29.12,36.55,2.61,True,True,24.7,7.69,0.0,4,0.0,4,0.0,4,0.207,earnings,"2.02,2.05,9.01"
VIAV,2026-04-30,NASDAQ,Technology Services,Information Technology Services,10319.1,45.53,31.76,15.09,-12.65,22.68,0.28,3.39,1.07,1,6.49,84.3,225.2,0.49,22.7,0.0,25,-7.77,-10.04,-14.9,-11.47,-19.05,-4.97,-24.45,False,False,,,,,,,,,,earnings,"2.02,9.01"
AVTR,2026-07-29,NYSE,Health Technology,Medical Specialties,10307.7,12.42,16.67,15.78,-0.76,7.26,0.76,4.36,0.71,1,4.64,58.0,6.6,0.63,-9.0,4.1,83,-4.35,-5.66,-7.8,-3.86,0.07,0.93,-9.73,False,False,,,,,,,,,,earnings,"2.02,9.01"
QRVO,2025-10-28,NASDAQ,Electronic Technology,Semiconductors,10299.9,92.13,9.08,5.74,-3.06,9.24,0.01,5.64,0.31,9,3.55,6.5,47.1,1.0,-0.8,0.0,100,-5.0,-5.55,-12.9,-13.91,-15.97,1.18,-21.69,False,False,,,,,,,,,,earnings,"1.01,2.02,8.01,9.01"
ALGN,2025-10-30,NASDAQ,Health Technology,Medical Specialties,10230.4,131.91,10.09,4.94,-4.68,9.56,0.06,3.13,0.28,2,2.91,-3.4,-25.4,1.0,-41.0,64.0,100,-5.05,-6.58,-7.91,-3.99,1.36,5.35,-10.32,False,False,,,,,,,,,,earnings,"2.02,9.01"
ENSG,2025-07-25,NASDAQ,Health Services,Medical/Nursing Services,10230.3,137.77,8.91,8.92,0.01,6.78,0.74,3.63,0.12,4,2.12,10.3,0.1,1.0,-5.3,11.2,100,-1.51,0.22,1.13,7.05,14.92,15.71,-1.63,True,True,150.06,4.75,2.736,31,2.736,31,4.058,91,1.839,earnings,"2.02,9.01"
BIO,2025-08-01,NYSE,Health Technology,Medical Specialties,10197.5,241.95,11.98,17.63,5.05,7.73,0.65,3.39,0.74,4,2.92,0.6,-32.6,1.0,-30.2,34.5,100,2.17,-2.44,-2.48,5.44,9.95,13.84,-3.43,False,True,284.6,4.8,-1.0,1,-1.0,1,-1.0,1,-1.0,earnings,"2.02,7.01,9.01"
BIO,2026-05-18,NYSE,Health Technology,Medical Specialties,10197.5,247.53,10.98,13.85,2.58,5.9,0.89,3.65,0.84,1,3.79,-6.6,-21.9,1.0,-19.9,51.9,100,2.3,4.38,8.07,11.43,5.54,16.43,-0.14,True,True,281.82,4.96,0.893,13,0.294,18,0.0,22,0.713,none,
GMED,2025-11-07,NYSE,Health Technology,Medical Specialties,10162.3,61.71,29.64,35.94,4.86,6.88,0.8,9.1,1.15,2,2.65,3.8,10.6,1.0,-15.7,25.7,100,7.95,5.89,5.56,7.52,11.25,15.6,1.37,True,True,83.89,5.22,0.0,2,0.0,2,0.0,2,0.0,earnings,"2.02,9.01"
GMED,2026-01-08,NYSE,Health Technology,Medical Specialties,10162.3,90.54,10.56,4.51,-5.47,7.85,0.08,3.13,0.37,3,2.23,49.9,56.6,0.65,5.4,0.0,91,-5.62,-9.93,-6.2,-7.57,-12.28,-4.04,-14.08,False,False,,,,,,,,,,earnings,"2.02,9.01"
CART,2026-02-13,NASDAQ,Transportation,Air Freight/Couriers,10067.9,33.24,14.32,9.21,-4.47,14.77,0.33,3.42,0.86,3,4.02,-15.7,-24.2,0.9,-29.0,82.2,100,-3.37,-6.41,-4.84,-0.42,2.0,4.07,-9.18,False,False,,,,,,,,,,earnings,"2.02,9.01"
CART,2026-08-07,NASDAQ,Transportation,Air Freight/Couriers,10067.9,45.03,11.04,11.41,0.34,10.15,0.81,3.64,0.67,1,3.16,18.5,31.1,1.0,-6.5,1.8,100,1.12,-3.1,-2.24,-0.34,2.14,5.36,-4.98,True,True,50.17,7.61,0.0,14,0.0,14,0.0,14,-0.15,earnings,"2.02,9.01"
CHYM,2026-08-06,NASDAQ,Technology Services,Packaged Software,10040.1,25.92,9.18,20.56,10.42,20.35,0.62,5.74,1.58,1,5.11,19.3,19.3,0.73,-16.7,2.6,100,2.83,12.12,13.71,12.9,18.9,21.68,1.55,True,True,31.25,11.17,0.117,18,0.117,18,0.0,28,0.124,earnings,"2.02,2.05,5.02,9.01"
CGNX,2025-07-31,NASDAQ,Electronic Technology,Electronic Equipment/Instruments,10037.9,33.76,14.1,20.76,5.84,9.54,0.63,4.06,0.8,5,2.7,23.7,-13.9,1.0,-12.8,19.1,100,5.06,8.67,7.37,12.98,14.3,16.9,1.3,True,True,40.77,5.64,1.574,30,1.439,33,0.0,50,1.207,earnings,"2.02,8.01,9.01"
CGNX,2026-02-12,NASDAQ,Electronic Technology,Electronic Equipment/Instruments,10037.9,43.03,31.3,36.35,3.84,8.87,0.75,7.27,1.43,1,3.78,12.1,-2.6,1.0,13.5,0.0,100,4.05,0.39,-0.83,-3.72,-15.08,5.38,-15.58,False,True,58.67,6.26,-1.0,9,-1.0,9,-1.0,9,-0.844,earnings,"2.02,8.01,9.01"
MSGS,2026-02-18,NYSE,Consumer Services,Movies/Entertainment,9965.4,293.78,10.22,16.33,5.55,7.72,0.85,4.83,1.49,1,3.2,36.0,49.2,0.89,8.3,0.0,100,1.47,-3.0,-2.49,-0.69,-2.93,6.17,-5.43,False,True,341.76,6.16,-1.0,3,-1.0,3,-1.0,3,-1.105,other-8k,"5.02,8.01"
HUBS,2026-02-12,NYSE,Technology Services,Packaged Software,9857.1,209.33,8.75,9.37,0.57,14.99,0.5,4.66,1.78,0,6.71,-47.0,-52.2,0.79,-74.2,97.2,100,7.12,9.88,2.57,16.19,16.1,30.46,-5.94,True,True,228.95,6.93,0.287,5,0.939,1,0.939,1,0.637,earnings,"2.02,9.01"
ENLT,2026-02-17,NASDAQ,Utilities,Alternative Power Generation,9783.5,64.865,9.75,16.04,5.73,6.66,0.9,3.21,1.37,0,3.7,72.6,148.7,0.54,8.2,0.0,34,2.5,-1.6,-1.94,1.81,5.1,14.17,-7.6,False,True,75.27,5.67,-1.0,2,-1.0,2,-1.0,2,-1.0,filing-other,
MOD,2025-07-31,NYSE,Producer Manufacturing,Industrial Machinery,9757.9,113.62,10.02,18.43,7.65,12.31,0.7,3.91,1.11,2,5.13,39.2,15.7,0.97,-14.9,15.8,100,6.96,12.41,8.12,11.61,13.94,16.24,2.38,True,True,134.56,7.94,0.0,13,0.0,13,0.0,13,0.186,earnings,"2.02,9.01"
MOD,2026-01-29,NYSE,Producer Manufacturing,Industrial Machinery,9757.9,146.9,15.72,20.3,3.95,8.92,0.59,3.11,0.72,2,5.81,-9.3,29.3,0.95,1.8,0.0,100,8.62,17.34,20.78,26.74,33.68,43.41,3.95,True,True,176.72,5.0,4.027,22,4.027,22,9.214,91,3.543,agreement,"1.01,7.01,9.01"
MOD,2026-05-26,NYSE,Producer Manufacturing,Industrial Machinery,9757.9,260.52,17.83,13.57,-3.61,9.84,0.05,3.59,0.65,2,6.34,10.1,87.4,0.75,4.4,0.0,100,-8.81,-9.14,-0.03,-9.38,-9.86,3.79,-18.11,False,False,,,,,,,,,,earnings,"2.02,9.01"
MOD,2026-07-30,NYSE,Producer Manufacturing,Industrial Machinery,9757.9,178.04,8.57,8.91,0.32,15.15,0.92,3.06,0.55,2,6.97,-23.7,21.2,0.94,-40.2,50.2,100,4.02,4.36,-0.4,5.29,-3.61,13.81,-4.86,True,True,193.91,12.22,0.302,1,0.302,1,0.302,1,0.302,earnings,"2.02,9.01"
ONON,2025-08-12,NYSE,Consumer Non-Durables,Apparel/Footwear,9733.0,45.72,14.17,8.95,-4.58,7.29,0.33,3.39,0.74,3,3.26,-10.9,-17.9,1.0,-18.5,45.3,100,-7.68,-13.14,-13.74,-13.45,-17.91,-6.09,-18.79,False,False,,,,,,,,,,filing-other,
ONON,2025-11-12,NYSE,Consumer Non-Durables,Apparel/Footwear,9733.0,35.18,24.62,17.99,-5.31,9.41,0.13,7.64,1.84,4,3.73,-20.4,-38.9,0.89,-31.6,73.9,100,-3.28,-5.57,-1.23,-1.48,12.91,13.08,-8.17,False,False,,,,,,,,,,filing-other,
WMS,2025-08-07,NYSE,Producer Manufacturing,Miscellaneous Manufacturing,9688.8,113.91,9.82,17.22,6.73,7.78,0.87,3.77,1.14,2,2.94,2.4,-1.8,1.0,-24.7,25.7,100,5.04,9.34,11.34,12.26,18.63,19.09,4.63,True,True,133.52,6.31,1.241,16,0.0,22,0.0,22,0.956,earnings,"2.02,7.01,8.01,9.01"
WMS,2025-11-06,NYSE,Producer Manufacturing,Miscellaneous Manufacturing,9688.8,134.73,8.24,8.8,0.51,7.97,0.41,3.2,0.78,3,2.56,2.5,16.2,1.0,-12.2,3.4,100,1.5,1.39,1.76,-2.53,2.12,6.56,-5.69,False,True,146.58,3.17,0.0,6,0.0,6,0.0,6,0.091,earnings,"2.02,7.01,8.01,9.01"
PAYC,2026-08-06,NYSE,Technology Services,Packaged Software,9679.9,174.8,21.79,23.55,1.45,6.0,0.64,4.5,0.26,10,4.66,38.3,34.6,0.89,-14.5,9.8,100,0.96,-0.31,5.04,6.5,12.98,15.07,-4.01,False,True,215.97,3.69,-1.0,4,-1.0,4,-1.0,4,-0.823,earnings,"2.02,9.01"
VSAT,2025-08-04,NASDAQ,Electronic Technology,Telecommunications Equipment,9517.5,16.58,10.86,22.32,10.34,12.73,0.85,3.72,0.72,8,6.42,76.8,72.3,0.32,6.2,0.0,42,15.83,42.66,39.01,49.02,68.77,84.17,7.24,True,True,20.28,9.71,2.944,11,5.005,32,6.64,74,2.968,earnings,"2.02,9.01"
HSIC,2025-11-04,NASDAQ,Distribution Services,Medical Distributors,9469.6,64.64,8.29,10.78,2.3,8.13,0.65,3.04,0.39,3,2.17,-2.5,-2.4,1.0,-15.1,54.1,100,2.87,2.71,4.6,1.71,4.11,8.37,-1.24,True,True,71.61,5.04,0.0,8,0.0,8,0.0,8,0.027,earnings,"2.02,9.01"
FLS,2025-10-29,NYSE,Producer Manufacturing,Industrial Machinery,9382.2,52.66,9.21,30.93,19.89,22.27,0.89,5.35,0.67,4,2.55,-6.0,16.4,1.0,-11.6,18.6,100,17.11,24.93,21.54,21.63,22.69,25.35,12.48,True,True,68.95,16.59,0.0,7,0.0,7,0.0,7,0.084,earnings,"2.02,7.01,9.01"
IBRX,2026-01-16,NASDAQ,Health Technology,Pharmaceuticals: Major,9358.4,3.95,18.99,39.75,17.45,27.4,0.95,10.88,2.4,1,7.25,56.1,43.6,0.89,10.1,0.0,100,37.87,56.17,32.13,30.43,28.09,76.17,17.87,True,True,5.52,20.65,0.342,8,0.373,19,1.632,47,0.76,earnings,"2.02,9.01"
IBRX,2026-01-20,NASDAQ,Health Technology,Pharmaceuticals: Major,9358.4,5.52,18.48,17.39,-0.92,31.25,0.21,9.41,1.16,2,8.35,130.0,106.0,0.89,17.2,0.0,60,5.81,-1.38,-9.02,-3.21,30.58,32.72,-15.29,False,False,,,,,,,,,,filing-other,
GKOS,2025-10-30,NYSE,Health Technology,Medical Specialties,9351.9,77.09,23.32,13.89,-7.65,19.74,0.12,4.29,1.0,3,5.07,-10.5,-7.7,1.0,-41.9,50.1,100,-7.36,-9.59,-13.97,-3.43,11.8,12.74,-14.9,False,False,,,,,,,,,,earnings,"2.02,7.01,9.01"
GKOS,2026-04-30,NYSE,Health Technology,Medical Specialties,9351.9,116.96,20.98,22.84,1.53,11.15,0.87,3.93,0.55,7,3.86,-1.8,50.4,0.97,8.7,0.0,100,-0.9,-5.71,-5.19,0.46,-26.96,4.67,-28.29,False,True,143.67,8.89,-1.0,6,-1.0,6,-1.0,6,-0.934,earnings,"2.02,7.01,9.01"
AYI,2026-06-25,NYSE,Producer Manufacturing,Electrical Products,9243.8,305.51,14.53,17.64,2.72,11.69,0.6,4.55,1.31,1,3.5,7.3,-16.9,1.0,-8.0,18.1,100,3.6,7.65,2.62,-4.8,-5.64,8.22,-7.54,False,True,359.39,6.58,0.0,4,0.0,4,0.0,4,0.244,earnings,"2.02,9.01"
PODD,2025-05-09,NASDAQ,Health Technology,Medical Specialties,9213.0,257.0,14.02,20.88,6.02,6.53,0.92,4.08,1.74,0,3.45,-9.2,6.5,1.0,1.2,0.0,100,8.07,9.69,10.82,9.67,4.31,12.39,3.3,True,True,310.67,5.68,0.606,10,0.368,18,0.0,20,0.607,earnings,"2.02,9.01"
MTCH,2026-02-04,NASDAQ,Technology Services,Internet Software/Services,9211.9,28.9,14.81,5.92,-7.75,15.93,0.39,3.55,0.67,1,2.69,-11.1,-14.3,1.0,-15.4,33.1,100,-7.02,-1.78,-5.36,-7.5,-5.64,-0.56,-10.94,True,False,,,,,,,,,,earnings,"2.02,7.01,8.01,9.01"
KYMR,2025-06-02,NASDAQ,Health Technology,Biotechnology,9189.0,29.64,34.95,45.51,7.83,19.28,0.88,9.67,2.96,1,7.0,-1.8,-35.5,0.79,-24.9,35.7,100,8.95,19.15,17.9,17.1,11.1,25.68,7.08,True,True,43.13,14.54,0.514,11,0.158,18,0.0,23,0.583,other-8k,"7.01,8.01,9.01"
KYMR,2025-12-08,NASDAQ,Health Technology,Biotechnology,9189.0,66.62,33.85,41.55,5.75,18.92,0.47,11.07,1.19,4,5.11,53.2,41.3,0.87,29.6,0.0,100,-2.57,-1.53,-3.91,-5.41,-14.0,5.21,-22.53,False,True,94.3,8.15,-1.0,1,-1.0,1,-1.0,1,-1.0,equity-sale,"7.01,8.01,9.01"
KYMR,2026-06-25,NASDAQ,Health Technology,Biotechnology,9189.0,99.87,8.94,16.61,7.04,22.49,0.43,5.41,0.52,4,5.35,26.5,18.4,0.94,3.6,0.0,100,-0.63,5.4,4.33,9.7,1.63,11.12,-3.49,False,True,116.46,8.84,-1.0,2,-1.0,2,-1.0,2,-1.0,other-8k,"5.07,7.01,8.01,9.01"
CYTK,2025-09-02,NASDAQ,Health Technology,Pharmaceuticals: Major,9125.5,35.33,27.12,40.45,10.49,11.82,0.89,8.66,1.45,3,4.91,13.2,-17.6,1.0,-24.4,36.6,100,11.31,18.04,14.67,10.8,22.38,24.52,5.14,True,True,49.62,9.49,0.0,9,0.0,9,0.0,9,0.24,other-8k,"8.01,9.01"
CYTK,2026-05-05,NASDAQ,Health Technology,Pharmaceuticals: Major,9125.5,66.05,13.08,16.71,3.21,9.76,0.56,10.16,1.38,3,3.79,2.0,3.9,1.0,5.2,0.0,100,0.2,2.97,0.16,2.36,-5.33,5.93,-6.05,False,True,77.09,5.21,-1.0,1,-1.0,1,-1.0,1,-1.0,earnings,"2.02,8.01,9.01"
SAIA,2025-07-25,NASDAQ,Transportation,Trucking,8971.2,311.79,12.0,7.0,-4.47,13.46,0.49,3.15,0.45,2,3.72,-12.0,-37.8,0.95,-44.1,48.6,100,-7.44,-13.32,-16.07,-18.75,-8.29,-4.36,-20.33,False,False,,,,,,,,,,earnings,"2.02,9.01"
SIRI,2026-02-05,NASDAQ,Consumer Services,Broadcasting,8682.8,20.73,8.2,9.02,0.76,6.41,0.32,5.54,1.66,1,2.87,-5.0,-1.1,1.0,-18.2,39.9,100,-3.34,-4.86,-3.25,-6.11,-0.8,1.96,-7.98,False,True,22.6,1.99,-1.0,1,-1.0,1,-1.0,1,-1.0,earnings,"2.02,7.01,9.01"
TTEK,2025-05-08,NASDAQ,Industrial Services,Engineering & Construction,8628.7,30.88,10.98,12.95,1.78,6.77,0.79,3.47,0.38,6,2.9,-8.6,-37.3,1.0,-33.1,55.9,100,3.41,2.25,2.66,3.44,3.85,6.13,-0.76,True,True,34.88,5.1,0.124,14,0.0,15,0.0,15,0.113,earnings,"1.01,2.02,2.03,3.03,8.01,9.01"
TGTX,2026-01-14,NASDAQ,Health Technology,Pharmaceuticals: Major,8600.9,27.87,11.8,5.99,-5.2,16.84,0.23,5.04,0.65,4,3.67,-18.4,-28.2,1.0,-33.0,71.0,100,-1.44,-0.71,1.51,-3.72,-8.79,4.46,-11.41,False,False,,,,,,,,,,other-8k,"7.01,9.01"
AAOI,2025-06-12,NASDAQ,Electronic Technology,Semiconductors,8547.5,16.32,8.15,3.68,-4.14,18.54,0.08,5.2,0.95,2,8.14,2.8,-54.9,0.46,-60.3,64.8,98,-12.35,-4.93,32.86,48.56,67.11,75.72,-13.37,False,False,,,,,,,,,,agreement,"1.01,2.03,5.03,5.07,9.01"
AAOI,2026-02-27,NASDAQ,Electronic Technology,Semiconductors,8547.5,53.69,22.8,56.88,27.76,28.58,1.0,4.87,1.35,1,12.45,136.2,123.2,0.48,11.3,0.0,28,55.48,51.24,44.97,46.84,48.96,95.6,28.32,True,True,84.23,22.16,0.674,10,0.177,15,0.0,21,0.726,earnings,"1.01,2.02,2.03,9.01"
AAOI,2026-03-02,NASDAQ,Electronic Technology,Semiconductors,8547.5,84.23,27.69,21.7,-4.69,17.3,0.54,4.62,1.09,2,13.09,229.4,230.4,0.48,27.6,0.0,24,-11.35,-5.96,2.85,-12.53,-20.79,19.91,-23.84,False,False,,,,,,,,,,filing-other,
MXL,2025-07-24,NASDAQ,Electronic Technology,Semiconductors,8409.1,15.32,29.24,12.6,-12.88,19.69,0.16,11.07,1.45,11,4.35,39.1,-36.8,0.65,-23.0,12.1,100,-17.37,-12.58,-20.1,-22.68,-23.48,-10.76,-29.75,False,False,,,,,,,,,,earnings,"2.02,9.01"
MXL,2026-04-24,NASDAQ,Electronic Technology,Semiconductors,8409.1,34.25,57.66,76.12,11.7,18.29,0.67,15.13,2.61,2,7.2,86.0,104.1,0.84,44.5,0.0,58,-4.35,25.04,42.93,84.87,83.63,93.09,-8.15,False,True,60.32,10.97,-1.0,1,-1.0,1,-1.0,1,-1.0,earnings,"1.01,2.02,2.03,9.01"
KMX,2025-06-20,NYSE,Retail Trade,Specialty Stores,8405.4,64.33,9.23,6.59,-2.42,7.53,0.62,3.67,0.61,2,2.6,-10.3,-25.2,0.9,-23.0,59.5,100,-4.41,-3.94,-5.22,-2.12,-12.52,2.45,-12.52,False,False,,,,,,,,,,earnings,"2.02,9.01"
EAT,2026-04-29,NYSE,Consumer Services,Restaurants,8315.8,129.14,10.73,14.45,3.36,6.88,0.7,3.52,0.49,3,4.44,-17.6,2.3,0.98,-23.6,60.8,100,6.46,-1.97,2.87,-11.64,-2.08,8.42,-12.62,False,True,147.8,4.6,-1.0,3,0.05,2,-1.0,3,-1.04,earnings,"2.02,9.01"
ALV,2026-04-17,NYSE,Producer Manufacturing,Auto Parts: OEM,8278.7,111.33,12.41,6.82,-4.98,6.24,0.04,3.18,0.84,1,2.12,-14.1,-7.9,1.0,-3.8,12.6,100,-3.03,-7.18,-5.86,-7.18,-8.23,-1.61,-9.74,False,False,,,,,,,,,,earnings,"2.02,7.01,9.01"
OSCR,2025-05-07,NYSE,Health Services,Managed Health Care,8141.2,13.07,22.88,30.22,5.98,13.65,0.82,6.96,2.15,2,5.61,-17.0,-25.9,0.83,-27.0,24.1,100,6.23,4.73,2.99,-7.47,-2.55,13.76,-15.5,False,True,17.02,10.05,-0.322,9,-1.0,10,-1.0,10,-0.254,earnings,"2.02,9.01"
OSCR,2025-06-20,NYSE,Health Services,Managed Health Care,8141.2,18.77,14.81,13.05,-1.53,12.16,0.37,5.26,1.42,1,6.49,45.3,35.0,0.76,-2.1,0.0,100,-5.24,-10.95,-5.29,-22.0,-36.8,2.51,-39.44,False,False,,,,,,,,,,filing-other,
OSCR,2025-11-24,NYSE,Health Services,Managed Health Care,8141.2,13.48,20.55,22.33,1.48,9.14,0.68,3.82,0.71,10,6.84,-21.1,-10.2,0.76,-31.7,48.4,100,2.95,10.58,3.69,4.37,-8.68,14.65,-10.06,False,True,16.49,5.82,0.0,5,0.0,5,0.25,1,0.514,none,
AGCO,2025-07-31,NYSE,Producer Manufacturing,Trucks/Construction/Farm Machinery,8134.9,106.64,9.01,10.62,1.48,8.3,0.66,3.98,0.61,5,2.63,25.7,2.7,0.98,0.0,0.0,100,-2.27,-2.25,-3.86,-4.19,-2.68,1.3,-6.9,False,True,117.97,5.17,-1.0,3,-1.0,3,-1.0,3,-0.904,earnings,"2.02,9.01"
TKR,2026-05-06,NYSE,Producer Manufacturing,Industrial Machinery,8125.7,109.63,8.26,9.19,0.85,9.44,0.63,3.07,0.67,1,2.64,10.7,40.6,1.0,6.3,0.0,100,-1.98,-1.1,-2.49,-1.26,12.61,12.9,-9.72,False,True,119.7,5.6,-0.778,7,-1.0,8,-1.0,8,-0.634,earnings,"2.02,9.01"
DY,2025-05-21,NYSE,Industrial Services,Engineering & Construction,8114.5,193.62,11.04,15.76,4.25,7.73,0.72,3.12,0.88,3,3.0,12.9,3.3,0.81,3.8,0.0,100,4.28,5.93,6.2,10.6,8.84,13.2,1.2,True,True,224.13,5.3,0.775,13,2.791,62,2.479,65,0.619,earnings,"2.02,7.01,9.01"
DY,2025-11-19,NYSE,Industrial Services,Engineering & Construction,8114.5,296.2,9.55,9.82,0.25,10.38,0.25,3.62,0.7,5,3.9,13.0,32.2,1.0,7.5,0.0,100,-0.34,5.0,9.39,9.22,5.15,13.0,-1.37,True,True,325.29,2.52,2.88,12,1.796,19,5.45,71,2.546,earnings,"1.01,2.02,3.01,7.01,8.01,9.01"
DY,2026-05-27,NYSE,Industrial Services,Engineering & Construction,8114.5,420.47,27.36,25.84,-1.19,8.73,0.18,3.6,0.29,2,4.35,-1.2,28.8,0.94,15.2,0.0,100,-0.06,-7.77,-9.6,-16.73,-7.82,3.06,-19.35,False,False,,,,,,,,,,earnings,"2.02,9.01"
MP,2025-04-14,NYSE,Non-Energy Minerals,Other Metals/Minerals,8091.2,22.68,11.07,21.65,9.53,15.55,0.79,5.99,1.84,1,7.45,16.1,30.6,0.97,-7.7,11.6,100,-0.48,4.61,-9.29,-2.42,-17.55,17.98,-20.4,False,True,27.59,10.91,-1.0,4,-0.837,1,-1.0,4,-0.804,none,
MP,2025-07-10,NYSE,Non-Energy Minerals,Other Metals/Minerals,8091.2,30.03,60.17,50.62,-5.97,12.26,0.45,7.37,3.41,0,7.36,36.9,46.8,0.57,23.0,0.0,98,-6.22,21.04,25.28,27.98,47.75,50.42,-7.23,True,False,,,,,,,,,,agreement,"1.01,2.03,3.02,3.03,5.03,7.01,9.01"
MP,2025-07-15,NYSE,Non-Energy Minerals,Other Metals/Minerals,8091.2,48.52,11.29,19.99,7.81,18.88,0.53,4.61,0.86,1,7.15,113.9,145.7,0.48,5.9,0.0,24,8.43,17.07,11.26,11.59,38.8,52.78,1.48,True,True,58.22,9.15,0.0,5,0.0,5,0.0,5,0.313,equity-sale,"7.01,8.01,9.01"
MP,2025-10-13,NYSE,Non-Energy Minerals,Other Metals/Minerals,8091.2,78.34,10.8,21.34,9.52,15.75,0.71,3.61,0.58,4,7.97,34.6,245.4,1.0,2.2,0.0,96,13.65,-3.41,-4.49,-24.46,-26.06,15.5,-41.82,False,True,95.06,10.06,-1.0,3,-1.0,3,-1.0,3,-1.058,filing-other,
KTOS,2026-01-08,NASDAQ,Electronic Technology,Aerospace & Defense,8081.4,91.44,8.85,13.78,4.53,11.17,0.48,4.38,0.27,15,5.23,-13.5,97.6,0.73,-11.6,1.7,99,14.24,20.29,25.15,10.91,-5.14,34.63,-15.1,False,True,104.04,5.07,1.861,9,0.782,14,0.0,15,2.232,filing-other,
RIOT,2026-08-11,NASDAQ,Technology Services,Information Technology Services,8026.8,19.4,21.49,4.33,-14.13,22.34,0.21,4.23,1.15,0,9.77,-23.4,29.6,0.71,-22.3,11.4,100,-13.79,-19.33,-19.77,-9.63,-6.36,-2.97,-26.22,False,False,,,,,,,,,,earnings,"2.02,8.01,9.01"
MGM,2026-02-04,NYSE,Consumer Services,Casinos/Gaming,7930.2,34.17,11.76,8.08,-3.3,7.89,0.19,3.13,0.72,1,3.24,6.3,-2.3,1.0,-7.6,5.4,100,-5.0,-0.34,-4.79,-4.53,-2.78,-0.13,-12.2,False,False,,,,,,,,,,earnings,"2.02,9.01"
MGM,2026-06-01,NYSE,Consumer Services,Casinos/Gaming,7930.2,43.67,10.97,16.08,4.6,6.81,0.73,5.55,1.76,0,3.61,22.3,25.6,0.97,9.4,0.0,100,-0.21,-1.07,-2.48,0.33,-1.34,4.31,-4.79,False,True,50.69,4.71,-1.0,1,-1.0,1,-1.0,1,-1.0,filing-other,
PRAX,2025-10-16,NASDAQ,Health Technology,Pharmaceuticals: Major,7845.5,57.35,176.01,183.71,2.79,31.63,0.13,31.45,4.29,3,7.32,6.5,92.3,0.81,72.4,0.0,100,20.03,20.05,12.46,26.98,12.5,30.59,-2.43,False,True,162.71,3.87,3.06,12,0.0,14,0.0,14,3.485,equity-sale,"7.01,8.01,9.01"
PRAX,2025-10-17,NASDAQ,Health Technology,Pharmaceuticals: Major,7845.5,162.71,9.95,16.77,6.2,14.28,0.47,5.0,0.32,2,8.57,195.0,381.5,0.79,-13.1,0.0,43,-2.14,3.09,-2.76,11.1,4.2,15.55,-13.67,False,True,189.99,6.24,-1.0,1,-1.0,1,-1.0,1,-1.0,equity-sale,"7.01,8.01,9.01"
PRAX,2025-12-05,NASDAQ,Health Technology,Pharmaceuticals: Major,7845.5,189.97,26.86,30.54,2.9,15.4,0.2,3.26,0.21,2,8.73,366.2,326.3,0.46,16.6,0.0,23,12.44,8.54,11.54,13.24,13.24,31.83,4.15,True,True,247.99,3.06,2.765,14,3.286,20,8.05,62,2.441,none,
PRAX,2026-08-06,NASDAQ,Health Technology,Pharmaceuticals: Major,7845.5,319.23,9.79,15.95,5.62,11.29,0.68,3.24,0.11,8,5.67,-5.6,5.2,0.83,-4.4,1.3,100,2.94,5.77,5.13,4.03,1.34,12.05,-4.85,False,True,370.16,7.14,-0.211,10,-0.961,16,-1.0,17,-0.134,earnings,"2.02,7.01,9.01"
ZWS,2025-07-30,NYSE,Producer Manufacturing,Industrial Machinery,7760.8,38.27,9.75,12.2,2.24,6.41,0.55,4.49,1.01,4,2.05,12.0,-2.8,1.0,2.1,0.0,100,5.36,4.71,5.57,9.17,10.83,10.95,0.93,True,True,42.94,3.4,1.199,12,1.493,23,1.808,51,1.037,earnings,"2.02,9.01"
RAL,2026-05-12,NYSE,Electronic Technology,Electronic Equipment/Instruments,7742.6,49.56,18.81,19.37,0.48,7.49,0.77,6.73,0.3,7,3.2,15.1,6.2,1.0,3.3,0.0,100,4.21,0.8,-0.48,6.15,6.06,10.87,-3.45,True,True,59.16,5.43,0.0,3,0.0,3,0.0,3,0.02,earnings,"2.02,8.01"
HNGE,2026-02-11,NYSE,Technology Services,Packaged Software,7682.9,33.05,16.49,17.28,0.68,17.47,0.8,5.74,0.64,6,6.36,-25.4,-41.0,0.84,-38.1,87.3,100,2.52,1.79,8.88,13.43,15.48,22.7,-2.16,True,True,38.76,12.25,0.0,7,0.0,7,0.149,1,0.03,earnings,"2.02,7.01,9.01"
IONS,2025-09-02,NASDAQ,Health Technology,Pharmaceuticals: Major,7626.2,42.64,15.24,34.83,16.99,17.89,0.95,8.41,3.89,0,3.01,25.0,30.8,0.9,7.6,0.0,100,23.1,24.6,31.05,24.79,33.13,33.39,19.17,True,True,57.49,14.54,0.432,9,1.441,49,2.359,94,0.437,other-8k,"7.01,8.01,9.01"
LEVI,2025-04-08,NYSE,Consumer Non-Durables,Apparel/Footwear,7600.8,13.5,16.37,-8.0,-20.94,27.41,0.03,6.68,1.34,1,4.46,-24.3,-31.9,0.95,-28.4,92.4,100,-4.96,-4.26,-8.66,-0.13,5.35,5.82,-22.53,False,False,,,,,,,,,,earnings,"2.02,9.01"
LEVI,2025-07-11,NYSE,Consumer Non-Durables,Apparel/Footwear,7600.8,19.73,10.24,11.25,0.92,5.87,0.8,6.68,1.1,3,2.71,32.2,11.7,0.94,-0.9,0.5,100,-1.75,-3.59,-3.86,-5.98,-8.0,2.76,-13.52,False,True,21.95,4.51,-1.0,3,-1.0,3,-1.0,3,-0.997,earnings,"2.02,9.01"
LEVI,2026-04-08,NYSE,Consumer Non-Durables,Apparel/Footwear,7600.8,19.71,14.92,10.65,-3.71,7.29,0.26,4.57,0.7,2,3.49,-8.4,-18.9,1.0,-8.7,8.1,100,0.49,-1.41,-1.68,0.75,1.68,4.39,-4.42,True,False,,,,,,,,,,earnings,"2.02,5.02,7.01,9.01"
APLD,2025-06-02,NASDAQ,Technology Services,Data Processing Services,7600.0,6.83,21.08,48.46,22.61,31.26,0.84,6.67,1.87,1,8.39,-0.7,-29.9,0.51,-33.7,25.3,100,23.94,54.41,57.44,39.66,18.02,86.46,13.78,True,True,10.14,20.81,0.493,9,0.0,13,0.0,13,0.744,agreement,"1.01,3.02,7.01,8.01,9.01"
APLD,2025-07-31,NASDAQ,Technology Services,Data Processing Services,7600.0,10.03,25.32,31.01,4.53,15.25,0.51,4.42,0.58,7,6.83,120.9,49.9,0.51,-18.5,10.8,55,-0.4,18.46,13.29,15.75,32.06,40.02,-9.31,False,True,13.14,7.15,-1.0,1,-1.0,1,-1.0,1,-1.0,earnings,"2.02,9.01"
APLD,2025-10-10,NASDAQ,Technology Services,Data Processing Services,7600.0,29.29,26.39,16.05,-8.18,19.01,0.19,3.84,0.45,8,8.53,207.7,471.0,0.46,23.5,0.0,23,-7.51,2.0,-7.51,-9.7,-16.32,8.59,-24.34,False,False,,,,,,,,,,earnings,"1.01,2.02,3.02,8.01,9.01"
WULF,2025-08-14,NASDAQ,Technology Services,Data Processing Services,7529.4,5.46,31.87,59.52,20.97,29.97,0.98,6.36,2.27,0,7.97,49.2,12.6,0.63,-22.6,6.7,91,24.58,21.94,27.64,31.11,49.44,55.97,13.06,True,True,8.71,22.62,0.137,13,0.0,14,0.0,14,0.103,earnings,"1.01,2.02,7.01,8.01,9.01"
WULF,2025-08-18,NASDAQ,Technology Services,Data Processing Services,7529.4,8.97,11.59,4.57,-6.29,15.16,0.06,3.0,0.56,1,9.22,130.6,84.2,0.67,7.6,0.0,55,-12.29,-8.19,-10.79,-3.8,9.29,12.19,-14.09,False,False,,,,,,,,,,agreement,"1.01,7.01,8.01,9.01"
SYRE,2026-04-13,NASDAQ,Health Technology,Pharmaceuticals: Major,7470.1,51.29,30.63,23.36,-5.57,27.08,0.27,6.69,0.96,5,5.93,67.6,142.3,0.49,23.2,0.0,36,-4.46,4.03,9.54,7.31,14.07,17.61,-9.33,True,False,,,,,,,,,,earnings,"2.02,7.01,8.01,9.01"
VFS,2025-06-09,NASDAQ,Consumer Durables,Motor Vehicles,7392.9,3.42,9.65,4.39,-4.8,9.24,0.37,4.04,0.25,7,3.7,6.5,-32.5,0.97,-30.3,62.3,100,-6.4,-5.6,-2.13,-7.6,-6.67,0.0,-10.93,False,False,,,,,,,,,,equity-sale,
SLAB,2026-02-04,NASDAQ,Electronic Technology,Semiconductors,7379.7,136.62,50.23,48.89,-0.89,2.88,0.29,28.94,5.17,2,4.26,6.8,7.8,1.0,28.3,0.0,100,-0.01,0.08,0.91,-0.22,-0.97,1.75,-1.28,True,False,,,,,,,,,,earnings,"1.01,2.02,7.01,9.01"
AVAV,2025-06-25,NASDAQ,Electronic Technology,Aerospace & Defense,7279.6,193.28,15.81,21.55,4.96,11.86,0.43,9.78,2.13,2,4.35,47.3,19.4,0.62,-5.4,0.8,92,21.68,27.3,10.01,6.13,21.16,32.19,2.26,True,True,234.94,4.87,0.507,7,0.0,8,0.0,8,1.795,earnings,"2.02,7.01,9.01"
AVAV,2026-03-02,NASDAQ,Electronic Technology,Aerospace & Defense,7279.6,252.25,12.68,-17.42,-26.71,54.42,0.11,9.8,2.03,6,7.17,-9.6,1.3,0.76,-32.0,29.8,100,-19.68,-22.4,-20.04,-25.46,-37.74,-16.62,-38.28,False,False,,,,,,,,,,filing-other,
AVAV,2026-05-28,NASDAQ,Electronic Technology,Aerospace & Defense,7279.6,181.28,10.29,18.26,7.23,11.36,0.85,3.67,0.31,5,5.39,-30.2,-34.6,0.81,-52.2,82.2,100,3.65,2.21,2.23,-8.13,-31.0,8.17,-32.38,False,True,214.39,8.79,-1.0,4,-1.0,4,-1.0,4,-0.844,none,
AVAV,2026-06-30,NASDAQ,Electronic Technology,Aerospace & Defense,7279.6,139.0,26.98,18.76,-6.48,13.13,0.35,5.4,0.6,5,5.97,-21.5,-45.5,0.86,-57.8,89.7,100,-2.3,0.19,-10.61,-19.99,-19.48,13.53,-21.19,False,False,,,,,,,,,,earnings,"2.02,7.01,9.01"
ZETA,2025-06-20,NYSE,Technology Services,Packaged Software,7269.4,12.59,11.2,12.63,1.29,7.51,0.2,4.67,0.4,16,3.99,-12.7,-41.5,0.95,-63.4,77.9,100,20.07,7.29,7.93,6.21,11.64,29.86,-1.86,False,True,14.18,1.45,3.366,10,0.0,14,0.0,14,3.61,filing-other,
ZETA,2025-06-23,NYSE,Technology Services,Packaged Software,7269.4,14.18,13.26,18.55,4.67,15.92,0.64,9.08,0.87,14,4.13,-1.7,-30.3,0.95,-58.0,68.9,100,0.44,-4.48,-3.55,-6.6,-2.74,13.2,-14.45,False,True,16.81,9.22,-1.0,2,-1.0,2,-1.0,2,-1.0,none,
ZETA,2025-08-06,NYSE,Technology Services,Packaged Software,7269.4,15.87,16.89,27.47,9.06,10.46,0.87,4.84,1.04,3,5.08,21.1,-13.8,0.97,-51.4,37.0,100,5.55,-2.86,-0.59,-2.05,0.7,13.32,-6.31,False,True,20.23,8.3,-1.0,3,-1.0,3,-1.0,3,-1.105,earnings,"2.02,9.01"
MAAS,2025-06-23,NASDAQ,Technology Services,Packaged Software,7127.9,2.7,61.48,267.78,127.75,205.73,0.62,61.48,4.3,13,15.21,-70.2,-83.6,0.22,-96.5,79.0,50,55.73,-5.05,-23.17,-22.02,-15.83,148.85,-30.73,False,True,9.93,56.09,-1.0,1,-1.0,1,-1.0,1,-1.0,none,
MAAS,2025-12-11,NASDAQ,Technology Services,Packaged Software,7127.9,3.88,13.94,0.52,-11.78,17.59,0.13,4.73,0.03,45,5.35,2.1,43.7,0.83,-83.3,61.2,100,-10.2,-8.62,2.24,10.16,19.88,40.92,-11.11,True,False,,,,,,,,,,filing-other,
VSXY,2025-12-05,NYSE,Retail Trade,Apparel/Footwear Retail,7117.3,41.57,16.84,17.99,0.99,9.38,0.73,5.0,0.89,6,5.49,62.1,87.6,0.62,-0.3,0.2,67,4.28,7.08,12.19,16.74,20.22,22.13,-3.95,True,True,49.05,6.39,1.665,13,3.037,33,1.167,60,1.425,earnings,"2.02,7.01,9.01"
VSXY,2026-06-02,NYSE,Retail Trade,Apparel/Footwear Retail,7117.3,54.3,44.62,47.44,1.95,9.45,0.83,4.71,0.82,2,6.08,-12.6,31.4,0.92,17.4,0.0,100,0.55,-5.0,-4.55,0.23,-1.04,12.78,-8.32,False,True,80.06,7.24,-1.0,1,-1.0,1,-1.0,1,-1.0,earnings,"2.02,7.01,9.01"
DBX,2026-05-08,NASDAQ,Technology Services,Packaged Software,7110.4,25.13,9.13,15.0,5.38,8.95,0.92,3.05,0.98,1,2.89,0.5,-13.7,1.0,-15.4,54.8,100,-3.41,-4.47,-2.21,0.02,-0.46,5.52,-7.07,False,True,28.9,7.58,-1.0,1,-1.0,1,-1.0,1,-1.0,earnings,"2.02,7.01,9.01"
AAON,2026-05-07,NASDAQ,Producer Manufacturing,Industrial Machinery,7017.2,98.3,45.47,31.49,-9.62,18.98,0.17,9.08,1.09,0,5.49,5.8,9.3,0.97,23.2,0.0,100,-2.34,-6.53,-2.1,-7.42,-7.26,5.22,-11.77,True,False,,,,,,,,,,earnings,"2.02,7.01,8.01,9.01"
CELH,2025-08-07,NASDAQ,Consumer Non-Durables,Beverages: Non-Alcoholic,7011.6,42.74,19.35,17.27,-1.74,6.63,0.11,4.59,0.38,8,3.56,19.4,90.5,0.87,5.2,0.0,100,1.84,7.27,11.1,21.68,14.43,24.49,-0.67,True,False,,,,,,,,,,earnings,"2.02,7.01,9.01"
CELH,2026-02-26,NASDAQ,Consumer Non-Durables,Beverages: Non-Alcoholic,7011.6,50.61,15.93,6.94,-7.76,11.8,0.17,3.56,0.39,4,4.34,33.5,-15.0,0.83,-12.1,10.9,100,-8.62,-19.7,-25.53,-25.55,-39.34,-5.47,-40.0,False,False,,,,,,,,,,earnings,"2.02,7.01,9.01"
FSS,2025-07-30,NYSE,Consumer Durables,Motor Vehicles,6974.6,104.86,12.05,18.21,5.49,10.36,0.62,4.01,1.23,1,2.18,38.6,6.6,0.95,2.7,0.0,100,7.72,6.04,6.69,10.39,8.77,10.89,2.94,True,True,123.95,6.06,0.065,12,0.0,15,0.0,15,0.072,filing-other,
PRMB,2026-02-26,NYSE,Consumer Non-Durables,Beverages: Non-Alcoholic,6967.4,19.63,9.53,15.38,5.35,11.51,0.75,3.34,0.37,6,3.28,31.2,-21.0,0.98,-40.0,62.3,100,5.49,7.02,1.72,-3.02,-16.84,8.74,-17.07,False,True,22.65,7.95,-0.511,7,-1.0,9,-1.0,9,-0.274,earnings,"2.02,9.01"
PRMB,2026-08-05,NYSE,Consumer Non-Durables,Beverages: Non-Alcoholic,6967.4,23.29,10.73,8.72,-1.82,7.29,0.5,3.67,0.2,20,3.15,14.9,22.8,0.98,-5.7,2.0,100,-7.29,-8.84,-7.29,-8.3,-14.5,-2.4,-15.47,False,False,,,,,,,,,,earnings,"2.02,9.01"
COMP,2026-01-07,NYSE,Finance,Real Estate Development,6916.5,10.83,8.96,9.33,0.34,10.98,0.41,9.9,2.26,1,3.64,46.2,64.1,0.68,6.6,0.0,95,3.9,3.47,4.24,12.54,2.03,18.26,-3.39,True,True,11.84,4.27,2.356,15,0.871,17,0.0,19,1.815,earnings,"2.02,5.07,7.01,8.01,9.01"
IMVT,2026-05-20,NASDAQ,Health Technology,Biotechnology,6911.3,26.29,15.79,35.26,16.82,20.55,0.88,12.88,2.94,2,5.11,-0.3,8.2,1.0,0.9,0.0,100,12.12,11.14,10.05,7.33,16.1,17.57,-0.66,True,True,35.56,15.35,-0.85,8,-0.872,12,0.795,71,-0.672,earnings,"2.02,9.01"
OKLO,2025-05-23,NYSE,Producer Manufacturing,Industrial Machinery,6903.1,39.72,12.44,23.04,9.43,19.57,0.61,7.1,1.66,8,9.65,16.5,82.2,0.6,-24.5,8.9,97,20.69,18.52,17.42,21.5,35.94,64.69,0.87,True,True,48.87,10.72,0.0,7,0.0,7,0.0,7,0.258,filing-other,
OKLO,2026-01-09,NYSE,Producer Manufacturing,Industrial Machinery,6903.1,97.6,17.16,7.9,-7.91,11.24,0.11,3.25,0.37,16,7.97,-29.3,74.0,0.48,-41.0,16.9,93,-10.36,-16.07,-16.97,-28.02,-34.37,-5.9,-46.06,False,False,,,,,,,,,,filing-other,
CIFR,2025-07-02,NASDAQ,Technology Services,Data Processing Services,6852.2,4.9,9.39,15.92,5.97,14.23,0.97,3.04,1.29,0,9.12,99.2,0.8,0.48,-31.0,24.5,54,12.87,12.5,16.42,19.78,1.87,32.46,-1.68,True,True,5.68,12.15,0.696,17,0.0,18,0.0,18,0.633,filing-other,
ALKS,2026-03-31,NASDAQ,Health Technology,Pharmaceuticals: Major,6844.7,30.15,9.32,17.28,7.28,11.31,0.77,5.19,1.41,2,3.52,7.6,3.8,0.9,-9.3,8.2,100,6.34,3.4,5.49,0.79,2.28,10.68,-1.49,False,True,35.36,7.98,-1.0,4,-1.0,4,-1.0,4,-0.818,filing-other,
VCTR,2025-07-16,NASDAQ,Finance,Investment Managers,6790.7,63.69,9.51,9.39,-0.11,3.72,0.63,6.96,1.97,2,2.5,14.2,3.3,1.0,-5.0,4.7,100,1.75,-3.94,0.03,0.01,2.84,4.62,-6.27,False,False,,,,,,,,,,filing-other,
GLBE,2025-08-13,NASDAQ,Retail Trade,Internet Retail,6728.8,33.97,8.71,-8.57,-15.89,23.46,0.15,4.16,0.48,6,3.63,-19.9,-45.7,0.98,-42.0,48.7,100,-17.14,-11.86,-13.78,-10.43,-0.76,1.25,-18.17,True,False,,,,,,,,,,filing-other,
GLBE,2026-02-18,NASDAQ,Retail Trade,Internet Retail,6728.8,29.7,22.83,17.21,-4.58,12.11,0.53,5.13,0.67,4,4.53,-16.3,-8.8,0.94,-42.7,32.1,100,-0.66,-4.93,-3.81,-1.97,-6.74,3.18,-8.61,True,False,,,,,,,,,,filing-other,
HIMS,2025-04-29,NYSE,Health Services,Medical/Nursing Services,6696.1,28.48,33.22,23.03,-7.64,15.14,0.42,6.92,1.71,2,10.7,-9.7,32.3,0.43,-48.0,25.7,96,-12.76,7.59,30.39,68.69,40.59,73.67,-16.32,False,False,,,,,,,,,,filing-other,
HIMS,2026-02-05,NYSE,Health Services,Medical/Nursing Services,6696.1,24.4,9.84,-3.77,-12.39,21.0,0.11,4.47,0.4,15,6.52,-43.0,-52.3,0.79,-63.3,97.7,100,-14.1,-35.67,-41.04,-41.68,-41.27,-11.87,-48.73,False,False,,,,,,,,,,filing-other,
HIMS,2026-03-09,NYSE,Health Services,Medical/Nursing Services,6696.1,15.74,47.49,40.79,-4.54,12.11,0.47,5.29,0.99,3,8.94,-60.7,-67.5,0.43,-67.0,90.4,68,1.1,2.69,7.17,-3.25,-16.0,18.63,-19.79,False,False,,,,,,,,,,none,
HIMS,2026-03-10,NYSE,Health Services,Medical/Nursing Services,6696.1,22.16,8.3,5.91,-2.21,16.05,0.29,3.09,0.67,3,8.96,-43.5,-55.4,0.41,-65.9,87.5,93,7.83,3.21,4.08,-11.08,-19.21,14.75,-22.42,False,False,,,,,,,,,,other-8k,"7.01,9.01"
PACS,2025-11-17,NYSE,Health Services,Hospital/Nursing Management,6689.7,10.58,21.46,48.39,22.18,32.34,0.73,18.37,2.03,7,5.43,-10.6,-0.7,0.92,-39.1,43.5,100,12.3,103.42,133.15,144.9,166.15,176.96,9.65,True,True,15.7,19.04,5.037,13,7.716,41,6.181,49,4.522,filing-other,
PACS,2025-11-20,NYSE,Health Services,Hospital/Nursing Management,6689.7,16.83,52.64,55.32,1.75,13.11,0.49,11.13,1.13,4,7.94,39.7,71.7,0.87,45.1,0.0,100,7.05,23.71,30.05,19.74,41.65,43.91,-4.2,True,True,26.14,6.04,2.924,10,7.994,38,5.089,46,3.139,earnings,"2.02,9.01"
PACS,2026-05-12,NYSE,Health Services,Hospital/Nursing Management,6689.7,31.9,21.0,28.56,6.24,10.97,0.82,4.96,0.27,14,4.38,-19.2,158.9,0.95,-10.4,11.3,97,6.99,-2.9,-4.87,1.55,-11.06,10.18,-11.53,False,True,41.01,8.28,-1.0,3,-1.0,3,-1.0,3,-1.013,earnings,"2.02,9.01"
DUOL,2025-05-02,NASDAQ,Technology Services,Packaged Software,6672.6,400.0,9.23,21.61,11.33,12.47,0.99,3.51,0.88,1,6.68,9.9,35.7,0.6,-1.1,0.6,100,13.09,13.42,17.35,21.08,20.58,24.72,8.38,True,True,486.42,10.98,0.522,13,0.504,21,0.0,25,0.405,earnings,"2.02,9.01"
DUOL,2025-08-07,NASDAQ,Technology Services,Packaged Software,6672.6,343.61,29.8,13.75,-12.37,23.81,0.14,7.73,2.37,1,4.11,-30.7,-12.3,0.44,-18.2,18.5,97,-16.96,-27.59,-26.04,-22.53,-39.2,-6.78,-40.88,False,False,,,,,,,,,,earnings,"2.02,9.01"
FLR,2026-08-07,NYSE,Industrial Services,Engineering & Construction,6664.3,48.75,11.84,16.92,4.55,7.5,0.84,3.58,0.71,2,3.72,-4.6,8.4,0.98,-0.5,0.0,100,-4.16,-4.57,-3.94,-3.85,3.01,7.02,-7.1,False,True,57.0,5.91,-1.0,1,-1.0,1,-1.0,1,-1.0,earnings,"2.02,9.01"
BROS,2025-08-07,NYSE,Consumer Services,Restaurants,6656.3,57.79,20.37,21.6,1.02,7.97,0.71,5.12,0.68,1,3.42,-2.4,-12.0,0.98,-19.9,20.6,100,-5.0,-1.06,-9.06,-9.24,-5.15,7.32,-10.69,False,True,70.27,5.37,-1.0,1,-1.0,1,-1.0,1,-1.0,earnings,"2.02,7.01,9.01"
BROS,2026-02-13,NYSE,Consumer Services,Restaurants,6656.3,50.82,17.08,4.68,-10.59,19.8,0.33,4.13,0.83,1,4.93,-11.8,-19.7,0.95,-31.5,55.9,100,-9.9,-16.42,-20.54,-10.52,-15.55,-6.0,-21.82,False,False,,,,,,,,,,earnings,"2.02,7.01,9.01"
TAP.A,2025-06-03,NYSE,Consumer Non-Durables,Beverages: Alcoholic,6649.9,54.99,8.93,8.93,0.0,0.0,,5.0,0.07,27,0.5,-9.5,-8.3,1.0,-9.0,11.2,100,-6.53,-6.53,-6.53,-9.75,-13.19,-1.62,-13.19,False,False,,,,,,,,,,none,
TAP.A,2026-02-12,NYSE,Consumer Non-Durables,Beverages: Alcoholic,6649.9,50.76,8.35,8.35,0.0,0.0,,3.05,0.23,8,0.58,12.8,-4.3,1.0,-16.4,28.6,100,1.67,-3.62,-7.51,-3.84,-9.67,1.67,-11.51,False,False,,,,,,,,,,none,
TAP.A,2026-05-26,NYSE,Consumer Non-Durables,Beverages: Alcoholic,6649.9,41.41,9.2,9.2,0.0,0.0,,8.18,0.17,40,0.64,-21.7,-9.1,1.0,-24.5,91.4,100,0.0,0.0,0.0,0.0,6.15,6.15,-7.14,False,False,,,,,,,,,,agreement,"1.01,2.03,9.01"
TAP.A,2026-08-24,NYSE,Consumer Non-Durables,Beverages: Alcoholic,6649.9,41.76,8.05,6.56,-1.37,1.39,0.0,6.0,0.33,38,0.0,0.8,-21.0,1.0,-19.3,77.3,100,-1.37,-1.37,6.29,6.29,-8.62,10.82,-8.62,False,False,,,,,,,,,,none,
RYTM,2025-07-09,NASDAQ,Health Technology,Pharmaceuticals: Major,6589.8,65.14,17.82,36.63,15.96,18.72,1.0,7.94,1.23,4,3.54,18.5,9.3,1.0,9.8,0.0,100,16.01,16.16,19.14,14.41,17.28,23.52,9.42,True,True,89.0,15.72,-0.084,9,0.77,42,0.748,84,-0.052,equity-sale,"7.01,8.01,9.01"
RYTM,2025-12-11,NASDAQ,Health Technology,Pharmaceuticals: Major,6589.8,104.77,8.55,12.26,3.42,10.09,0.59,4.68,0.71,4,4.51,8.9,66.2,1.0,-2.0,1.3,100,-0.15,-1.13,-1.76,-3.28,-7.77,5.14,-15.41,False,True,117.62,5.63,-1.0,1,-1.0,1,-1.0,1,-1.0,other-8k,"7.01,8.01,9.01"
ENS,2026-05-21,NYSE,Producer Manufacturing,Electrical Products,6567.5,214.56,8.5,11.35,2.63,7.88,0.7,3.01,0.49,5,3.32,23.9,58.8,0.68,-2.9,1.7,100,-0.24,1.25,-2.07,-2.45,0.06,4.73,-8.01,False,True,238.91,5.22,-1.0,4,-1.0,4,-1.0,4,-0.752,earnings,"2.02,8.01"
ENS,2026-08-13,NYSE,Producer Manufacturing,Electrical Products,6567.5,186.72,13.0,5.71,-6.45,12.81,0.2,3.29,0.58,3,4.01,-19.9,5.6,0.94,-13.6,21.6,100,-3.6,-4.95,-9.97,-9.49,-14.95,-1.07,-16.73,False,False,,,,,,,,,,earnings,"2.02,8.01"
IOVA,2025-07-22,NASDAQ,Health Technology,Biotechnology,6545.4,2.49,11.65,25.7,12.59,19.55,0.9,3.43,0.44,2,8.92,-19.2,-57.9,0.65,-77.8,61.7,100,42.81,12.59,5.04,-1.08,-6.47,55.76,-31.65,False,True,3.13,15.02,0.0,3,0.0,3,0.0,3,0.0,none,
IOVA,2025-07-23,NASDAQ,Health Technology,Biotechnology,6545.4,3.13,19.81,26.84,5.87,20.95,0.52,7.19,0.98,3,9.55,-2.5,-46.8,0.65,-70.0,40.6,100,-12.27,-21.33,-28.8,-31.2,-32.53,7.73,-49.33,False,True,3.97,9.82,-1.0,1,-1.0,1,-1.0,1,-1.0,none,
IOVA,2025-11-03,NASDAQ,Health Technology,Biotechnology,6545.4,1.97,9.64,-1.02,-9.72,18.28,0.26,4.49,0.45,9,6.06,-28.4,-43.7,0.92,-82.7,72.4,100,-15.74,6.94,9.72,12.04,-0.93,26.85,-18.52,False,False,,,,,,,,,,none,
IOVA,2025-11-06,NASDAQ,Health Technology,Biotechnology,6545.4,1.81,24.86,27.62,2.21,19.52,0.51,6.25,0.75,7,6.5,-14.2,-42.9,0.94,-81.9,60.9,100,1.77,17.26,6.64,-3.54,-2.65,21.24,-7.96,False,True,2.31,9.09,-1.0,1,-1.0,1,-1.0,1,-1.0,earnings,"2.02,9.01"
IOVA,2026-02-24,NASDAQ,Health Technology,Biotechnology,6545.4,2.89,14.19,30.8,14.55,21.5,0.83,6.37,0.62,8,7.43,32.6,7.4,0.97,-45.8,14.2,100,16.06,16.97,13.64,57.58,9.7,70.61,3.94,True,True,3.78,15.08,0.509,12,0.193,15,0.0,16,0.386,earnings,"2.02,8.01,9.01"
IOVA,2026-02-25,NASDAQ,Health Technology,Biotechnology,6545.4,3.78,10.32,1.32,-8.15,15.08,0.09,3.57,0.41,7,7.73,68.7,49.4,0.95,-29.1,2.4,92,-9.11,-9.11,2.16,16.07,-10.07,35.01,-17.75,False,False,,,,,,,,,,earnings,"2.02,8.01,9.01"
IOVA,2026-08-06,NASDAQ,Health Technology,Biotechnology,6545.4,4.34,37.1,43.09,4.37,13.5,0.76,4.66,0.88,1,8.66,6.1,77.9,0.83,5.5,0.0,100,6.55,9.08,9.58,51.09,46.22,57.31,-1.18,True,True,6.21,9.34,3.103,16,,,,,2.23,earnings,"2.02,8.01,9.01"
URBN,2025-05-22,NASDAQ,Retail Trade,Apparel/Footwear Retail,6479.3,59.6,19.04,22.84,3.19,5.23,0.87,4.73,1.31,1,3.18,12.9,55.2,0.92,12.2,0.0,100,1.87,5.34,-1.48,-1.31,-5.72,6.84,-8.02,False,True,73.21,4.36,-1.0,5,-1.0,5,-1.0,5,-0.507,other-8k,"8.01,9.01"
URBN,2025-11-26,NASDAQ,Retail Trade,Apparel/Footwear Retail,6479.3,68.31,10.75,13.54,2.52,7.22,0.67,4.62,0.95,4,4.02,-2.0,-5.7,1.0,-6.3,6.5,100,-2.09,3.58,0.09,7.92,1.85,10.96,-3.49,False,True,77.56,4.59,-1.0,1,-1.0,1,-1.0,1,-1.0,other-8k,"8.01,9.01"
TXNM,2025-05-19,NYSE,Utilities,Electric Utilities,6442.4,52.88,8.26,6.98,-1.19,1.63,0.22,8.58,2.35,1,2.52,4.9,15.1,1.0,1.3,0.0,100,-1.48,-1.52,-0.61,-1.17,-1.66,-0.12,-1.75,False,False,,,,,,,,,,agreement,"1.01,2.03,2.04,5.02,7.01,8.01,9.01"
MBLY,2026-01-07,NASDAQ,Technology Services,Packaged Software,6431.7,12.18,15.68,0.49,-13.13,18.43,0.06,10.13,1.16,5,3.99,-19.3,-29.7,0.78,-37.4,67.7,100,-20.23,-18.81,-22.36,-25.41,-40.38,-14.62,-40.95,False,False,,,,,,,,,,earnings,"1.01,2.02,3.02,9.01"
MBLY,2026-04-23,NASDAQ,Technology Services,Packaged Software,6431.7,7.9,13.29,10.13,-2.79,8.76,0.51,3.59,0.44,2,4.71,-24.8,-47.4,0.79,-55.6,81.5,100,3.13,1.12,-2.91,-0.89,9.5,20.78,-4.47,True,False,,,,,,,,,,earnings,"2.02,9.01"
PATH,2025-05-30,NYSE,Technology Services,Packaged Software,6420.6,12.94,14.84,2.86,-10.43,16.07,0.19,4.52,0.96,2,2.6,5.2,-10.8,0.98,-6.7,6.9,100,-15.95,-12.18,-11.1,-17.63,-13.86,-9.17,-20.36,False,False,,,,,,,,,,earnings,"2.02,9.01"
PATH,2025-09-30,NYSE,Technology Services,Packaged Software,6420.6,12.56,20.86,6.53,-11.86,13.79,0.02,6.29,1.63,2,3.85,-1.0,21.9,1.0,-4.7,2.0,100,-14.43,-15.02,-2.37,8.56,6.46,23.45,-16.93,False,False,,,,,,,,,,filing-other,
PATH,2025-10-06,NYSE,Technology Services,Packaged Software,6420.6,12.9,10.0,12.56,2.33,9.42,0.47,3.62,0.76,1,4.44,-2.4,28.5,1.0,-10.9,10.1,100,4.44,30.44,20.79,12.26,11.84,32.06,-0.14,True,True,14.52,4.2,2.311,8,2.213,18,0.0,21,3.721,filing-other,
PATH,2025-12-04,NYSE,Technology Services,Packaged Software,6420.6,14.86,8.34,24.36,14.78,18.73,0.93,4.98,0.95,4,5.27,29.3,12.1,0.7,-14.1,10.9,100,15.96,17.89,11.99,-0.99,-0.43,23.23,-3.79,False,True,18.48,14.77,-0.85,7,-1.0,13,-1.0,13,-0.506,earnings,2.02
ETSY,2026-02-19,NYSE,Retail Trade,Internet Retail,6358.6,44.05,10.24,9.28,-0.86,10.46,0.67,3.59,0.52,6,5.15,-19.4,-30.6,0.92,-36.5,77.9,100,7.45,12.03,13.63,16.62,12.77,20.78,1.75,True,False,,,,,,,,,,earnings,"1.01,2.02,7.01,9.01"
LQDA,2025-08-12,NASDAQ,Health Technology,Pharmaceuticals: Major,6327.4,21.2,8.02,13.68,5.24,14.9,0.77,4.34,0.92,1,6.68,34.6,30.7,0.57,7.7,0.0,100,10.04,13.32,18.38,21.09,19.17,30.74,4.06,True,True,24.1,10.33,0.863,9,1.281,20,0.0,27,0.823,earnings,"2.02,9.01"
CLF,2025-06-02,NYSE,Non-Energy Minerals,Steel,6281.6,5.83,23.33,23.16,-0.14,8.05,0.39,4.91,1.93,0,5.79,-42.2,-51.6,0.67,-49.9,84.9,100,5.15,-1.25,8.21,1.67,12.93,13.77,-6.68,False,False,,,,,,,,,,none,
CLF,2026-07-23,NYSE,Non-Energy Minerals,Steel,6281.6,9.45,12.91,15.98,2.72,8.21,0.41,3.51,0.87,1,4.81,-0.5,-35.4,0.71,-36.1,64.0,100,11.81,12.28,9.0,14.62,0.66,20.52,-2.34,False,True,10.96,3.28,0.0,7,0.0,7,0.0,7,0.944,earnings,"2.02,5.02,9.01"
CGON,2025-04-28,NASDAQ,Health Technology,Biotechnology,6250.9,22.37,38.58,25.03,-9.77,17.16,0.08,7.19,2.68,0,9.99,-26.7,-37.2,0.71,-23.4,23.5,100,-13.1,-10.52,-9.1,-18.84,-17.68,-2.48,-32.26,False,False,,,,,,,,,,other-8k,"7.01,8.01,9.01"
QBTS,2025-05-08,NASDAQ,Electronic Technology,Computer Processing Hardware,6237.3,6.89,25.83,51.23,20.18,41.25,0.85,7.17,0.88,25,8.2,15.0,589.7,0.63,-27.4,22.0,78,27.91,23.76,27.22,119.61,114.76,127.97,13.38,True,True,10.42,26.01,2.232,19,2.015,24,2.199,58,1.526,earnings,"2.02,5.02,9.01"
QBTS,2025-05-20,NASDAQ,Electronic Technology,Computer Processing Hardware,6237.3,13.15,16.65,25.93,7.95,20.48,0.66,5.88,1.18,11,11.32,101.1,603.2,0.57,14.1,0.0,29,0.13,22.56,14.41,16.17,2.41,28.85,-3.26,True,True,16.56,11.84,0.0,6,0.0,6,0.0,6,0.381,other-8k,"8.01,9.01"
QBTS,2026-04-15,NASDAQ,Electronic Technology,Computer Processing Hardware,6237.3,16.97,9.16,22.63,12.33,18.4,0.93,4.58,0.32,22,7.17,-41.1,-58.2,0.59,-60.4,51.3,100,16.17,16.92,14.66,-1.38,15.74,33.77,-7.64,False,True,20.81,14.61,-0.763,7,-1.0,9,-1.0,9,-0.415,filing-other,
QBTS,2026-05-21,NASDAQ,Electronic Technology,Computer Processing Hardware,6237.3,19.3,12.75,33.37,18.29,19.53,0.98,3.75,0.39,4,8.65,6.9,-15.8,0.63,-53.5,41.3,100,35.11,26.29,38.51,9.6,12.45,44.99,2.71,True,True,25.74,16.05,0.0,3,0.0,3,0.0,3,0.14,other-8k,"8.01,9.01"
RNG,2025-08-06,NYSE,Technology Services,Packaged Software,6215.4,23.62,25.53,26.97,1.15,9.17,0.76,4.4,0.99,1,3.42,-8.3,-31.8,1.0,-29.7,42.4,100,-1.79,-8.63,1.28,-0.81,2.97,6.51,-9.27,False,True,29.99,6.54,-1.0,3,-1.0,3,-1.0,3,-1.16,earnings,"2.02,9.01"
RNG,2026-02-20,NYSE,Technology Services,Packaged Software,6215.4,29.39,16.91,34.4,14.96,18.28,0.82,5.93,0.95,1,5.7,12.4,-0.1,1.0,1.7,0.0,100,0.64,0.35,6.08,22.29,9.52,23.46,-1.31,False,True,39.5,13.01,-1.0,1,-1.0,1,-1.0,1,-1.0,earnings,"2.02,8.01,9.01"
CAVA,2026-02-25,NYSE,Consumer Services,Restaurants,6207.1,67.8,15.86,26.36,9.06,11.99,0.91,5.28,0.43,5,5.42,38.6,3.6,0.78,-27.9,37.0,100,7.88,-0.08,1.23,2.48,2.22,16.91,-4.77,False,True,85.67,9.86,-1.0,4,-1.0,4,-1.0,4,-0.95,earnings,"2.02,9.01"
CAVA,2026-05-20,NYSE,Consumer Services,Restaurants,6207.1,78.12,11.21,3.08,-7.31,11.8,0.11,3.93,0.27,4,4.61,14.1,72.7,0.89,-12.1,12.5,100,-6.46,-7.55,-9.99,-17.41,2.65,6.26,-20.2,False,False,,,,,,,,,,earnings,"2.02,9.01"
CAVA,2026-08-12,NYSE,Consumer Services,Restaurants,6207.1,60.81,14.22,14.24,0.01,6.97,0.52,3.43,0.28,2,5.1,-21.2,-11.8,0.87,-29.7,41.8,100,3.92,2.25,3.04,-2.43,-22.26,8.91,-22.39,False,True,69.47,3.51,0.0,4,0.0,4,1.111,1,0.212,earnings,"2.02,9.01"
INGM,2026-03-03,NYSE,Technology Services,Information Technology Services,6199.5,21.35,13.02,14.33,1.16,9.67,0.51,9.16,3.1,0,3.59,-0.3,9.1,1.0,0.8,0.0,100,8.95,-8.58,-8.08,-7.34,-3.4,9.32,-11.94,False,True,24.41,4.71,0.0,3,0.0,3,0.0,3,-0.681,earnings,"2.02,8.01,9.01"
QLYS,2025-11-05,NASDAQ,Technology Services,Packaged Software,6170.0,121.21,16.71,20.56,3.3,8.5,0.91,4.43,0.48,0,2.43,-5.8,-5.0,1.0,-16.8,24.0,100,3.93,7.44,6.07,-2.3,5.78,9.9,-3.74,True,True,146.13,7.16,0.0,6,0.0,6,0.0,6,0.187,earnings,"2.02,9.01"
TTAN,2025-09-05,NASDAQ,Technology Services,Packaged Software,6127.6,100.31,11.82,13.64,1.62,6.54,0.89,4.84,0.38,7,3.65,-12.4,12.5,1.0,-14.6,20.8,100,6.11,2.04,1.07,2.95,-9.36,6.97,-12.92,False,True,113.99,5.51,0.0,5,0.0,5,0.0,5,0.025,earnings,"2.02,9.01"
TTAN,2026-06-05,NASDAQ,Technology Services,Packaged Software,6127.6,74.33,11.73,4.13,-6.8,11.3,0.22,3.62,0.49,3,5.92,-10.4,-20.3,0.86,-30.8,60.4,100,-12.16,-14.04,-19.6,-24.66,-4.03,-0.52,-27.14,False,False,,,,,,,,,,earnings,"2.02,9.01"
GRAL,2025-10-20,NASDAQ,Health Technology,Medical Specialties,6100.1,78.0,14.79,17.76,2.58,16.81,0.25,3.45,0.61,5,9.76,109.9,195.2,0.62,-0.0,0.0,32,-6.51,-7.69,-5.07,0.3,-5.14,6.37,-17.36,False,True,91.85,4.0,-1.0,1,-1.0,1,-1.0,1,-1.0,agreement,"1.01,3.02,9.01"
M,2025-09-03,NYSE,Retail Trade,Department Stores,6077.6,13.49,14.38,20.68,5.51,7.39,0.87,6.5,1.69,1,3.18,17.4,1.0,1.0,-14.9,22.3,100,11.73,10.76,10.43,12.77,16.4,18.6,3.69,True,True,16.28,6.02,0.622,13,1.02,26,5.01,92,0.69,earnings,"2.02,9.01"
CVLT,2025-07-29,NASDAQ,Technology Services,Packaged Software,6065.4,163.43,8.35,18.26,9.15,13.86,0.85,3.3,0.76,1,2.71,-1.5,3.2,1.0,-7.8,16.1,100,9.21,1.5,3.49,8.79,0.34,13.33,-1.93,True,True,193.27,10.49,-0.481,8,-0.654,13,-0.847,15,-0.543,earnings,"2.02,9.01"
ECG,2025-05-14,NYSE,Industrial Services,Engineering & Construction,6015.3,51.42,15.32,17.27,1.69,15.05,0.45,5.53,1.6,2,4.78,-8.2,-18.3,0.81,-23.9,39.0,100,3.27,-0.07,-4.2,-2.41,1.92,4.38,-6.73,False,True,60.3,6.31,-1.0,5,-1.0,5,-1.0,5,-0.758,earnings,"2.02,7.01,9.01"
ECG,2025-08-13,NYSE,Industrial Services,Engineering & Construction,6015.3,75.8,10.29,4.43,-5.31,16.78,0.16,6.72,0.84,8,3.94,47.4,10.8,0.86,7.3,0.0,100,-9.92,-8.89,-10.55,-7.5,-5.26,-3.22,-13.36,False,False,,,,,,,,,,earnings,"2.02,7.01,9.01"
ECG,2026-02-25,NYSE,Industrial Services,Engineering & Construction,6015.3,104.21,12.58,24.84,10.89,20.0,0.67,4.23,0.8,1,5.42,26.3,37.8,0.95,6.7,0.0,100,4.13,1.69,1.42,-0.24,5.09,11.33,-8.69,False,True,130.1,11.84,-1.0,4,-1.0,4,-1.0,4,-0.9,earnings,"2.02,7.01,9.01"
ELF,2025-05-29,NYSE,Consumer Non-Durables,Household/Personal Care,6001.1,90.5,20.3,23.58,2.73,11.26,0.27,6.83,0.7,4,4.59,29.5,-28.4,0.67,-26.1,30.9,100,3.33,5.43,6.37,18.07,16.04,20.02,0.93,True,True,111.84,2.91,2.457,15,3.236,25,0.0,29,1.939,agreement,"1.01,2.01,3.02,7.01,9.01"
ELF,2026-02-05,NYSE,Consumer Non-Durables,Household/Personal Care,6001.1,84.63,8.71,-9.18,-16.46,24.17,0.02,3.13,0.24,8,5.08,-28.5,-23.3,0.92,-39.1,37.3,100,-10.77,-20.37,-19.21,2.2,-10.39,5.98,-20.52,False,False,,,,,,,,,,earnings,"2.02,9.01"
XMTR,2025-08-05,NASDAQ,Technology Services,Information Technology Services,5974.8,30.97,24.86,42.98,14.51,26.22,0.68,10.55,1.63,1,5.06,12.6,-12.9,0.98,-14.7,6.4,100,13.84,7.68,22.73,18.26,20.79,33.65,6.62,True,True,44.28,15.09,0.0,11,0.0,11,0.0,11,-0.132,earnings,"2.02,9.01"
XMTR,2025-11-04,NASDAQ,Technology Services,Information Technology Services,5974.8,48.57,14.19,28.93,12.91,23.13,0.99,4.71,0.51,3,4.57,10.3,58.7,0.98,-4.4,0.8,100,13.0,16.86,18.27,5.21,1.64,24.88,-2.99,True,True,62.62,18.65,0.0,7,0.0,7,0.0,7,0.062,earnings,"2.02,9.01"
XMTR,2026-05-07,NASDAQ,Technology Services,Information Technology Services,5974.8,56.4,34.75,39.18,3.29,18.66,0.72,6.52,0.66,5,6.2,-6.6,-9.9,0.65,2.9,0.0,100,5.28,10.42,18.39,14.33,6.13,31.39,-0.97,True,True,78.5,11.85,0.699,17,0.403,18,0.0,22,0.66,earnings,"2.02,3.02,7.01,9.01"
PL,2025-06-05,NYSE,Technology Services,Packaged Software,5959.8,3.99,30.83,49.37,14.18,28.74,0.66,19.55,2.78,8,4.74,0.5,-11.5,0.9,-22.2,20.1,100,11.88,7.09,4.6,-3.64,30.84,47.87,-6.13,False,True,5.96,15.94,-0.905,8,-1.0,10,-1.0,10,-0.733,earnings,"2.02,9.01"
PL,2025-06-12,NYSE,Technology Services,Packaged Software,5959.8,5.43,15.1,0.55,-12.64,19.39,0.2,3.95,0.4,2,6.66,36.8,34.4,0.84,-6.9,2.9,100,-14.08,-18.4,-19.52,-2.88,-0.8,23.5,-21.6,False,False,,,,,,,,,,filing-other,
PL,2025-07-01,NYSE,Technology Services,Packaged Software,5959.8,6.1,16.89,0.98,-13.6,26.54,0.04,4.2,0.64,1,8.29,80.5,35.0,0.65,6.3,0.0,64,-13.88,-4.21,-3.93,-9.54,-11.92,1.68,-16.97,False,False,,,,,,,,,,other-8k,"7.01,9.01"
PL,2025-09-08,NYSE,Technology Services,Packaged Software,5959.8,6.53,17.99,47.93,25.37,33.17,0.98,10.92,0.94,6,5.45,11.8,64.1,0.86,-0.2,0.0,100,17.07,25.5,27.97,44.19,97.79,106.23,10.45,True,True,9.66,24.53,2.16,26,1.506,28,1.173,47,1.441,earnings,"2.02,9.01"
PL,2025-12-11,NYSE,Technology Services,Packaged Software,5959.8,12.94,22.02,35.01,10.64,19.75,0.83,7.67,0.86,8,6.43,32.3,137.0,0.78,-5.9,0.0,85,15.52,13.24,10.77,22.61,61.11,61.87,4.05,True,True,17.47,14.08,3.415,29,3.049,33,5.996,120,2.332,earnings,"2.02,9.01"
PL,2026-03-20,NYSE,Technology Services,Packaged Software,5959.8,26.96,24.44,25.48,0.83,12.46,0.39,6.22,0.93,5,8.94,63.7,154.1,0.78,8.6,0.0,56,0.8,5.42,-8.02,4.38,11.77,19.91,-21.65,False,True,33.83,4.64,-1.0,1,-1.0,1,-1.0,1,-1.0,earnings,"2.02,9.01"
JOBY,2025-05-28,NYSE,Electronic Technology,Aerospace & Defense,5953.3,6.88,16.57,28.78,10.47,13.39,0.81,8.63,1.21,6,4.09,2.7,1.2,0.97,-25.2,22.7,100,6.23,-6.48,-1.87,20.07,18.2,28.18,-8.54,False,True,8.86,9.82,-1.0,2,-1.0,2,-1.0,2,-1.0,agreement,"1.01,3.02,7.01,9.01"
JOBY,2025-06-03,NYSE,Electronic Technology,Aerospace & Defense,5953.3,7.5,13.2,7.07,-5.42,9.74,0.09,3.26,0.53,3,4.98,13.6,-6.2,0.9,-20.8,15.8,100,-7.3,-4.36,11.19,1.88,19.67,31.45,-11.76,False,False,,,,,,,,,,other-8k,"7.01,9.01"
LW,2025-07-23,NYSE,Consumer Non-Durables,Food: Specialty/Candy,5948.8,49.17,14.01,16.31,2.02,8.22,0.49,4.78,0.86,4,3.11,-6.3,-21.6,1.0,-33.2,53.9,100,4.55,5.64,4.71,-8.22,-1.55,8.85,-9.53,False,True,57.19,3.86,0.0,6,0.0,6,0.0,6,0.306,earnings,"2.02,9.01"
KNSA,2026-04-28,NASDAQ,Health Technology,Pharmaceuticals: Major,5908.8,43.61,8.23,23.48,14.09,20.48,0.96,4.49,0.35,0,4.04,-2.3,12.0,1.0,-5.7,3.8,100,12.27,17.1,20.21,26.02,9.83,26.84,9.11,True,True,53.85,16.42,0.301,13,0.0,14,0.0,14,0.254,earnings,"2.02,9.01"
KNSA,2026-07-28,NASDAQ,Health Technology,Pharmaceuticals: Major,5908.8,63.535,10.27,25.03,13.39,21.7,0.83,3.25,0.43,2,4.28,45.7,47.1,0.92,3.7,0.0,100,15.5,6.11,8.46,11.05,14.47,18.38,1.93,True,True,79.44,15.22,-0.241,9,-0.127,28,-0.339,41,-0.301,earnings,"2.02,9.01"
CROX,2026-02-12,NASDAQ,Consumer Non-Durables,Apparel/Footwear,5879.5,82.73,16.64,19.01,2.03,7.26,0.55,4.29,0.28,5,3.25,10.3,-0.8,1.0,-21.4,38.1,100,0.39,1.75,3.67,-6.0,-19.22,4.77,-19.54,False,True,98.46,3.81,-1.0,1,-1.0,1,-1.0,1,-1.0,earnings,"2.02,9.01"
BIRK,2026-05-21,NYSE,Consumer Non-Durables,Apparel/Footwear,5877.4,33.21,10.63,19.45,7.97,10.78,0.87,3.34,0.78,2,4.93,-18.8,-16.4,0.97,-36.0,89.7,100,12.63,16.47,22.67,15.24,17.86,38.08,5.31,True,True,39.67,8.57,0.976,9,1.068,20,0.75,40,0.957,filing-other,
BIRK,2026-08-13,NYSE,Consumer Non-Durables,Apparel/Footwear,5877.4,36.74,17.23,11.59,-4.81,8.0,0.11,3.55,0.52,8,4.38,11.1,-8.1,0.9,-19.5,33.4,100,-8.64,-13.56,-19.78,-18.02,-27.72,-6.18,-29.77,False,False,,,,,,,,,,equity-sale,
SRRK,2026-03-31,NASDAQ,Health Technology,Biotechnology,5815.2,43.08,10.65,14.11,3.13,8.24,0.65,3.71,0.47,8,6.43,-4.7,12.3,1.0,-4.3,1.3,100,3.52,2.39,4.87,3.46,-2.87,8.3,-5.08,False,True,49.16,5.1,0.064,10,-1.0,15,-1.0,15,-0.004,other-8k,"7.01,8.01,9.01"
MKTX,2026-07-30,NASDAQ,Finance,Investment Banks/Brokers,5770.9,125.73,29.76,29.45,-0.24,1.01,0.28,14.73,0.97,1,2.98,-21.8,-25.4,0.76,-22.7,67.6,100,-0.52,-0.49,-0.32,-0.34,-0.42,-0.12,-0.86,False,False,,,,,,,,,,earnings,"1.01,2.02,5.02,7.01,8.01,9.01"
KOD,2025-12-17,NASDAQ,Health Technology,Biotechnology,5726.8,24.13,9.9,11.77,1.7,12.02,0.41,3.02,0.38,3,8.44,145.2,583.6,0.44,1.2,0.0,22,-0.53,7.88,17.19,-1.89,2.38,17.57,-9.8,False,True,26.97,4.71,-1.0,1,-1.0,1,-1.0,1,-1.0,equity-sale,"8.01,9.01"
KOD,2026-03-26,NASDAQ,Health Technology,Biotechnology,5726.8,22.75,55.65,74.77,12.28,20.78,0.9,20.18,2.3,6,7.4,-17.1,46.9,0.95,13.6,0.0,100,4.49,7.65,14.74,21.75,26.63,35.1,-5.82,False,True,39.76,15.74,-1.0,2,-1.0,2,-1.0,2,-1.0,other-8k,"8.01,9.01"
LYFT,2025-05-09,NASDAQ,Transportation,Other Transportation,5704.6,13.0,12.73,28.08,13.61,14.7,0.94,7.37,1.22,3,3.99,-8.3,-5.8,0.94,-23.1,18.9,100,17.43,15.05,14.43,9.86,6.65,19.55,2.63,True,True,16.65,12.13,-0.337,8,-0.698,14,-1.0,27,-0.19,earnings,"2.02,7.01,8.01,9.01"
LYFT,2025-09-17,NASDAQ,Transportation,Other Transportation,5704.6,20.19,15.8,13.13,-2.31,7.26,0.58,4.39,0.94,2,4.99,35.1,75.1,0.9,14.0,0.0,100,-6.07,-3.21,-5.65,-6.67,-14.46,-0.43,-19.35,False,False,,,,,,,,,,filing-other,
VFC,2025-07-30,NYSE,Consumer Non-Durables,Apparel/Footwear,5700.5,12.4,20.97,2.58,-15.2,21.26,0.01,3.92,0.44,6,4.14,6.0,-53.4,0.9,-48.3,53.6,100,-21.87,-16.13,-18.27,-12.8,-0.4,-0.2,-25.93,False,False,,,,,,,,,,earnings,"2.02,7.01,8.01,9.01"
TBBB,2026-08-13,NYSE,Retail Trade,Food Retail,5689.8,42.3,8.16,16.31,7.54,10.91,0.88,5.89,0.5,6,4.05,18.7,9.3,0.97,2.6,0.0,100,4.46,5.05,8.79,6.45,10.3,14.14,1.64,True,True,49.2,8.79,-0.116,10,,,,,-0.165,filing-other,
ANF,2025-05-28,NYSE,Retail Trade,Apparel/Footwear Retail,5668.8,77.15,34.65,14.67,-14.83,20.51,0.08,10.31,2.02,2,4.05,-25.9,-45.5,0.92,-38.1,52.1,100,-20.06,-24.59,-26.81,-23.94,-23.12,-14.68,-28.87,False,False,,,,,,,,,,earnings,"2.02,9.01"
ANF,2025-11-25,NYSE,Retail Trade,Apparel/Footwear Retail,5668.8,65.61,19.31,37.54,15.28,18.62,0.98,7.49,0.63,3,3.74,-31.2,-25.8,0.65,-52.5,68.1,100,21.54,30.17,27.25,36.77,61.91,63.95,15.05,True,True,90.24,15.37,2.415,25,0.904,31,0.753,36,1.89,earnings,"2.02,9.01"
ANF,2026-08-26,NYSE,Retail Trade,Apparel/Footwear Retail,5668.8,108.9,20.63,35.67,12.47,18.69,0.72,16.74,1.35,5,4.26,33.8,13.5,0.7,-1.3,0.0,100,10.95,8.91,3.98,8.8,2.23,18.15,-0.43,True,True,147.75,11.85,-0.275,10,-0.685,16,,,-0.272,earnings,"2.02,9.01"
TTD,2025-05-09,NASDAQ,Technology Services,Packaged Software,5662.1,59.9,16.44,18.6,1.85,9.84,0.3,4.82,0.87,1,4.78,-48.9,-50.1,0.62,-50.7,49.4,100,13.84,13.46,9.41,5.94,2.49,15.48,0.85,True,True,71.04,2.9,1.665,8,0.0,18,0.0,18,2.421,earnings,"2.02,9.01"
TTD,2025-07-15,NASDAQ,Technology Services,Packaged Software,5662.1,75.43,13.03,6.59,-5.7,7.07,0.01,6.62,0.78,6,3.41,51.5,-36.5,0.7,-39.8,23.8,93,-4.84,-5.92,-4.21,-0.86,-37.52,7.26,-38.8,False,False,,,,,,,,,,filing-other,
TTD,2026-03-05,NASDAQ,Technology Services,Packaged Software,5662.1,25.17,25.11,18.36,-5.4,12.47,0.15,4.7,0.74,5,5.5,-37.0,-53.2,0.63,-65.6,86.9,100,-7.02,-12.16,-15.76,-25.34,-29.98,-6.28,-33.21,False,False,,,,,,,,,,filing-other,
TVTX,2025-09-10,NASDAQ,Health Technology,Pharmaceuticals: Major,5654.7,21.64,16.96,26.2,7.9,15.19,0.63,6.76,1.95,2,5.06,43.0,19.4,0.9,0.1,0.0,100,-1.22,-9.09,-6.56,-3.56,3.52,10.15,-12.86,False,True,27.31,8.79,-1.0,1,-1.0,1,-1.0,1,-1.0,other-8k,8.01
TVTX,2025-10-31,NASDAQ,Health Technology,Pharmaceuticals: Major,5654.7,29.65,16.69,18.58,1.62,10.06,0.94,3.39,0.5,2,4.33,85.8,40.2,0.52,11.7,0.0,56,-0.2,-2.54,-6.53,-0.29,1.71,8.38,-10.64,False,True,35.16,8.67,-1.0,5,-1.0,5,-1.0,5,-0.824,earnings,"2.02,9.01"
TVTX,2026-04-14,NASDAQ,Health Technology,Pharmaceuticals: Major,5654.7,30.7,35.28,37.23,1.44,8.55,0.65,10.35,0.74,6,5.55,-10.0,22.0,0.98,-1.4,0.0,100,-1.4,-1.83,-6.62,-1.54,3.15,17.05,-8.21,False,True,42.13,5.29,-1.0,2,-1.0,2,-1.0,2,-1.0,other-8k,8.01
TVTX,2026-08-05,NASDAQ,Health Technology,Pharmaceuticals: Major,5654.7,56.02,10.67,12.03,1.23,8.59,0.34,3.93,0.31,5,4.66,25.0,70.6,0.68,3.2,0.0,100,0.73,-1.79,0.26,6.39,8.44,9.44,-2.9,False,True,62.76,2.8,-1.0,2,-1.0,2,-1.0,2,-1.0,earnings,"2.02,9.01"
ACI,2025-10-14,NYSE,Retail Trade,Food Retail,5649.2,16.95,8.85,13.63,4.39,10.17,0.87,3.64,0.4,1,1.98,-17.4,-21.4,1.0,-20.5,85.7,100,4.12,6.99,4.82,0.11,-3.41,8.4,-7.13,False,True,19.26,8.1,0.0,7,0.0,7,0.0,7,0.103,earnings,"1.01,2.02,8.01,9.01"
YOU,2026-02-25,NYSE,Technology Services,Packaged Software,5576.6,33.47,19.69,38.96,16.1,22.51,0.99,6.82,1.18,2,3.39,-6.6,-7.1,0.98,-5.3,1.2,100,17.62,19.92,20.82,11.81,36.0,40.54,8.91,True,True,46.51,18.16,0.0,7,0.0,7,0.0,7,0.06,earnings,"2.02,9.01"
RDNT,2025-08-11,NASDAQ,Health Services,Medical/Nursing Services,5560.0,53.36,8.33,16.19,7.26,14.52,0.58,5.17,1.19,2,3.76,-4.3,-15.0,1.0,-38.3,48.9,100,10.03,18.93,14.68,20.39,26.43,26.43,7.69,True,True,62.0,7.75,1.94,21,2.932,41,2.592,66,1.762,earnings,"2.02,9.01"
RDNT,2026-05-11,NASDAQ,Health Services,Medical/Nursing Services,5560.0,58.19,9.04,-3.94,-11.9,13.89,0.02,3.01,0.65,1,5.12,-15.8,-26.3,0.78,-26.1,57.8,100,-11.74,-15.79,-14.63,-14.7,-11.46,-11.25,-18.77,False,False,,,,,,,,,,earnings,"2.02,9.01"
EPAM,2025-08-07,NYSE,Technology Services,Information Technology Services,5527.0,151.31,9.03,4.25,-4.38,8.12,0.31,3.94,0.56,4,2.88,-5.0,-41.2,1.0,-38.7,83.0,100,-4.23,-7.3,-3.44,0.87,2.72,7.69,-8.55,False,False,,,,,,,,,,earnings,"2.02,9.01"
COGT,2025-07-07,NASDAQ,Health Technology,Biotechnology,5493.8,7.58,18.34,23.35,4.24,16.25,0.38,13.97,4.89,0,7.13,42.2,-2.8,0.59,-28.9,28.0,94,9.03,20.96,23.63,37.12,34.34,44.59,1.78,True,True,9.35,5.88,4.982,15,3.727,19,4.764,53,4.23,equity-sale,8.01
COGT,2025-11-10,NASDAQ,Health Technology,Biotechnology,5493.8,14.82,121.05,119.03,-0.92,16.61,0.28,9.61,0.74,2,6.26,28.3,188.9,0.7,91.0,0.0,82,2.01,3.27,3.02,17.64,17.61,33.49,-11.87,False,False,,,,,,,,,,other-8k,"7.01,8.01,9.01"
SXT,2026-04-24,NYSE,Consumer Non-Durables,Food: Specialty/Candy,5478.7,99.23,9.31,24.11,13.53,18.11,0.96,5.32,0.98,5,3.2,3.3,3.7,1.0,-10.8,18.8,100,14.91,11.13,4.11,8.97,5.5,19.25,0.5,True,True,123.15,14.75,-0.292,9,-0.509,16,-0.666,37,-0.243,earnings,"2.02,7.01,9.01"
SEI,2025-07-24,NYSE,Industrial Services,Oilfield Services/Equipment,5478.5,29.41,15.44,15.06,-0.32,12.48,0.37,3.2,0.76,2,6.37,52.1,-14.9,0.63,-13.0,3.7,88,-4.27,-0.44,-3.77,-9.84,-17.29,2.77,-23.68,False,False,,,,,,,,,,earnings,"2.02,9.01"
VAL,2026-02-09,NYSE,Industrial Services,Contract Drilling,5447.2,62.41,18.75,34.31,13.1,13.88,0.95,15.55,2.73,1,4.26,15.4,32.6,1.0,17.9,0.0,100,7.69,19.94,20.04,29.43,22.91,37.9,2.32,True,True,83.82,11.61,0.902,14,0.379,18,0.487,47,0.775,agreement,"1.01,8.01,9.01"
ORKA,2025-09-17,NASDAQ,Health Technology,Pharmaceuticals: Major,5439.1,14.9,18.93,8.79,-8.52,18.14,0.19,12.44,0.48,14,6.66,24.5,29.9,0.84,-43.1,27.3,100,-6.43,-3.22,-13.83,5.08,57.51,64.79,-15.97,False,False,,,,,,,,,,none,
ORKA,2025-09-29,NASDAQ,Health Technology,Pharmaceuticals: Major,5439.1,15.2,10.2,26.91,15.16,26.82,0.83,4.38,0.36,4,7.63,35.6,21.6,0.95,-46.2,25.6,100,14.81,14.51,21.37,52.3,65.37,74.33,8.6,True,True,19.29,18.25,1.96,25,1.96,25,2.517,57,1.296,none,
ORKA,2026-04-27,NASDAQ,Health Technology,Pharmaceuticals: Major,5439.1,69.03,30.41,10.66,-15.14,21.77,0.1,5.88,1.45,1,5.87,102.3,154.4,0.59,26.8,0.0,30,-17.81,-24.01,-26.17,-27.04,-34.39,-5.61,-38.91,False,False,,,,,,,,,,equity-sale,"7.01,8.01,9.01"
ORKA,2026-06-22,NASDAQ,Health Technology,Pharmaceuticals: Major,5439.1,72.34,11.97,18.03,5.41,12.44,0.65,3.28,0.53,5,6.06,85.9,154.9,0.81,-11.0,0.0,44,2.96,6.95,14.19,4.32,16.44,20.72,-0.72,True,True,85.38,7.47,0.0,8,0.0,8,0.0,8,0.065,filing-other,
PTCT,2026-05-08,NASDAQ,Health Technology,Pharmaceuticals: Major,5421.6,64.49,14.86,14.27,-0.51,15.1,0.41,5.59,0.38,3,3.99,-13.6,-10.1,1.0,-15.3,27.4,100,3.75,-0.82,-3.51,-7.1,-4.32,5.21,-9.32,False,False,,,,,,,,,,earnings,"2.02,7.01,9.01"
PEGA,2025-04-23,NASDAQ,Technology Services,Information Technology Services,5420.4,34.38,28.65,28.78,0.1,7.53,0.31,4.32,1.17,1,4.81,-35.4,-6.1,0.7,-22.2,36.6,100,3.26,3.0,4.09,5.18,12.56,19.26,-3.02,False,True,44.275,2.25,-1.0,1,-1.0,1,-1.0,1,-1.0,earnings,"2.02,9.01"
PEGA,2025-10-22,NASDAQ,Technology Services,Information Technology Services,5420.4,57.05,9.76,14.97,4.74,8.54,0.73,3.75,0.32,8,3.31,-1.8,28.9,1.0,2.7,0.0,100,4.82,6.42,1.2,-4.84,-13.73,8.75,-14.85,False,True,65.59,5.89,-1.0,1,-1.0,1,-1.0,1,-1.0,earnings,"2.02,9.01"
G,2025-11-07,NYSE,Commercial Services,Miscellaneous Commercial Services,5417.4,38.39,12.24,15.89,3.25,5.11,0.64,3.88,0.86,1,2.03,-11.2,-9.6,1.0,-24.1,66.4,100,2.74,5.69,4.18,2.95,7.26,8.26,0.26,True,True,44.49,3.15,0.0,5,0.0,5,0.0,5,0.25,earnings,"2.02,9.01"
NAVN,2026-06-11,NASDAQ,Technology Services,Packaged Software,5392.5,20.87,16.2,8.43,-6.68,11.21,0.24,4.37,0.73,4,6.55,135.0,51.8,0.29,3.1,0.0,42,-17.81,-21.53,-9.65,-5.9,7.75,16.37,-24.33,False,False,,,,,,,,,,earnings,"2.02,7.01,9.01"
PI,2025-04-24,NASDAQ,Electronic Technology,Semiconductors,5391.3,77.07,19.2,16.45,-2.31,8.72,0.56,3.1,0.51,2,9.37,-44.7,-66.1,0.6,-61.7,75.0,88,-0.39,-2.37,3.33,6.48,25.41,37.4,-6.45,True,False,,,,,,,,,,earnings,"2.02,9.01"
PI,2025-07-31,NASDAQ,Electronic Technology,Semiconductors,5391.3,122.21,18.65,26.49,6.61,15.74,0.56,6.26,0.6,11,4.64,32.6,-7.1,0.95,-39.6,29.0,100,5.46,12.39,8.81,15.43,31.42,32.74,0.0,True,True,154.58,8.14,0.0,5,0.0,5,0.0,5,0.222,earnings,"2.02,9.01"
PI,2026-04-30,NASDAQ,Electronic Technology,Semiconductors,5391.3,120.04,29.12,20.73,-6.5,19.04,0.29,3.57,0.45,6,4.96,-18.8,-49.1,0.84,-37.3,42.7,100,-5.03,-3.28,-2.37,-6.69,-2.58,5.42,-16.37,False,False,,,,,,,,,,earnings,"2.02,9.01"
SAIC,2026-06-01,NASDAQ,Technology Services,Information Technology Services,5371.7,104.2,15.35,10.44,-4.25,10.03,0.26,3.8,0.59,3,3.65,12.7,21.6,1.0,-0.7,0.3,100,-5.68,-3.01,-5.82,-8.99,-8.14,-1.47,-18.18,False,False,,,,,,,,,,earnings,"2.02,5.02,9.01"
TFX,2025-12-09,NYSE,Health Technology,Medical Specialties,5352.5,119.82,9.33,9.54,0.19,5.86,0.25,4.64,0.25,1,3.36,-8.0,-4.5,0.98,-30.6,47.4,100,-0.38,-3.15,-4.68,-6.65,-16.02,0.38,-17.26,False,True,131.25,1.43,-1.0,1,-1.0,1,-1.0,1,-1.0,agreement,"1.01,7.01,8.01,9.01"
TFX,2026-04-22,NYSE,Health Technology,Medical Specialties,5352.5,124.75,9.02,11.27,2.07,4.47,0.86,4.35,1.14,3,3.4,21.2,-4.4,0.95,-2.1,1.0,100,0.48,-0.68,-1.99,-9.39,-0.6,1.88,-12.85,False,True,138.81,3.68,-1.0,4,-1.0,4,-1.0,4,-0.911,none,
AGX,2026-03-27,NYSE,Industrial Services,Engineering & Construction,5308.8,410.85,23.06,37.91,12.07,14.52,0.83,3.91,0.76,1,6.46,25.2,59.1,0.59,2.6,0.0,100,1.66,13.01,13.19,18.36,30.71,35.11,-0.93,False,True,566.62,10.77,-1.0,1,-1.0,1,-1.0,1,-1.0,earnings,"2.02,9.01"
SHC,2025-08-08,NASDAQ,Health Technology,Medical Specialties,5308.0,11.22,20.32,24.51,3.48,8.54,0.93,4.16,1.04,6,3.33,-15.2,-18.7,1.0,-20.0,22.4,100,4.15,16.44,16.59,21.7,17.85,22.59,2.67,True,True,13.97,7.34,2.137,16,1.493,18,1.346,44,1.994,earnings,"2.02,9.01"
USAR,2025-04-14,NASDAQ,Producer Manufacturing,Metal Fabrication,5279.2,8.31,16.97,41.4,20.88,48.89,0.63,20.0,1.55,2,25.5,-33.8,-22.8,0.59,-51.4,41.8,100,39.09,44.96,5.45,32.3,-8.95,90.84,-15.02,False,True,11.75,23.4,0.0,4,0.0,4,0.0,4,0.284,none,
USAR,2025-04-15,NASDAQ,Producer Manufacturing,Metal Fabrication,5279.2,11.75,21.79,15.06,-5.52,20.0,0.41,9.73,0.81,2,25.42,-10.6,9.2,0.59,-28.4,2.8,100,9.43,-17.96,-23.97,-26.55,-37.88,29.63,-42.28,False,False,,,,,,,,,,none,
USAR,2025-04-16,NASDAQ,Producer Manufacturing,Metal Fabrication,5279.2,13.52,9.2,15.83,6.07,29.63,0.32,9.69,1.07,3,24.93,2.8,25.7,0.59,-26.2,2.2,100,-4.57,-30.57,-10.39,-34.57,-35.93,11.27,-44.05,False,True,15.66,8.62,-1.0,1,-1.0,1,-1.0,1,-1.0,none,
USAR,2025-07-10,NASDAQ,Producer Manufacturing,Metal Fabrication,5279.2,9.79,18.9,12.36,-5.5,8.33,0.21,3.34,0.66,4,9.4,16.5,-23.9,0.54,-41.8,56.5,100,-7.99,33.51,32.73,5.67,29.21,41.41,-9.79,False,False,,,,,,,,,,equity-sale,"5.02,9.01"
USAR,2025-10-03,NASDAQ,Producer Manufacturing,Metal Fabrication,5279.2,22.71,14.88,14.31,-0.5,12.95,0.29,6.46,1.68,1,10.03,136.3,249.4,0.65,11.6,0.0,34,0.88,3.56,24.99,6.29,-25.45,68.57,-27.75,False,False,,,,,,,,,,filing-other,
USAR,2025-10-10,NASDAQ,Producer Manufacturing,Metal Fabrication,5279.2,31.07,10.19,4.96,-4.75,20.89,0.2,5.26,1.22,1,12.27,162.2,266.0,0.7,5.0,0.0,37,12.98,-1.62,-19.0,-31.15,-49.29,28.47,-56.62,False,False,,,,,,,,,,none,
USAR,2025-10-13,NASDAQ,Producer Manufacturing,Metal Fabrication,5279.2,32.61,18.28,18.61,0.29,17.28,0.18,4.47,0.98,2,12.97,109.8,292.4,0.68,1.9,0.0,36,-2.66,-26.0,-18.1,-44.0,-55.33,8.89,-61.5,False,True,38.68,3.05,-1.0,1,-1.0,1,-1.0,1,-1.0,none,
USAR,2025-10-14,NASDAQ,Producer Manufacturing,Metal Fabrication,5279.2,38.68,8.56,-2.93,-10.59,24.52,0.46,3.58,0.89,3,13.41,171.2,229.2,0.67,-4.5,0.0,35,-19.79,-33.96,-36.34,-52.06,-57.68,-14.46,-64.63,False,False,,,,,,,,,,none,
USAR,2026-01-26,NASDAQ,Producer Manufacturing,Metal Fabrication,5279.2,24.77,23.38,7.87,-12.57,24.3,0.15,9.83,2.42,4,11.85,3.0,106.1,0.54,-30.5,13.9,84,-13.78,-27.78,-27.65,-23.3,-33.28,-2.85,-44.96,False,False,,,,,,,,,,earnings,"1.01,2.02,3.02,5.03,7.01,8.01,9.01"
ACMR,2025-08-22,NASDAQ,Producer Manufacturing,Industrial Machinery,5266.2,25.61,10.89,19.21,7.5,12.15,0.62,5.05,0.91,8,4.71,13.6,-1.7,0.78,-12.7,8.4,100,1.41,0.63,-0.63,-5.04,29.15,31.23,-8.1,False,True,30.53,6.98,-1.0,3,-1.0,3,-1.0,3,-0.972,other-8k,"8.01,9.01"
RGTI,2025-06-11,NASDAQ,Electronic Technology,Computer Processing Hardware,5253.5,11.24,8.45,11.39,2.71,14.33,0.39,3.07,0.46,21,10.78,25.6,156.6,0.57,-43.1,29.0,74,-0.74,-0.25,-6.89,-8.86,-0.08,16.82,-15.5,False,True,12.52,5.27,-1.0,2,-0.636,1,-1.0,2,-1.0,other-8k,"5.07,7.01,8.01,9.01"
RGTI,2025-07-16,NASDAQ,Electronic Technology,Computer Processing Hardware,5253.5,12.72,8.49,30.19,20.0,22.21,0.91,4.41,0.49,37,6.9,43.6,110.2,0.62,-35.6,15.7,75,24.2,16.52,16.96,2.68,24.93,31.56,-1.38,False,True,16.56,16.79,-0.403,7,-0.86,10,-1.0,12,-0.326,filing-other,
RGTI,2026-05-21,NASDAQ,Electronic Technology,Computer Processing Hardware,5253.5,16.88,10.69,30.57,17.96,20.11,0.98,4.74,0.77,22,8.41,6.0,-34.3,0.79,-67.9,54.5,100,41.4,31.76,36.69,10.68,14.42,50.17,-1.15,True,True,22.04,16.52,0.565,8,0.0,10,0.0,10,0.613,equity-sale,"3.02,7.01,8.01,9.01"
ROAD,2026-05-08,NASDAQ,Industrial Services,Engineering & Construction,5215.8,131.36,8.68,6.94,-1.6,10.52,0.27,3.37,0.97,2,4.63,3.4,14.4,1.0,0.6,0.0,100,-5.12,-11.13,-17.31,-20.94,-25.49,1.63,-25.74,False,False,,,,,,,,,,earnings,"2.02,9.01"
IBP,2025-08-07,NYSE,Industrial Services,Engineering & Construction,5154.8,211.82,9.02,20.48,10.51,13.97,0.75,3.83,1.51,0,3.69,29.0,10.4,0.86,-11.0,5.7,100,11.67,13.97,15.52,14.4,18.71,21.23,7.95,True,True,255.21,9.51,0.332,9,0.0,17,0.0,17,0.331,earnings,"2.02,7.01,9.01"
DFTX,2026-04-20,NASDAQ,Health Technology,Pharmaceuticals: Major,5134.2,22.68,13.01,2.2,-9.56,16.67,0.18,3.49,0.84,3,5.64,50.7,90.4,0.81,9.5,0.0,88,-6.98,-9.25,-18.14,-15.14,-20.09,-5.7,-20.95,False,False,,,,,,,,,,none,
DFTX,2026-06-22,NASDAQ,Health Technology,Pharmaceuticals: Major,5134.2,24.48,57.6,49.8,-4.95,11.47,0.38,10.22,2.83,2,6.25,33.0,101.8,0.9,47.0,0.0,100,-6.22,16.1,20.66,15.29,16.85,27.53,-8.63,True,False,,,,,,,,,,equity-sale,"7.01,8.01,9.01"
DFTX,2026-06-24,NASDAQ,Health Technology,Pharmaceuticals: Major,5134.2,36.18,8.49,16.45,7.34,13.46,0.54,4.62,0.62,1,6.72,103.4,184.9,0.87,0.2,0.0,47,14.11,18.6,10.57,23.44,9.38,25.35,5.4,True,True,42.13,6.84,0.528,12,0.233,17,0.0,18,0.864,agreement,"1.01,8.01,9.01"
DFTX,2026-08-12,NASDAQ,Health Technology,Pharmaceuticals: Major,5134.2,40.91,16.13,4.6,-9.93,12.08,0.07,3.67,0.38,5,6.2,93.3,135.5,0.56,-4.4,0.6,28,-7.6,-4.74,-3.56,-7.87,-20.59,-0.46,-21.76,False,False,,,,,,,,,,other-8k,"7.01,8.01,9.01"
NIQ,2026-08-11,NYSE,Technology Services,Packaged Software,5132.2,11.68,17.38,41.95,20.93,22.48,0.97,6.58,1.41,1,4.45,15.8,11.9,0.68,-26.7,40.8,100,22.61,27.28,26.33,40.34,32.09,43.62,14.88,True,True,16.58,17.91,0.721,15,0.515,20,,,0.578,earnings,"2.02,9.01"
AXTI,2025-06-12,NASDAQ,Electronic Technology,Electronic Production Equipment,5126.5,1.98,9.09,18.69,8.8,29.19,0.43,24.75,1.02,14,7.77,23.7,-13.9,0.65,-29.6,25.6,100,0.0,-9.72,-14.81,-6.02,7.41,21.3,-16.67,False,True,2.35,11.06,-1.0,2,-1.0,2,-1.0,2,-1.0,other-8k,"7.01,9.01"
AXTI,2025-09-22,NASDAQ,Electronic Technology,Electronic Production Equipment,5126.5,4.34,9.22,18.43,8.44,13.48,0.87,4.3,0.55,5,8.73,133.3,158.3,0.65,6.3,0.0,34,1.27,0.21,3.16,13.92,3.59,19.62,-15.61,False,True,5.14,10.51,-1.0,3,-1.0,3,-1.0,3,-0.907,none,
AXTI,2025-10-31,NASDAQ,Electronic Technology,Electronic Production Equipment,5126.5,7.32,12.7,8.61,-3.64,24.56,0.03,4.61,1.57,0,10.83,246.9,426.6,0.17,9.6,0.0,5,2.55,10.3,14.67,26.55,30.79,44.0,-5.45,False,False,,,,,,,,,,earnings,"2.02,9.01"
AXTI,2026-07-31,NASDAQ,Electronic Technology,Electronic Production Equipment,5126.5,46.94,42.12,28.74,-9.41,23.93,0.36,3.24,1.34,0,14.01,-40.7,186.6,0.21,-53.4,34.3,52,2.94,2.85,32.78,22.38,-12.11,46.59,-19.56,False,False,,,,,,,,,,earnings,"2.02,9.01"
BB,2025-06-25,NYSE,Technology Services,Packaged Software,5118.9,4.33,11.09,12.47,1.25,10.6,0.12,5.21,0.97,9,4.14,-0.2,45.3,0.81,-22.9,17.3,100,-1.87,-4.78,-12.06,-14.55,-17.67,1.66,-20.37,False,True,4.87,1.23,-1.0,1,-1.0,1,-1.0,1,-1.0,earnings,"2.02,5.07,9.01"
BB,2026-05-04,NYSE,Technology Services,Packaged Software,5118.9,5.42,12.55,2.95,-8.52,12.43,0.04,3.46,0.84,1,6.54,52.2,13.6,0.79,5.4,0.0,98,-8.2,0.0,1.97,4.59,69.18,69.34,-12.13,False,False,,,,,,,,,,none,
IRDM,2026-06-29,NASDAQ,Communications,Specialty Telecommunications,5080.8,43.52,18.93,25.44,5.47,7.54,0.85,4.89,0.69,1,8.1,55.7,150.1,0.68,-3.8,0.9,58,5.97,3.84,-1.29,-5.6,-12.21,10.47,-14.59,False,True,54.59,6.03,-1.0,5,-1.0,5,-1.0,5,-0.752,agreement,"1.01,7.01,9.01"
FTDR,2025-08-05,NASDAQ,Consumer Durables,Homebuilding,5055.4,58.49,10.46,-3.98,-13.08,27.9,0.38,3.36,0.74,8,2.35,11.8,0.5,1.0,1.8,0.0,100,-11.9,-15.06,-11.76,-6.67,-3.81,-3.47,-15.11,True,False,,,,,,,,,,earnings,"2.02,9.01"
MTN,2025-05-28,NYSE,Consumer Services,Hotels/Resorts/Cruise lines,5034.7,151.5,12.43,8.67,-3.34,7.43,0.1,6.24,2.13,0,2.22,-3.0,-16.4,1.0,-14.6,41.9,100,-4.61,-8.31,-9.46,-10.78,-7.73,-3.33,-13.39,False,False,,,,,,,,,,other-8k,"5.02,7.01,9.01"
MRCY,2025-08-12,NASDAQ,Electronic Technology,Aerospace & Defense,5029.8,53.58,8.98,26.95,16.49,17.97,0.97,4.96,0.93,2,3.16,15.3,14.0,1.0,5.4,0.0,100,17.13,14.23,9.98,15.84,22.79,23.38,7.52,True,True,68.02,14.85,0.619,30,0.55,42,0.727,61,0.369,earnings,2.02
HRB,2026-08-12,NYSE,Consumer Services,Other Consumer Services,5002.1,46.67,16.78,16.09,-0.59,12.2,0.3,4.09,1.28,1,3.9,27.3,43.0,0.86,-2.6,0.0,100,-2.13,-8.02,-4.13,-3.36,-17.65,0.44,-18.68,False,False,,,,,,,,,,earnings,"2.02,7.01,9.01"
VSH,2026-05-13,NYSE,Electronic Technology,Electronic Production Equipment,4978.7,33.63,8.21,14.48,5.8,13.51,0.67,3.49,1.27,0,4.97,66.6,129.1,0.63,3.0,0.0,48,4.4,1.54,10.36,43.56,61.03,83.15,-5.03,False,True,38.5,8.31,-1.0,4,-1.0,4,-1.0,4,-0.828,earnings,"2.02,9.01"
KLIC,2025-11-20,NASDAQ,Producer Manufacturing,Industrial Machinery,4904.3,35.29,13.35,10.6,-2.43,6.98,0.13,3.58,0.78,4,3.21,-6.3,9.4,1.0,-23.2,33.7,100,2.2,8.9,12.78,21.23,14.15,25.47,-2.0,True,False,,,,,,,,,,earnings,"2.02,9.01"
KLIC,2026-05-07,NASDAQ,Producer Manufacturing,Industrial Machinery,4904.3,93.78,13.04,4.66,-7.41,16.57,0.42,4.4,0.97,1,3.91,41.2,144.3,0.78,11.3,0.0,77,-3.16,-7.56,-1.81,-4.64,-7.4,4.5,-11.04,True,False,,,,,,,,,,earnings,"2.02,9.01"
GTX,2026-04-30,NASDAQ,Producer Manufacturing,Auto Parts: OEM,4893.6,20.49,8.05,24.99,15.67,17.51,0.96,3.58,0.3,9,2.7,12.3,17.6,1.0,3.3,0.0,100,16.85,18.07,22.09,43.95,47.97,55.1,12.8,True,True,25.61,14.37,1.522,21,1.731,28,1.601,49,1.063,earnings,"2.02,9.01"
DNTH,2026-03-09,NASDAQ,Health Technology,Biotechnology,4875.2,65.2,21.01,21.52,0.42,11.56,0.36,5.82,0.77,4,6.96,45.8,146.0,0.81,20.5,0.0,74,10.16,1.8,-1.14,0.53,9.25,12.15,-4.31,False,True,79.23,3.99,0.0,4,0.0,4,0.0,4,0.115,earnings,"2.02,7.01,8.01"
SPHR,2025-04-25,NYSE,Consumer Services,Media Conglomerates,4823.2,26.47,12.15,9.1,-2.71,10.79,0.46,3.49,1.05,2,8.02,-38.3,-42.4,0.4,-40.3,88.7,94,-0.42,-8.2,-5.47,9.52,25.92,33.54,-10.59,False,False,,,,,,,,,,agreement,"1.01,9.01"
SPHR,2026-02-12,NYSE,Consumer Services,Media Conglomerates,4823.2,94.8,14.51,22.07,6.6,10.35,0.88,3.55,0.71,3,4.49,21.4,138.2,0.86,6.5,0.0,91,6.58,6.15,5.23,9.63,-2.63,12.32,-3.61,False,True,115.72,8.33,-0.137,11,-0.209,18,-1.0,20,-0.108,earnings,"2.02,9.01"
HAE,2025-11-06,NYSE,Health Technology,Medical Specialties,4813.6,50.72,12.15,32.31,17.99,19.44,0.93,6.56,0.83,3,2.61,-6.1,-25.4,1.0,-40.1,66.9,100,20.18,26.11,29.94,32.07,47.57,49.84,18.34,True,True,67.11,15.32,1.293,26,1.293,26,0.839,46,1.012,earnings,"2.02,9.01"
HAE,2026-08-18,NYSE,Health Technology,Medical Specialties,4813.6,90.27,13.55,15.93,2.1,4.58,0.57,3.33,0.52,0,3.38,57.6,54.1,0.87,11.1,0.0,98,5.77,6.15,5.68,-0.54,3.65,6.9,-1.92,False,True,104.65,2.53,0.0,7,0.0,7,0.0,7,0.522,other-8k,7.01
ABCL,2025-06-11,NASDAQ,Health Technology,Biotechnology,4802.4,3.02,15.89,6.95,-7.71,13.69,0.21,4.46,1.07,2,6.32,28.5,0.7,0.92,-4.9,2.4,100,-10.0,-9.71,-0.86,6.86,14.57,23.71,-14.86,False,False,,,,,,,,,,none,
ABCL,2026-08-10,NASDAQ,Health Technology,Biotechnology,4802.4,6.93,26.41,34.78,6.62,19.17,0.58,7.15,2.72,0,7.87,32.3,119.3,0.68,3.8,0.0,85,11.42,25.23,27.85,21.12,30.59,43.61,2.74,True,True,9.34,10.06,1.351,10,1.819,21,,,1.479,equity-sale,"7.01,9.01"
DOCS,2026-08-07,NYSE,Technology Services,Packaged Software,4727.1,20.66,88.12,32.62,-29.5,47.28,0.02,16.36,2.56,5,4.19,-20.6,-38.0,0.94,-49.2,31.7,100,-34.05,-35.7,-36.19,-34.83,-32.2,-29.71,-38.37,False,False,,,,,,,,,,earnings,"2.02,9.01"
KLAR,2026-05-14,NYSE,Commercial Services,Miscellaneous Commercial Services,4666.0,13.69,13.08,20.31,6.4,10.19,0.99,5.63,0.6,2,4.6,-23.1,-62.9,0.92,-67.4,47.7,100,-2.0,-2.26,2.91,18.15,4.84,19.83,-4.2,False,True,16.47,9.17,-1.0,1,-1.0,1,-1.0,1,-1.0,filing-other,
HGTY,2025-08-08,NYSE,Finance,Property/Casualty Insurance,4656.1,9.34,9.74,14.03,3.9,7.43,0.55,20.09,2.33,1,3.55,-3.7,-8.2,1.0,-14.8,33.2,100,6.24,10.44,9.17,6.63,17.85,18.05,2.63,True,True,10.65,3.94,0.286,9,0.0,12,0.0,12,0.722,equity-sale,
HGTY,2026-08-05,NYSE,Finance,Property/Casualty Insurance,4656.1,11.72,8.02,15.36,6.79,10.43,0.66,3.62,0.22,2,2.91,13.9,-5.3,1.0,-9.6,17.4,100,6.56,3.63,0.71,1.9,4.5,10.11,-0.16,False,True,13.52,6.43,-1.0,5,-1.0,5,-1.0,5,-0.82,earnings,"2.02,7.01,9.01"
HCC,2025-11-06,NYSE,Energy Minerals,Coal,4648.2,66.06,11.67,23.07,10.21,12.85,0.89,4.41,1.07,7,4.27,8.8,45.9,1.0,-1.8,1.5,100,10.06,11.78,8.96,-0.95,10.63,16.39,-2.68,False,True,81.3,10.31,-0.388,8,-0.982,10,-1.0,11,-0.213,earnings,"2.02,9.01"
UEC,2025-05-23,AMEX,Non-Energy Minerals,Other Metals/Minerals,4597.4,5.16,16.28,25.0,7.5,13.37,0.9,7.83,2.4,1,5.02,-7.9,-40.0,0.9,-32.8,56.0,100,9.67,0.17,-5.17,10.17,10.83,19.17,-6.17,False,True,6.45,10.7,-1.0,5,-1.0,5,-1.0,5,-0.879,none,
UEC,2025-05-27,AMEX,Non-Energy Minerals,Other Metals/Minerals,4597.4,6.45,9.61,2.02,-6.93,9.69,0.13,3.11,0.49,1,5.54,19.4,-20.8,0.89,-20.8,39.1,100,-10.75,-16.12,-10.04,-12.45,-4.53,1.13,-20.37,False,False,,,,,,,,,,other-8k,"7.01,9.01"
ADPT,2025-05-02,NASDAQ,Health Technology,Biotechnology,4591.6,7.36,19.7,33.7,11.69,19.95,0.74,7.04,3.16,0,8.8,-5.0,56.3,1.0,-2.2,0.0,100,13.85,0.0,2.5,2.72,8.4,15.75,-4.94,False,True,9.84,12.91,-1.0,3,-1.0,3,-1.0,3,-0.937,earnings,"2.02,9.01"
HASI,2026-02-13,NYSE,Finance,Investment Managers,4569.3,35.83,9.32,10.8,1.35,4.74,0.94,4.25,1.1,5,2.64,5.6,34.3,1.0,2.8,0.0,100,0.13,-5.21,-4.11,-6.48,-7.45,2.14,-10.72,False,True,39.7,4.28,-1.0,2,-1.0,2,-1.0,2,-1.0,earnings,"2.02,9.01"
RSI,2025-07-31,NYSE,Consumer Services,Casinos/Gaming,4556.7,16.06,15.5,25.53,8.68,16.38,0.94,8.15,1.54,2,3.16,32.4,12.2,0.89,10.6,0.0,100,4.31,3.29,3.13,1.46,20.38,20.81,-1.62,True,True,20.16,13.39,-0.589,7,0.37,33,0.0,42,-0.516,earnings,"2.02,9.01"
RSI,2026-04-29,NYSE,Consumer Services,Casinos/Gaming,4556.7,24.0,19.33,16.58,-2.3,10.27,0.62,4.2,0.57,3,3.95,43.3,24.8,0.83,16.1,0.0,100,-1.89,-3.11,-2.72,-5.69,-7.93,2.09,-9.78,False,False,,,,,,,,,,earnings,"2.02,9.01"
RELY,2025-05-08,NASDAQ,Commercial Services,Miscellaneous Commercial Services,4544.9,21.09,10.29,14.56,3.87,9.45,0.81,3.25,0.9,2,3.74,-17.4,11.4,0.83,-14.9,18.6,100,2.54,4.13,-1.93,-2.58,-7.39,6.21,-12.04,False,True,24.16,7.12,-1.0,5,-1.0,5,-1.0,5,-0.655,earnings,"2.02,7.01,9.01"
RELY,2025-08-07,NASDAQ,Commercial Services,Miscellaneous Commercial Services,4544.9,16.47,18.4,15.06,-2.82,6.56,0.28,3.04,1.41,0,3.16,-21.9,-35.2,0.78,-28.6,64.7,100,-2.56,-0.51,0.77,-4.51,-0.05,3.33,-7.23,False,False,,,,,,,,,,earnings,"2.02,7.01,9.01"
RELY,2026-02-19,NASDAQ,Commercial Services,Miscellaneous Commercial Services,4544.9,13.61,20.13,25.94,4.83,11.53,0.6,7.1,0.98,3,4.18,8.0,-27.8,1.0,-40.2,60.3,100,4.89,-0.98,3.0,5.93,-4.04,10.18,-8.01,False,True,17.14,6.48,-1.0,2,-1.0,2,-1.0,2,-1.0,earnings,"2.02,5.02,7.01,9.01"
LFST,2025-11-06,NASDAQ,Health Services,Medical/Nursing Services,4543.8,4.81,11.02,29.94,17.04,24.61,0.92,7.47,1.41,9,3.61,10.1,-17.2,0.98,-38.0,66.8,100,17.79,21.16,18.16,15.73,21.35,24.87,9.93,True,True,6.25,18.4,-0.061,9,0.809,49,0.591,60,0.023,earnings,"2.02,7.01,9.01"
LFST,2026-02-25,NASDAQ,Health Services,Medical/Nursing Services,4543.8,7.14,11.83,3.78,-7.2,10.37,0.11,3.73,0.59,8,3.75,10.9,32.5,1.0,-3.7,1.2,100,-12.84,-10.58,-8.2,-16.84,-16.72,-7.14,-22.29,False,False,,,,,,,,,,earnings,"2.02,5.02,7.01,8.01,9.01"
LFST,2026-05-07,NASDAQ,Health Services,Medical/Nursing Services,4543.8,7.36,8.7,20.24,10.63,13.97,0.96,3.98,0.37,2,3.15,12.5,47.8,1.0,-1.1,0.0,100,-3.75,-0.88,-1.38,-6.75,-7.38,2.0,-9.5,False,True,8.85,11.86,-1.0,1,-1.0,1,-1.0,1,-1.0,earnings,"2.02,7.01,9.01"
BOX,2025-05-28,NYSE,Technology Services,Information Technology Services,4493.3,31.45,10.84,17.23,5.77,8.06,0.72,11.91,3.21,5,1.52,-3.4,-6.1,1.0,-2.5,5.7,100,7.14,9.32,10.59,3.04,-2.07,11.3,-3.1,False,True,36.87,5.48,0.0,9,0.0,9,0.0,9,0.205,earnings,"2.02,9.01"
BOX,2025-08-27,NYSE,Technology Services,Information Technology Services,4493.3,31.16,8.25,4.17,-3.77,8.58,0.51,3.41,0.34,3,2.09,-15.5,-4.3,0.95,-13.1,28.1,100,-2.67,-4.54,-2.94,-2.16,-4.24,-0.39,-5.57,True,False,,,,,,,,,,earnings,"2.02,9.01"
MYRG,2025-05-01,NASDAQ,Industrial Services,Engineering & Construction,4488.8,122.32,14.21,20.26,5.3,12.05,0.95,3.31,0.83,4,6.65,-15.2,4.8,0.84,-17.3,34.8,100,10.64,9.45,10.99,17.04,12.28,19.73,5.38,True,True,147.1,10.29,0.906,14,0.734,19,2.275,72,0.732,earnings,"2.02,9.01"
DIOD,2026-02-11,NASDAQ,Electronic Technology,Semiconductors,4475.3,61.7,16.76,26.42,8.27,13.75,0.62,6.37,1.15,5,4.15,32.4,15.4,0.81,15.0,0.0,100,0.06,-6.25,-6.66,-3.35,-14.42,9.66,-19.02,False,True,78.0,7.91,-1.0,1,-1.0,1,-1.0,1,-1.0,earnings,"2.02,7.01,8.01,9.01"
BWIN,2026-06-22,NASDAQ,Finance,Insurance Brokers/Services,4458.0,20.24,12.75,16.21,3.07,10.2,0.38,3.09,0.8,2,6.24,-6.5,-11.1,0.87,-49.5,50.6,100,6.88,5.21,15.03,19.63,14.59,25.11,3.22,True,True,23.52,3.7,3.368,12,3.023,20,5.414,55,2.433,none,
AMTM,2025-11-25,NYSE,Electronic Technology,Aerospace & Defense,4437.8,25.37,11.75,18.25,5.82,15.64,0.57,5.93,0.28,5,5.18,0.8,22.7,1.0,6.5,0.0,100,3.46,-0.49,0.74,4.41,5.5,9.24,-1.2,True,True,30.0,8.13,-0.475,9,-0.41,24,0.844,51,-0.561,earnings,"2.02,9.01"
TPC,2025-08-07,NYSE,Industrial Services,Engineering & Construction,4436.8,47.28,35.09,16.48,-13.78,16.76,0.03,3.79,1.06,2,3.48,100.1,99.9,0.75,22.9,0.0,54,-11.68,-7.98,-10.36,-10.72,-1.94,-1.91,-15.72,False,False,,,,,,,,,,earnings,"2.02,9.01"
UNF,2025-12-22,NYSE,Consumer Services,Other Consumer Services,4422.4,170.16,25.31,16.15,-7.31,13.87,0.22,6.68,1.19,0,3.18,1.8,-9.6,1.0,-12.5,11.0,100,-6.67,-7.34,-8.51,-7.61,-2.06,0.83,-12.48,False,False,,,,,,,,,,filing-other,
UNF,2026-02-10,NYSE,Consumer Services,Other Consumer Services,4422.4,199.84,16.29,15.1,-1.03,5.2,0.05,4.14,0.54,1,2.82,32.0,14.6,0.81,3.9,0.0,100,1.15,2.98,3.81,0.17,18.28,22.1,-1.48,False,False,,,,,,,,,,filing-other,
PRM,2025-10-30,NYSE,Process Industries,Chemicals: Major Diversified,4406.5,21.34,9.65,21.13,10.47,22.1,0.62,3.18,0.97,1,4.57,36.4,108.8,0.83,-5.8,0.0,94,0.47,3.21,4.44,9.66,19.15,19.91,-1.07,True,True,25.85,12.11,-0.153,15,0.565,33,0.53,58,-0.283,earnings,"2.02,9.01"
ONDS,2025-06-02,NASDAQ,Electronic Technology,Telecommunications Equipment,4355.6,1.22,10.66,20.49,8.89,20.63,0.81,5.13,0.34,5,10.95,43.2,46.1,0.79,-60.3,32.9,100,5.19,17.04,24.44,25.19,45.19,69.63,0.74,True,True,1.47,14.29,0.0,6,0.0,6,0.0,6,0.175,other-8k,"8.01,9.01"
ONDS,2025-06-03,NASDAQ,Electronic Technology,Telecommunications Equipment,4355.6,1.47,8.16,-3.4,-10.69,18.57,0.08,3.97,0.3,4,11.57,68.8,69.6,0.78,-53.2,29.1,78,10.06,6.92,-4.4,-1.89,18.24,44.03,-14.47,False,False,,,,,,,,,,other-8k,"8.01,9.01"
ONDS,2025-06-09,NASDAQ,Electronic Technology,Telecommunications Equipment,4355.6,1.7,14.12,-1.18,-13.4,22.46,0.03,3.97,0.41,3,14.6,133.8,113.8,0.7,-42.9,19.6,45,-21.65,-11.86,-12.89,-18.04,-5.15,18.04,-29.9,False,False,,,,,,,,,,equity-sale,"8.01,9.01"
ONDS,2025-11-13,NASDAQ,Electronic Technology,Telecommunications Equipment,4355.6,5.51,14.7,19.06,3.8,16.32,0.24,3.25,1.64,0,11.56,42.7,542.9,0.46,-46.0,29.7,56,13.61,24.05,-0.79,25.0,38.45,56.01,-6.17,False,True,6.56,3.81,-1.0,1,-1.0,1,-1.0,1,-1.0,earnings,"06b,2.02,9.01"
ONDS,2026-05-14,NASDAQ,Electronic Technology,Telecommunications Equipment,4355.6,8.86,12.75,26.52,12.21,22.19,0.76,4.67,1.11,7,7.71,-1.2,52.8,0.98,-34.6,36.1,100,6.31,-8.66,-8.11,32.33,-6.61,41.74,-10.21,False,True,11.21,14.36,-1.0,2,-1.0,2,-1.0,2,-1.0,earnings,"2.02,3.02,8.01,9.01"
KVYO,2025-08-06,NYSE,Technology Services,Packaged Software,4342.1,30.7,15.54,15.02,-0.45,4.82,0.29,4.48,0.75,7,3.25,-2.8,-36.1,1.0,-28.4,35.8,100,-4.06,-15.22,-11.25,-11.84,-12.18,3.64,-15.87,False,False,,,,,,,,,,earnings,"2.02,5.02,9.01"
HTFL,2026-08-14,NASDAQ,Technology Services,Packaged Software,4332.9,31.01,25.96,35.7,7.73,19.32,0.87,9.01,0.79,5,5.35,-3.8,37.9,0.83,-5.2,0.3,100,7.37,16.56,27.37,22.32,26.83,32.56,4.12,True,True,42.08,14.36,1.13,15,0.564,18,,,0.944,earnings,"2.02,9.01"
INDV,2025-07-31,NASDAQ,Health Technology,Pharmaceuticals: Major,4318.8,17.4,19.91,16.09,-3.19,8.8,0.52,8.9,1.16,2,3.39,51.2,43.2,0.6,17.9,0.0,87,0.89,4.48,5.68,11.05,14.45,19.82,-5.34,True,False,,,,,,,,,,earnings,"2.02,7.01,9.01"
INDV,2025-10-30,NASDAQ,Health Technology,Pharmaceuticals: Major,4318.8,25.24,18.86,15.41,-2.9,9.11,0.44,5.58,0.44,4,3.3,19.9,118.5,1.0,17.7,0.0,100,-2.1,6.67,6.23,-0.57,12.0,13.43,-4.13,True,False,,,,,,,,,,earnings,"2.02,2.05,7.01,9.01"
SLM,2025-10-24,NASDAQ,Finance,Finance/Rental/Leasing,4302.1,26.73,11.52,3.33,-7.35,9.81,0.11,3.01,0.45,1,2.96,-18.5,-3.7,1.0,-14.8,37.3,100,-4.56,-9.49,-9.93,-10.23,-6.44,-3.32,-12.95,False,False,,,,,,,,,,earnings,"2.02,9.01"
ITGR,2026-02-19,NYSE,Health Technology,Medical Specialties,4294.8,86.48,15.63,-4.02,-17.0,20.89,0.01,3.01,0.16,5,2.59,28.9,-18.6,0.98,-30.9,51.6,100,-15.15,-12.9,-13.23,-14.77,-15.64,-10.0,-18.01,False,False,,,,,,,,,,earnings,"2.02,7.01,9.01"
ARX,2026-08-13,NYSE,Finance,Property/Casualty Insurance,4285.1,13.61,44.09,43.35,-0.51,0.87,0.35,32.84,5.74,3,6.7,8.6,18.8,0.81,-35.7,8.3,100,-0.15,-0.25,-0.2,0.41,1.17,1.48,-0.56,True,False,,,,,,,,,,earnings,"1.01,2.02,8.01,9.01"
VNT,2026-02-12,NYSE,Transportation,Other Transportation,4268.3,40.71,9.87,3.41,-5.88,15.59,0.06,3.97,1.41,0,3.08,9.1,-5.7,1.0,1.9,0.0,100,-6.57,-8.45,-8.43,-8.52,-19.49,-2.84,-20.43,False,False,,,,,,,,,,earnings,"2.02,9.01"
EWTX,2026-05-05,NASDAQ,Health Technology,Biotechnology,4256.2,31.45,24.4,20.86,-2.85,8.0,0.34,5.44,1.38,7,4.48,6.1,72.0,1.0,11.8,0.0,100,-5.46,-9.73,-13.07,-19.67,-7.45,4.19,-20.72,False,False,,,,,,,,,,filing-other,
EWTX,2026-06-01,NASDAQ,Health Technology,Biotechnology,4256.2,34.16,18.85,17.86,-0.84,9.32,0.85,3.6,0.88,1,4.82,15.0,33.9,0.97,1.6,0.0,100,-8.25,-8.3,-14.19,-13.28,0.07,8.2,-24.04,False,False,,,,,,,,,,agreement,"1.01,9.01"
XXI,2025-04-23,NYSE,Finance,Regional Banks,4254.2,10.62,17.89,55.37,31.79,42.41,0.75,782.73,18.85,12,0.98,2.1,5.8,1.0,14.3,0.0,100,98.08,148.08,236.5,154.87,243.93,377.24,53.35,True,True,16.5,24.12,3.216,9,5.397,32,3.722,41,3.363,none,
XXI,2025-04-24,NYSE,Finance,Regional Banks,4254.2,16.5,16.36,50.3,29.17,104.64,0.28,86.07,2.98,1,3.07,58.7,63.9,0.98,7.7,0.0,100,64.06,70.52,160.42,77.81,160.16,211.2,43.39,True,True,24.8,22.58,0.804,8,2.354,31,1.163,40,1.009,none,
XXI,2025-04-25,NYSE,Finance,Regional Banks,4254.2,24.8,18.69,27.02,7.02,37.92,0.31,11.43,0.51,2,8.25,138.5,146.5,0.97,-25.1,0.0,53,5.52,43.13,59.67,7.05,57.98,102.99,-6.47,False,True,31.5,10.51,0.0,6,0.0,6,0.0,6,1.07,none,
XXI,2025-12-02,NYSE,Finance,Regional Banks,4254.2,11.21,15.61,11.42,-3.63,11.95,0.04,3.01,0.01,44,11.89,-47.8,-76.1,0.62,-78.3,99.3,87,-8.64,11.34,-11.88,-18.6,-32.41,36.5,-32.87,False,False,,,,,,,,,,filing-other,
XXI,2025-12-04,NYSE,Finance,Regional Banks,4254.2,11.84,9.8,22.47,11.54,37.13,0.33,6.92,0.04,40,12.21,-41.7,-70.6,0.59,-78.2,98.7,89,11.0,-12.15,-7.77,-18.23,-23.85,26.77,-33.38,False,True,14.5,11.03,-1.0,3,-1.0,3,-0.044,1,-1.308,equity-sale,
XXI,2025-12-08,NYSE,Finance,Regional Banks,4254.2,14.43,10.74,-1.11,-10.7,19.68,0.18,7.67,0.05,34,13.77,-27.2,-62.0,0.56,-73.3,96.4,88,-28.54,-24.97,-30.41,-34.42,-40.86,-21.71,-45.81,False,False,,,,,,,,,,other-8k,"8.01,9.01"
GEF,2025-06-05,NYSE,Process Industries,Containers/Packaging,4247.4,55.07,9.68,15.63,5.43,7.76,0.86,6.09,1.26,3,1.75,-2.5,-23.0,1.0,-17.4,55.9,100,10.03,6.27,7.55,3.87,13.89,16.67,3.59,True,True,63.68,6.27,0.0,6,0.0,6,0.0,6,0.043,filing-other,
LIVN,2025-05-07,NASDAQ,Health Technology,Medical Specialties,4241.6,35.16,12.12,23.72,10.35,11.79,0.89,4.09,1.13,2,4.38,-27.8,-31.2,0.79,-31.3,70.4,100,11.8,14.74,10.48,10.76,13.77,16.11,5.85,True,True,43.5,9.52,0.039,10,0.205,28,0.114,45,0.165,earnings,"2.02,9.01"
ENPH,2026-02-04,NASDAQ,Producer Manufacturing,Electrical Products,4206.2,37.28,28.76,38.6,7.65,10.8,0.76,8.23,1.21,6,5.67,26.3,16.8,0.83,-32.2,15.8,100,-1.52,4.79,0.48,-7.81,-14.27,8.83,-15.73,False,True,51.67,7.55,-1.0,1,-1.0,1,-1.0,1,-1.0,earnings,"2.02,9.01"
DAVE,2025-05-08,NASDAQ,Finance,Major Banks,4163.9,107.83,24.92,41.64,13.39,20.82,0.98,6.8,0.85,4,6.29,-0.4,186.2,0.76,7.8,0.0,86,24.14,34.94,36.49,47.62,64.48,64.94,10.76,True,True,152.73,16.92,2.148,25,2.148,25,1.926,45,1.807,earnings,"2.02,9.01"
DAVE,2025-11-04,NASDAQ,Finance,Major Banks,4163.9,240.11,8.29,-2.3,-9.78,24.15,0.27,5.31,0.64,3,7.2,22.4,126.7,0.92,-9.2,2.2,99,-6.36,-9.45,-7.23,-26.75,-21.63,-1.54,-32.69,False,False,,,,,,,,,,earnings,"2.02,9.01"
CECO,2025-07-29,NASDAQ,Producer Manufacturing,Industrial Machinery,4135.0,34.71,12.07,16.25,3.73,10.5,0.82,3.99,0.58,4,3.83,80.8,22.3,0.89,10.6,0.0,78,11.9,16.02,17.22,20.69,23.62,24.91,3.88,True,True,40.35,7.93,1.344,12,1.638,23,2.347,54,1.394,earnings,"2.02,9.01"
TNGX,2026-06-08,NASDAQ,Health Technology,Biotechnology,4117.5,20.22,48.39,52.97,3.08,24.62,0.76,7.23,0.65,3,8.31,22.9,104.2,0.71,5.6,0.0,95,5.18,-0.62,9.65,-5.38,2.12,14.61,-7.85,True,True,30.93,15.68,-0.61,8,-0.454,16,-0.887,32,-0.483,equity-sale,"7.01,8.01,9.01"
ICUI,2025-11-07,NASDAQ,Health Technology,Medical Specialties,4087.1,129.67,12.29,8.09,-3.74,9.91,0.31,3.43,0.71,3,3.67,20.0,-6.2,1.0,-25.8,30.3,100,-4.38,-4.43,-6.25,-2.24,-1.26,5.52,-9.35,False,False,,,,,,,,,,earnings,"2.02,9.01"
DOO,2025-08-29,NASDAQ,Producer Manufacturing,Trucks/Construction/Farm Machinery,4081.2,57.49,8.58,9.55,0.9,5.31,0.56,3.76,1.03,2,2.99,30.7,45.0,0.94,2.1,0.0,100,6.87,4.81,9.52,3.51,-3.0,9.61,-4.53,False,True,62.98,2.87,0.729,9,0.0,14,0.0,14,0.935,filing-other,
GEO,2026-05-06,NYSE,Commercial Services,Miscellaneous Commercial Services,4074.9,18.36,15.47,20.92,4.72,15.78,0.69,3.35,0.49,5,3.18,17.1,9.2,0.87,-33.2,40.8,100,0.09,0.99,6.84,9.58,18.63,19.2,-2.41,True,True,22.2,9.77,0.221,13,3.147,41,3.839,81,0.026,earnings,"2.02,9.01"
FSLY,2025-05-08,NASDAQ,Technology Services,Information Technology Services,4059.0,6.03,12.27,26.37,12.56,14.16,0.96,4.05,0.67,4,5.38,-39.6,-15.0,0.65,-44.0,74.4,100,13.44,20.68,18.76,9.9,13.15,23.34,5.91,True,True,7.62,11.94,0.0,8,0.0,8,0.0,8,0.201,earnings,"2.02,9.01"
FSLY,2025-08-07,NASDAQ,Technology Services,Information Technology Services,4059.0,6.52,15.49,14.42,-0.93,8.04,0.45,4.68,0.69,10,3.64,8.1,-36.3,0.95,-37.7,46.2,100,-7.17,-9.03,-8.23,-3.98,-1.33,3.32,-11.09,False,False,,,,,,,,,,earnings,"2.02,5.02,9.01"
FSLY,2025-11-06,NASDAQ,Technology Services,Information Technology Services,4059.0,8.07,20.2,35.94,13.09,16.09,0.84,7.86,1.45,5,4.07,15.5,5.9,0.97,-19.7,15.9,100,19.18,23.61,17.94,8.66,8.45,29.8,3.81,True,True,10.97,11.9,0.0,6,0.0,6,0.0,6,0.261,earnings,"2.02,9.01"
FSLY,2026-02-12,NASDAQ,Technology Services,Information Technology Services,4059.0,9.31,44.9,72.29,18.9,33.48,0.59,30.46,5.3,6,5.45,-22.4,28.6,0.87,7.1,0.0,100,35.36,39.58,34.03,41.73,82.21,91.18,18.9,True,True,16.04,16.58,3.564,31,2.643,39,1.846,41,2.726,earnings,"2.02,7.01,9.01"
TDW,2025-08-05,NYSE,Transportation,Marine Shipping,4037.2,48.91,12.45,29.2,14.89,17.54,0.91,5.25,1.18,4,4.01,28.7,-6.4,0.94,-26.2,23.9,100,12.11,4.38,0.89,2.87,2.67,16.36,-1.42,False,True,63.19,13.74,-1.0,6,-1.0,6,-1.0,6,-0.889,earnings,"2.02,8.01,9.01"
PRIM,2025-08-05,NYSE,Industrial Services,Engineering & Construction,3998.7,93.09,18.91,16.65,-1.9,12.6,0.65,3.1,1.08,0,2.83,38.8,23.9,0.83,15.1,0.0,100,-0.2,0.44,3.52,0.36,4.03,8.64,-3.79,True,False,,,,,,,,,,earnings,"2.02,8.01,9.01"
BRC,2026-05-18,NYSE,Producer Manufacturing,Miscellaneous Manufacturing,3976.1,70.96,8.51,18.98,9.65,9.65,1.0,3.56,1.12,3,3.44,-25.7,-5.7,1.0,-22.4,60.1,100,11.09,9.82,14.0,13.68,10.25,18.18,-4.92,False,True,84.43,8.8,0.0,14,0.0,14,0.0,14,0.006,earnings,"2.02,7.01,9.01"
ACLS,2025-08-05,NASDAQ,Producer Manufacturing,Industrial Machinery,3974.1,70.88,12.87,10.06,-2.49,11.04,0.24,3.26,0.68,5,4.11,36.1,7.9,0.87,-25.4,14.9,100,-5.35,-0.73,1.65,0.25,-1.64,6.81,-6.4,False,False,,,,,,,,,,earnings,"2.02,9.01"
KFY,2025-06-18,NYSE,Commercial Services,Personnel Services,3927.1,66.76,14.89,6.46,-7.34,9.82,0.01,6.34,0.79,5,1.78,-1.6,-4.8,1.0,-4.9,7.1,100,-8.27,-2.82,-4.63,-3.55,-3.56,-1.53,-9.62,False,False,,,,,,,,,,earnings,"2.02,8.01,9.01"
ACHR,2026-08-10,NYSE,Electronic Technology,Aerospace & Defense,3896.3,5.59,14.67,11.99,-2.34,15.75,0.35,3.9,0.8,1,7.05,-13.7,-23.4,0.71,-56.2,68.6,100,5.93,8.74,-0.31,-5.3,-9.05,13.73,-14.51,False,False,,,,,,,,,,earnings,"1.01,2.02,3.02,7.01,9.01"
SIG,2025-06-03,NYSE,Retail Trade,Specialty Stores,3890.5,66.81,16.66,12.45,-3.61,8.29,0.51,3.39,0.36,7,3.24,39.4,-33.2,0.83,-26.7,30.0,100,-4.54,-0.33,2.57,3.26,7.72,8.8,-6.12,True,False,,,,,,,,,,earnings,"2.02,9.01"
DLO,2025-05-15,NASDAQ,Technology Services,Packaged Software,3862.1,10.19,21.98,10.3,-9.57,13.38,0.1,7.31,0.39,21,3.36,-22.2,17.8,0.84,-12.9,17.3,100,-5.35,-6.19,-6.11,-12.63,-21.08,-3.72,-21.56,False,False,,,,,,,,,,filing-other,
DLO,2025-08-14,NASDAQ,Technology Services,Packaged Software,3862.1,11.69,16.51,31.31,12.7,19.06,0.85,14.94,1.75,5,3.81,14.7,-10.4,1.0,-4.5,3.2,100,14.98,8.44,5.84,6.9,0.81,20.7,-7.49,False,True,15.35,13.88,-0.408,9,-1.0,14,-1.0,14,-0.363,filing-other,
DLO,2026-03-19,NASDAQ,Technology Services,Packaged Software,3862.1,11.45,8.65,9.43,0.72,8.08,0.16,5.64,0.33,16,4.54,-18.9,-21.4,0.97,-25.9,66.8,100,-2.41,3.86,-0.64,3.38,9.97,12.46,-3.94,False,True,12.53,1.28,-1.0,1,-1.0,1,-1.0,1,-1.0,filing-other,
LOPE,2025-08-07,NASDAQ,Commercial Services,Miscellaneous Commercial Services,3846.9,172.05,8.69,13.15,4.11,7.5,0.58,4.26,1.46,0,2.01,-11.3,-4.9,1.0,-7.6,16.7,100,6.01,5.88,4.87,9.75,9.24,10.81,2.48,True,True,194.68,4.17,0.747,15,0.0,16,0.0,16,0.634,earnings,"2.02,9.01"
RUM,2025-10-03,NASDAQ,Technology Services,Internet Software/Services,3827.7,7.39,11.23,15.83,4.14,11.18,0.57,8.41,0.25,4,4.02,-17.7,-3.9,0.78,-52.8,58.6,100,3.28,-0.49,-9.25,-13.5,-16.55,6.2,-19.46,False,True,8.56,5.96,-1.0,2,-1.0,2,-1.0,2,-1.0,none,
RUM,2025-11-10,NASDAQ,Technology Services,Internet Software/Services,3827.7,5.89,11.38,11.38,0.0,10.32,0.56,3.24,0.14,2,5.1,-25.6,-40.9,0.9,-62.3,93.5,100,-6.4,-13.57,-19.97,-0.76,10.21,20.27,-22.18,False,False,,,,,,,,,,earnings,"1.01,2.02,7.01,9.01"
RUM,2026-06-04,NASDAQ,Technology Services,Internet Software/Services,3827.7,8.33,13.21,-1.8,-13.26,29.09,0.01,4.17,0.63,3,9.17,48.5,17.3,0.3,-14.2,5.6,71,-19.62,-20.57,-20.04,-21.95,-30.97,-7.64,-38.18,False,False,,,,,,,,,,other-8k,"7.01,9.01"
RUM,2026-06-18,NASDAQ,Technology Services,Internet Software/Services,3827.7,7.29,16.05,0.96,-13.0,21.48,0.12,3.22,0.54,4,9.81,38.1,9.1,0.56,-23.0,19.0,96,-19.62,-26.71,-25.3,-23.05,-31.09,-8.22,-35.34,False,False,,,,,,,,,,agreement,"1.01,2.01,2.03,3.02,5.03,8.01,9.01"
FLY,2026-03-12,NASDAQ,Electronic Technology,Aerospace & Defense,3826.9,20.6,15.05,12.77,-1.98,9.86,0.14,5.07,0.47,2,9.43,5.9,-51.8,0.6,-67.9,63.3,100,-0.97,3.71,-3.12,13.12,58.4,75.15,-9.16,False,False,,,,,,,,,,filing-other,
FLY,2026-03-20,NASDAQ,Electronic Technology,Aerospace & Defense,3826.9,22.96,11.28,1.13,-9.12,22.83,0.22,5.03,0.52,2,8.6,23.9,-49.2,0.63,-65.4,48.6,100,-6.03,7.75,-7.22,36.4,67.48,81.2,-15.73,False,False,,,,,,,,,,earnings,"2.02,9.01"
ITRI,2026-02-17,NASDAQ,Electronic Technology,Electronic Equipment/Instruments,3826.5,89.36,10.66,7.91,-2.49,9.66,0.12,4.46,0.45,7,3.63,-10.2,-29.2,1.0,-30.4,78.2,100,0.7,0.66,-1.06,-5.01,-6.65,5.7,-9.72,False,False,,,,,,,,,,earnings,"2.02,9.01"
ITRI,2026-07-28,NASDAQ,Electronic Technology,Electronic Equipment/Instruments,3826.5,84.78,8.22,26.23,16.64,18.64,0.93,9.91,1.07,7,3.15,-2.5,-13.8,1.0,-35.4,68.8,100,11.53,8.62,15.85,12.62,7.61,16.62,4.77,True,True,107.02,14.78,-0.277,9,-0.685,15,-0.851,31,-0.34,earnings,"2.02,9.01"
ALM,2025-06-27,NASDAQ,Non-Energy Minerals,Other Metals/Minerals,3805.1,6.39,10.92,9.51,-1.27,6.91,0.33,4.35,0.94,10,4.73,85.6,365.6,0.62,4.0,0.0,32,4.54,0.63,14.71,-32.7,-49.35,18.31,-49.91,False,False,,,,,,,,,,none,
ALM,2025-10-08,NASDAQ,Non-Energy Minerals,Other Metals/Minerals,3805.1,7.12,8.08,7.44,-0.58,4.14,0.55,3.12,0.74,2,6.15,25.4,130.0,0.7,-8.2,0.0,84,1.75,12.28,25.93,-0.06,-20.99,38.79,-21.77,False,False,,,,,,,,,,none,
ALM,2025-10-14,NASDAQ,Non-Energy Minerals,Other Metals/Minerals,3805.1,8.64,9.9,15.28,4.9,20.68,0.82,5.62,1.78,3,6.23,77.4,118.2,0.67,7.3,0.0,44,2.05,-13.43,-11.74,-21.75,-24.59,12.48,-37.44,False,True,9.96,14.56,-1.0,2,-1.0,2,-1.0,2,-1.0,filing-other,
BULL,2025-04-11,NASDAQ,Technology Services,Packaged Software,3798.4,12.02,33.11,10.23,-17.19,74.95,0.52,40.52,5.26,7,4.65,3.4,5.3,1.0,19.4,0.0,100,293.13,126.38,53.88,-3.47,-11.94,397.25,-18.19,True,False,,,,,,,,,,filing-other,
BULL,2025-04-14,NASDAQ,Technology Services,Packaged Software,3798.4,13.25,108.6,374.72,127.57,205.76,0.69,168.19,9.38,2,8.36,14.0,16.2,1.0,65.6,0.0,100,47.97,-4.74,-15.05,-47.79,-49.38,114.22,-52.64,False,True,62.9,58.63,-1.0,3,-1.0,3,-1.0,3,-0.997,equity-sale,
BULL,2026-04-15,NASDAQ,Technology Services,Packaged Software,3798.4,5.82,8.08,11.17,2.86,6.8,0.69,3.2,0.23,7,5.14,-28.9,-50.4,0.63,-92.1,87.1,100,3.02,11.45,15.58,7.47,12.56,19.55,-2.07,False,True,6.47,4.48,-1.0,1,-1.0,1,-1.0,1,-1.0,filing-other,
BULL,2026-08-20,NASDAQ,Technology Services,Packaged Software,3798.4,8.64,15.05,2.43,-10.97,12.81,0.03,5.12,0.31,6,4.48,23.6,45.0,0.92,-39.1,32.5,100,-11.67,-10.06,-3.72,0.6,-17.0,2.52,-23.29,False,False,,,,,,,,,,filing-other,
CELC,2025-07-28,NASDAQ,Health Technology,Medical Specialties,3786.4,13.77,233.77,167.18,-19.95,32.63,0.16,107.84,19.43,7,5.45,27.5,20.6,0.84,177.8,0.0,100,-16.23,-14.78,-6.16,1.52,7.16,17.18,-25.37,False,False,,,,,,,,,,agreement,"1.01,7.01,8.01,9.01"
CELC,2025-10-20,NASDAQ,Health Technology,Medical Specialties,3786.4,51.96,52.48,35.84,-10.92,17.98,0.02,6.88,0.27,3,6.66,272.7,397.2,0.83,25.6,0.0,45,-17.33,-10.93,-2.17,-5.1,16.41,21.29,-18.45,False,False,,,,,,,,,,other-8k,"7.01,8.01,9.01"
CELC,2026-05-04,NASDAQ,Health Technology,Medical Specialties,3786.4,125.65,13.1,15.38,2.02,11.0,0.6,4.9,0.15,2,5.82,12.9,59.1,1.0,10.1,0.0,100,-0.3,-8.03,-11.59,-6.99,-35.67,3.67,-37.39,False,True,144.98,6.15,-1.0,2,-1.0,2,-1.0,2,-1.0,filing-other,
PAY,2025-11-04,NYSE,Commercial Services,Miscellaneous Commercial Services,3778.2,28.61,17.69,26.18,7.22,9.84,0.95,3.6,0.88,2,3.69,-16.2,-18.4,0.9,-16.7,38.6,100,5.35,11.26,12.06,2.7,3.47,13.6,-4.99,False,True,36.1,8.53,0.24,9,0.0,10,0.0,10,0.307,earnings,"2.02,9.01"
PAY,2026-05-05,NYSE,Commercial Services,Miscellaneous Commercial Services,3778.2,28.62,13.66,-7.83,-18.91,26.31,0.09,4.12,0.6,10,3.76,16.3,0.1,0.97,-19.5,41.6,100,-16.54,-18.11,-18.41,-25.79,-35.11,-13.59,-36.26,False,False,,,,,,,,,,earnings,"2.02,9.01"
PAY,2026-08-04,NYSE,Commercial Services,Miscellaneous Commercial Services,3778.2,34.52,17.27,29.2,10.18,21.67,0.91,3.36,0.4,1,4.74,20.6,27.0,0.63,2.8,0.0,100,-1.19,-4.72,0.32,-5.34,-13.22,7.91,-13.88,False,True,44.6,16.5,-0.535,9,-1.0,17,-1.0,17,-0.63,earnings,"2.01,2.02,9.01"
RHI,2026-01-30,NYSE,Commercial Services,Personnel Services,3775.1,27.09,21.67,27.76,5.01,13.28,0.77,5.56,1.5,1,3.94,-1.3,-26.6,1.0,-53.1,64.1,100,3.25,-0.39,-4.73,-24.85,-28.03,4.07,-32.28,False,True,34.61,9.25,-1.0,2,-1.0,2,-1.0,2,-1.0,earnings,"2.02,9.01"
CAR,2026-04-22,NASDAQ,Finance,Finance/Rental/Leasing,3772.4,713.97,8.55,-37.82,-42.72,98.07,0.04,3.96,0.99,1,19.58,464.6,378.8,0.48,1.2,0.0,24,-70.43,-75.86,-76.63,-78.81,-80.28,-47.91,-81.88,False,False,,,,,,,,,,filing-other,
IRTC,2025-05-02,NASDAQ,Health Technology,Medical Specialties,3765.0,108.59,10.28,20.75,9.49,11.86,0.85,5.98,0.78,4,5.23,-0.2,41.0,1.0,-6.8,0.0,100,13.37,13.73,14.99,17.75,17.45,22.41,7.52,True,True,131.12,9.18,0.851,17,1.232,40,0.292,44,0.708,filing-other,9.01
IRTC,2025-08-01,NASDAQ,Health Technology,Medical Specialties,3765.0,140.18,11.61,17.68,5.45,10.62,0.79,4.46,0.69,3,3.04,29.1,30.1,0.98,-0.4,0.0,100,5.45,-0.27,1.31,2.64,8.65,10.31,-2.81,False,True,164.97,7.77,-0.343,10,-1.0,11,-1.0,11,-0.462,earnings,"2.02,9.01"
IRTC,2025-10-31,NASDAQ,Health Technology,Medical Specialties,3765.0,184.12,12.67,1.73,-9.71,14.04,0.05,3.94,0.65,5,3.24,11.6,40.4,1.0,8.7,0.0,100,-10.82,-12.99,-15.83,-17.65,-11.91,-7.22,-25.28,False,False,,,,,,,,,,earnings,"1.01,2.02,5.02,9.01"
NVST,2026-02-06,NYSE,Health Technology,Medical Specialties,3747.2,24.71,12.93,17.77,4.28,9.48,0.93,3.78,0.81,2,3.58,22.6,23.0,1.0,9.8,0.0,100,5.21,8.44,3.82,3.85,-4.32,9.01,-8.58,False,True,29.1,8.11,0.0,4,0.0,4,0.0,4,0.164,earnings,"2.02,7.01,9.01"
NVST,2026-05-07,NYSE,Health Technology,Medical Specialties,3747.2,27.07,8.39,-10.27,-17.21,21.6,0.0,5.01,1.19,2,3.09,9.6,34.3,1.0,-3.6,3.4,100,-17.38,-17.25,-18.68,-19.46,-21.27,-14.66,-23.81,False,False,,,,,,,,,,earnings,"2.02,7.01,9.01"
VCYT,2025-11-05,NASDAQ,Health Technology,Medical Specialties,3704.4,36.12,10.74,27.46,15.1,16.77,0.94,5.66,0.29,7,3.6,30.5,17.1,0.95,-15.5,15.4,100,4.22,5.87,5.75,-0.17,18.52,26.77,-5.05,False,True,46.04,13.62,-0.984,6,-1.0,7,-1.0,7,-0.852,earnings,"2.02,9.01"
VCYT,2026-05-06,NASDAQ,Health Technology,Medical Specialties,3704.4,32.97,18.29,24.93,5.62,17.22,0.92,3.83,0.19,3,4.37,-8.7,-9.5,0.98,-23.1,18.8,100,4.51,1.79,-1.92,15.87,28.05,29.59,-3.44,True,True,41.19,13.72,1.076,22,2.844,50,0.908,59,0.629,earnings,"2.02,9.01"
PLSE,2026-02-06,NASDAQ,Health Technology,Medical Specialties,3699.8,13.69,9.2,51.57,38.8,42.37,0.99,16.38,5.19,2,5.97,-15.9,-7.0,1.0,-40.2,72.9,100,61.94,68.9,53.91,35.05,22.11,75.92,16.79,True,True,20.75,29.59,0.109,9,0.0,10,0.0,10,0.317,other-8k,"8.01,9.01"
MGNI,2026-08-06,NASDAQ,Technology Services,Packaged Software,3681.7,20.67,11.27,17.66,5.74,12.39,0.61,4.03,0.81,2,4.19,54.4,73.6,0.59,-13.7,12.7,78,7.48,5.65,6.87,1.52,7.09,12.13,-2.43,False,True,24.32,7.07,-0.273,9,-0.483,17,-1.0,19,-0.186,earnings,"2.02,9.01"
DORM,2026-08-04,NASDAQ,Consumer Durables,Automotive Aftermarket,3676.5,127.68,11.3,15.76,4.0,10.98,0.51,5.82,1.69,1,3.67,15.2,0.9,1.0,-14.8,17.8,100,-0.4,-0.84,-6.38,-6.54,-10.51,3.84,-11.66,False,True,147.8,5.28,-1.0,2,-1.0,2,-1.0,2,-1.0,earnings,"2.02,9.01"
AMLX,2025-09-10,NASDAQ,Health Technology,Pharmaceuticals: Major,3675.0,10.51,9.42,12.56,2.87,11.06,0.66,5.54,0.58,2,5.86,82.5,181.8,0.56,8.0,0.0,28,2.96,3.04,11.04,20.7,17.22,31.7,-0.7,True,True,11.83,6.76,2.2,14,1.075,18,0.787,41,1.475,agreement,"1.01,9.01"
AMLX,2026-08-18,NASDAQ,Health Technology,Pharmaceuticals: Major,3675.0,21.43,39.57,63.84,17.39,26.39,0.96,13.53,3.44,1,6.9,66.6,51.7,0.52,21.6,0.0,68,29.05,29.25,25.24,13.04,9.09,37.55,4.88,True,True,35.11,20.25,0.0,8,0.0,8,0.0,8,0.166,equity-sale,"7.01,8.01,9.01"
IDYA,2026-04-13,NASDAQ,Health Technology,Pharmaceuticals: Major,3653.1,30.5,14.49,7.61,-6.01,22.12,0.23,9.98,2.79,2,5.1,-18.4,13.8,1.0,-11.1,8.0,100,-7.36,-6.9,-3.78,-15.58,-19.44,-0.73,-20.3,False,False,,,,,,,,,,other-8k,8.01
SEZL,2025-05-08,NASDAQ,Technology Services,Packaged Software,3635.9,52.75,30.46,42.14,8.95,26.67,0.6,7.68,1.66,3,9.31,29.1,58.4,0.63,-13.5,8.0,100,26.56,31.56,30.92,47.72,91.94,92.97,7.03,True,True,74.98,13.84,8.589,40,7.095,42,6.496,61,6.226,earnings,"2.02,7.01,9.01"
SEZL,2026-02-26,NASDAQ,Technology Services,Packaged Software,3635.9,62.62,25.04,35.26,8.17,13.37,0.81,5.97,0.71,4,7.61,17.2,-32.8,0.95,-58.1,46.1,100,-6.83,-6.21,-3.23,-16.62,-14.39,8.62,-19.45,False,True,84.7,9.73,-1.0,1,-1.0,1,-1.0,1,-1.0,earnings,"2.02,4.02,9.01"
SEZL,2026-05-07,NASDAQ,Technology Services,Packaged Software,3635.9,86.02,17.02,16.04,-0.83,20.3,0.26,4.61,0.53,3,7.26,44.5,39.9,0.78,-46.1,22.7,100,-4.29,-1.02,2.76,4.76,15.25,22.24,-8.86,False,False,,,,,,,,,,earnings,"2.02,9.01"
THO,2025-06-04,NYSE,Consumer Durables,Recreational Products,3621.3,82.41,8.79,4.25,-4.17,8.28,0.25,3.03,0.49,2,2.91,1.2,-26.2,0.98,-24.6,50.4,100,-4.09,-2.18,-2.03,-4.19,3.29,5.97,-9.16,False,False,,,,,,,,,,earnings,"2.02,7.01,9.01"
OGN,2026-04-10,NYSE,Health Technology,Pharmaceuticals: Major,3608.3,6.91,15.92,27.79,10.24,12.47,0.9,10.58,1.13,7,5.27,-15.0,-32.5,0.6,-39.5,62.8,100,6.62,14.98,21.85,40.57,66.67,67.79,1.31,True,True,8.83,10.08,0.0,7,0.0,7,0.0,7,0.142,none,
OGN,2026-04-24,NYSE,Health Technology,Pharmaceuticals: Major,3608.3,8.6,24.94,30.93,4.79,16.32,0.8,5.01,0.81,4,7.6,-11.9,-3.8,0.56,-18.9,3.4,100,22.48,24.15,23.69,24.24,24.99,25.45,22.38,True,True,11.26,11.59,1.571,12,1.602,23,,,1.579,filing-other,
OGN,2026-04-27,NYSE,Health Technology,Pharmaceuticals: Major,3608.3,11.26,17.36,16.87,-0.42,0.68,0.11,18.36,3.39,4,8.19,23.7,24.4,0.56,-0.2,0.0,100,0.79,0.26,0.34,0.87,1.48,2.01,-0.26,True,False,,,,,,,,,,agreement,"1.01,5.02,7.01,9.01"
XENE,2026-03-09,NASDAQ,Health Technology,Pharmaceuticals: Major,3607.3,41.94,44.4,49.64,3.63,8.47,0.97,13.55,0.88,1,4.43,-6.0,7.0,1.0,28.9,0.0,100,0.08,-4.39,-9.74,-10.14,-4.81,5.6,-13.23,False,True,62.76,7.58,-1.0,1,-1.0,1,-1.0,1,-1.0,equity-sale,"7.01,9.01"
VAC,2026-08-06,NYSE,Consumer Services,Other Consumer Services,3600.5,101.74,8.88,22.62,12.62,19.02,0.84,4.35,0.38,2,3.56,30.0,82.6,0.78,4.5,0.0,100,11.47,3.69,9.52,-0.44,-10.44,18.57,-11.34,False,True,124.75,13.79,-0.565,8,-0.774,15,-1.0,17,-0.568,earnings,"2.02,7.01,9.01"
MANU,2025-06-06,NYSE,Consumer Services,Movies/Entertainment,3589.5,13.81,11.15,18.83,6.91,16.38,0.97,5.15,1.25,3,2.89,-0.8,-18.2,1.0,-16.7,51.2,100,10.81,10.03,12.38,23.71,10.88,28.01,3.71,True,True,16.41,13.71,0.622,15,0.258,16,0.449,47,0.486,filing-other,
CENX,2025-06-02,NASDAQ,Non-Energy Minerals,Aluminum,3583.6,15.49,23.76,21.3,-1.98,12.69,0.29,4.92,1.34,3,4.26,-14.0,-35.0,0.87,-24.5,33.4,100,1.3,2.87,4.96,-4.07,-5.58,6.47,-13.46,False,False,,,,,,,,,,none,
BILL,2026-02-06,NYSE,Technology Services,Packaged Software,3574.8,35.68,15.3,37.16,18.96,29.9,0.72,8.79,0.82,2,5.18,-23.3,-14.0,0.94,-58.0,91.6,100,23.38,14.29,14.22,1.94,8.09,25.57,0.0,True,True,48.94,17.65,-0.466,7,-0.466,7,0.193,2,-0.385,earnings,"2.02,9.01"
BILL,2026-05-08,NYSE,Technology Services,Packaged Software,3574.8,37.66,8.9,11.07,2.0,11.03,0.66,3.84,0.31,10,4.58,-23.0,-19.0,0.87,-28.3,83.0,100,1.19,-2.56,-2.29,-11.88,-14.31,6.24,-16.24,False,True,41.83,6.77,-0.827,4,-1.0,6,-1.0,6,-0.772,earnings,"2.02,2.05,7.01,9.01"
WK,2025-08-01,NYSE,Technology Services,Information Technology Services,3545.2,63.83,16.56,32.07,13.31,16.21,0.95,7.34,1.73,8,2.92,-14.2,-35.6,1.0,-36.3,58.5,100,11.34,4.77,-1.13,0.47,10.54,15.19,-4.42,False,True,84.3,13.3,-0.958,5,-1.0,6,-1.0,6,-0.827,earnings,"2.02,9.01"
WK,2026-02-20,NYSE,Technology Services,Information Technology Services,3545.2,59.26,10.06,3.66,-5.81,13.15,0.18,3.83,0.89,1,5.24,-34.7,-22.5,0.81,-32.8,94.3,100,-11.7,-9.37,-5.58,-0.49,-6.87,0.35,-13.48,False,False,,,,,,,,,,earnings,"2.02,9.01"
KTB,2026-03-03,NYSE,Consumer Non-Durables,Apparel/Footwear,3513.7,64.82,10.89,20.61,8.76,13.41,0.78,3.77,1.2,0,3.71,-12.8,-16.1,0.89,-17.4,26.5,100,8.58,6.11,-5.31,-3.66,-2.21,11.69,-9.39,False,True,78.18,9.42,-1.0,4,-1.0,4,-1.0,4,-0.753,earnings,"2.02,9.01"
OLED,2026-05-01,NASDAQ,Electronic Technology,Electronic Production Equipment,3500.8,87.09,8.58,10.68,1.94,8.6,0.67,4.59,0.91,3,3.62,-24.2,-41.6,0.79,-42.1,91.5,100,2.12,-0.61,-2.97,-2.03,0.82,7.39,-7.68,False,True,96.39,5.42,-0.462,3,-0.462,3,0.033,1,-0.462,earnings,"2.02,8.01,9.01"
ACAD,2026-06-26,NASDAQ,Health Technology,Pharmaceuticals: Major,3484.0,23.72,11.21,6.75,-4.02,8.93,0.11,5.27,0.86,1,3.12,10.5,-14.8,1.0,-6.9,10.1,100,-4.47,-4.47,-2.31,-3.34,-3.75,0.49,-8.15,False,False,,,,,,,,,,filing-other,
ZIM,2025-08-11,NYSE,Transportation,Marine Shipping,3464.9,15.5,15.1,14.9,-0.17,6.54,0.51,5.64,0.92,10,2.72,8.6,-14.3,0.98,-40.8,57.1,100,-2.8,-4.93,-9.36,-20.74,-25.45,1.57,-26.46,False,False,,,,,,,,,,filing-other,
ZIM,2026-02-17,NYSE,Transportation,Marine Shipping,3464.9,22.2,35.0,25.45,-7.07,8.67,0.11,11.92,1.69,8,4.54,38.7,36.1,0.87,22.5,0.0,100,-3.14,-2.34,-2.97,-6.87,-8.54,-2.12,-12.08,False,False,,,,,,,,,,filing-other,
LMND,2025-08-05,NYSE,Finance,Multi-Line Insurance,3451.9,37.0,11.84,29.54,15.83,20.3,0.84,5.87,1.34,4,5.47,23.3,11.5,0.7,-23.2,23.8,100,23.42,18.37,31.92,38.23,20.49,45.99,9.59,True,True,47.93,14.5,0.0,2,0.0,2,0.0,2,0.0,earnings,"2.02,9.01"
LMND,2025-11-05,NYSE,Finance,Multi-Line Insurance,3451.9,58.66,15.41,34.21,16.29,21.34,0.93,5.54,1.01,3,6.6,24.1,92.0,0.98,6.6,0.0,100,10.97,16.5,13.74,4.79,13.44,23.74,-5.39,False,True,78.73,16.56,-0.671,6,-1.0,8,-1.0,8,-0.444,earnings,"2.02,9.01"
QTWO,2025-11-06,NYSE,Technology Services,Information Technology Services,3437.0,61.12,9.1,14.81,5.23,9.14,0.89,3.66,0.28,2,3.04,-17.0,-32.7,0.7,-40.9,89.5,100,7.96,10.09,7.56,4.54,10.26,11.85,1.81,True,True,70.17,7.52,0.0,6,0.0,6,0.0,6,0.205,earnings,"2.02,5.02,8.01,9.01"
CLSK,2026-07-14,NASDAQ,Technology Services,Data Processing Services,3418.2,12.36,18.81,8.82,-8.41,17.97,0.28,3.79,0.95,2,8.46,14.9,6.5,0.59,-37.8,27.4,100,-3.78,-11.27,4.73,-8.21,-21.55,9.64,-21.82,False,False,,,,,,,,,,other-8k,"7.01,8.01,9.01"
RXO,2026-05-07,NYSE,Technology Services,Packaged Software,3415.6,19.62,10.63,17.79,6.47,8.93,0.91,3.68,0.42,4,5.26,18.3,12.9,0.65,6.5,0.0,100,0.21,-7.62,-19.33,12.23,23.75,28.22,-22.83,False,True,23.11,7.49,-1.0,2,-1.0,2,-1.0,2,-1.0,earnings,"2.02,7.01,9.01"
GPGI,2025-11-03,NYSE,Producer Manufacturing,Industrial Machinery,3412.0,19.86,15.86,3.42,-10.73,36.28,0.12,8.56,1.07,13,3.67,40.5,76.5,0.95,8.8,0.0,100,-8.13,-7.91,-8.69,-17.08,-13.86,-2.0,-22.64,False,False,,,,,,,,,,earnings,"1.01,2.02,3.02,7.01,8.01,9.01"
ELVN,2026-01-08,NASDAQ,Health Technology,Biotechnology,3407.8,15.47,8.21,50.29,38.89,56.13,0.75,13.18,2.94,3,6.95,-23.9,-32.1,0.71,-33.3,91.0,100,55.32,53.82,50.36,54.0,75.75,80.53,38.9,True,True,23.25,29.51,0.369,10,0.506,25,2.536,96,0.367,filing-other,"5.02,9.01"
ELVN,2026-03-25,NASDAQ,Health Technology,Biotechnology,3407.8,31.15,8.36,14.06,5.26,8.8,0.6,7.15,0.68,4,6.73,73.7,62.3,0.81,6.3,0.0,78,16.4,8.4,11.95,35.06,30.03,43.77,5.47,True,True,35.53,5.0,5.02,19,4.197,23,2.885,44,3.546,filing-other,
ELVN,2026-06-11,NASDAQ,Health Technology,Biotechnology,3407.8,37.0,21.65,9.08,-10.33,13.1,0.02,6.6,0.54,7,5.59,28.4,89.8,0.83,-7.3,3.7,100,2.49,-5.47,0.2,11.26,13.02,16.4,-13.35,False,False,,,,,,,,,,agreement,"1.01,5.03,5.07,7.01,8.01,9.01"
WRBY,2025-08-07,NYSE,Retail Trade,Specialty Stores,3395.5,24.3,11.07,-3.37,-13.0,31.93,0.13,3.52,0.53,5,3.56,50.4,-9.7,0.87,-5.9,1.1,100,-13.56,-9.56,-0.52,-3.41,-3.59,1.74,-14.13,True,False,,,,,,,,,,earnings,"2.02,5.02,9.01"
WRBY,2026-05-07,NYSE,Retail Trade,Specialty Stores,3395.5,22.03,12.53,23.47,9.72,20.37,0.64,4.05,0.37,8,6.06,-7.5,12.1,0.95,-20.0,35.6,100,19.2,8.71,16.58,-1.17,-8.35,21.82,-10.75,False,True,27.2,11.58,0.0,3,0.0,3,0.0,3,-0.026,earnings,"2.02,9.01"
ARQT,2025-10-28,NASDAQ,Health Technology,Pharmaceuticals: Major,3362.3,19.64,14.56,27.04,10.89,17.05,0.79,6.51,1.37,2,4.96,34.7,33.2,0.67,3.0,0.0,100,12.4,12.49,6.71,6.8,36.58,38.2,-1.07,True,True,24.95,11.82,-0.244,8,-0.708,12,0.62,51,-0.122,earnings,"2.02,9.01"
NATL,2026-02-27,NYSE,Electronic Technology,Computer Processing Hardware,3357.9,41.87,8.84,5.76,-2.83,6.53,0.2,19.27,1.86,9,3.66,13.5,3.9,1.0,4.9,0.0,100,5.62,3.66,-0.24,-3.29,-5.82,6.43,-7.77,False,False,,,,,,,,,,earnings,"1.01,2.02,7.01,9.01"
LBTYB,2025-12-11,NASDAQ,Communications,Major Telecommunications,3335.3,10.88,8.73,0.74,-7.35,10.04,0.0,3.32,0.33,10,0.99,-11.0,9.7,0.98,-13.0,14.4,100,-4.65,-6.34,-8.71,-6.0,-8.28,-0.08,-8.71,False,False,,,,,,,,,,filing-other,
LBTYB,2026-02-05,NASDAQ,Communications,Major Telecommunications,3335.3,10.84,10.42,10.98,0.5,11.1,0.77,17.11,2.15,13,1.37,-1.5,-4.9,1.0,-8.2,3.8,100,50.46,25.73,25.23,9.94,9.69,142.36,3.43,True,True,12.03,7.9,1.411,7,0.842,12,0.274,28,2.0,none,
LBTYB,2026-02-06,NASDAQ,Communications,Major Telecommunications,3335.3,12.03,141.15,49.71,-37.92,70.65,0.08,1615.26,148.22,7,1.93,9.4,5.5,1.0,122.5,0.0,100,-47.02,-48.81,-48.47,-53.98,-54.74,-42.43,-57.33,False,False,,,,,,,,,,none,
SMR,2025-05-23,NYSE,Producer Manufacturing,Electrical Products,3334.7,25.32,12.56,19.43,6.11,17.48,0.76,6.41,1.21,6,7.98,37.2,-6.3,0.78,-11.8,2.8,100,24.63,15.72,12.39,23.65,51.72,58.98,3.26,True,True,30.24,11.67,0.0,7,0.0,7,0.0,7,0.259,none,
CSTM,2026-02-18,NYSE,Non-Energy Minerals,Aluminum,3332.6,23.41,9.74,9.53,-0.19,9.39,0.31,3.44,1.17,0,4.45,51.8,65.7,0.52,0.8,0.0,80,0.47,-1.21,1.17,3.66,-4.01,6.7,-7.9,False,False,,,,,,,,,,earnings,2.02
LUNR,2025-05-13,NASDAQ,Electronic Technology,Aerospace & Defense,3330.8,9.5,16.84,22.42,4.77,16.26,0.35,5.51,0.57,24,6.33,-47.6,-0.2,0.56,-55.5,58.9,99,6.58,11.35,7.3,10.27,1.08,18.11,-4.14,False,True,11.63,5.33,-1.0,2,-1.0,2,-1.0,2,-1.0,earnings,"2.02,9.01"
LUNR,2025-12-19,NASDAQ,Electronic Technology,Aerospace & Defense,3330.8,10.85,9.12,37.7,26.18,28.57,0.97,7.32,0.84,4,8.22,7.1,8.5,0.75,-52.5,42.7,100,40.96,41.13,32.6,58.95,65.54,89.36,22.47,True,True,14.94,21.65,0.0,2,0.0,2,0.0,2,0.0,filing-other,
LUNR,2026-05-26,NASDAQ,Electronic Technology,Aerospace & Defense,3330.8,38.26,10.35,-8.89,-17.43,45.2,0.25,3.87,1.19,2,11.42,102.4,375.3,0.35,9.5,0.0,16,-4.45,3.81,-6.28,-34.94,-54.69,10.73,-55.19,False,False,,,,,,,,,,none,
LION,2025-05-07,NYSE,Consumer Services,Movies/Entertainment,3329.7,6.79,14.14,20.03,5.16,14.71,0.68,12.43,2.54,3,5.73,-6.7,0.0,0.86,-15.2,17.7,100,0.52,-9.68,-10.84,-13.16,-13.55,2.45,-16.77,False,True,8.15,9.08,-1.0,1,-1.0,1,-1.0,1,-1.0,agreement,"1.01,2.01,2.03,3.01,3.03,5.01,5.02,5.03,8.01,9.01"
CDNA,2025-11-05,NASDAQ,Health Technology,Medical Specialties,3312.0,14.52,8.47,13.84,4.95,15.13,0.97,3.36,0.23,3,4.37,20.3,-1.7,0.86,-40.3,51.9,100,-4.7,6.03,3.56,1.46,23.24,25.71,-7.43,True,True,16.53,12.77,-0.483,8,1.265,36,0.327,43,-0.295,earnings,"2.02,7.01,9.01"
CDNA,2026-04-16,NASDAQ,Health Technology,Medical Specialties,3312.0,17.57,23.79,27.6,3.08,13.48,0.86,5.09,0.18,12,5.62,-13.5,22.4,1.0,1.2,0.0,100,-1.52,-4.69,-7.77,-4.32,-5.79,6.85,-16.55,False,True,22.42,10.35,-1.0,5,-1.0,5,-1.0,5,-0.909,earnings,"1.01,2.02,7.01,9.01"
CDNA,2026-07-16,NASDAQ,Health Technology,Medical Specialties,3312.0,29.75,22.35,35.6,10.82,13.75,0.99,4.84,0.28,2,5.02,69.3,47.4,0.73,21.3,0.0,78,9.15,5.88,3.32,4.67,30.16,36.7,-3.82,False,True,40.34,12.0,-0.822,7,-1.0,8,-1.0,8,-0.672,filing-other,
AEHR,2025-07-22,NASDAQ,Electronic Technology,Electronic Production Equipment,3291.4,16.45,17.02,22.19,4.42,14.48,0.38,4.25,0.73,3,8.15,106.7,32.0,0.35,2.6,0.0,46,15.22,12.94,-2.44,-4.0,-8.62,19.48,-17.19,False,True,20.1,5.17,0.0,5,0.0,5,0.0,5,0.526,filing-other,
AEHR,2025-08-25,NASDAQ,Electronic Technology,Electronic Production Equipment,3291.4,18.1,16.41,35.86,16.71,22.71,0.75,7.46,1.13,5,8.5,104.5,72.4,0.29,-8.4,2.1,37,22.88,28.38,18.08,27.34,59.61,61.84,8.59,True,True,24.59,14.6,0.0,5,0.0,5,0.0,5,0.228,none,
AEHR,2026-02-11,NASDAQ,Electronic Technology,Electronic Production Equipment,3291.4,26.83,18.56,26.16,6.41,18.26,0.37,4.44,0.47,6,10.25,9.1,37.9,0.79,-7.4,2.8,100,-12.32,-10.44,-4.84,25.12,18.36,47.6,-18.26,False,True,33.85,6.35,-1.0,1,-1.0,1,-1.0,1,-1.0,filing-other,
AEHR,2026-04-08,NASDAQ,Electronic Technology,Electronic Production Equipment,3291.4,50.25,14.13,25.69,10.13,20.75,0.73,4.8,1.02,4,11.75,103.2,58.8,0.4,8.0,0.0,49,20.07,24.95,27.67,69.76,68.67,78.69,8.11,True,True,63.16,13.09,2.33,14,2.468,28,3.874,53,1.896,earnings,"1.01,2.02,5.03,9.01"
AEHR,2026-07-15,NASDAQ,Electronic Technology,Electronic Production Equipment,3291.4,72.01,36.31,21.91,-10.56,27.72,0.06,6.73,1.2,4,10.24,-3.2,173.3,0.7,-22.5,8.5,82,-14.22,-21.19,-4.71,-33.37,31.65,35.85,-34.99,False,False,,,,,,,,,,earnings,"2.02,9.01"
LIF,2026-01-23,NASDAQ,Technology Services,Packaged Software,3262.5,54.81,23.88,24.25,0.29,8.3,0.42,3.98,0.46,3,3.59,-38.8,-27.2,0.71,-39.7,47.8,100,-2.83,-8.28,-15.63,-19.87,-30.82,0.08,-31.06,False,True,68.1,3.38,-1.0,1,-1.0,1,-1.0,1,-1.0,earnings,"2.02,7.01,9.01"
COCO,2025-10-29,NASDAQ,Consumer Non-Durables,Food: Specialty/Candy,3245.8,42.24,9.8,7.2,-2.37,15.33,0.48,3.75,0.96,1,3.81,19.8,27.8,0.87,6.3,0.0,100,-8.13,-11.99,-9.9,-6.99,16.06,16.38,-14.42,False,False,,,,,,,,,,earnings,"2.02,9.01"
COCO,2025-11-17,NASDAQ,Consumer Non-Durables,Food: Specialty/Candy,3245.8,43.85,8.0,3.6,-4.08,12.2,0.08,3.02,0.66,3,4.77,29.2,21.4,0.94,-2.7,0.0,100,-1.63,-2.41,7.98,15.39,10.24,16.74,-4.98,False,False,,,,,,,,,,other-8k,"7.01,9.01"
COCO,2026-04-29,NASDAQ,Consumer Non-Durables,Food: Specialty/Candy,3245.8,51.63,17.43,29.67,10.42,19.31,0.98,3.86,0.62,2,5.46,-4.7,26.0,1.0,-1.2,0.0,100,8.84,10.92,13.21,23.32,27.63,31.45,5.15,True,True,66.95,15.86,0.856,17,0.706,23,0.0,42,0.58,earnings,"2.02,9.01"
BBWI,2026-05-27,NYSE,Retail Trade,Specialty Stores,3224.3,17.73,9.98,9.7,-0.26,8.85,0.15,3.12,0.44,4,4.71,-21.8,19.4,0.86,-42.6,72.3,100,4.41,-4.46,-7.59,-7.08,11.9,15.54,-11.38,False,False,,,,,,,,,,earnings,"2.02,5.02,7.01,9.01"
CALM,2025-07-23,NASDAQ,Process Industries,Agricultural Commodities/Milling,3216.2,104.71,8.09,13.8,5.28,11.86,0.46,4.87,1.17,2,2.84,12.5,-8.3,1.0,-2.8,1.5,100,-6.45,-7.79,-1.78,-7.71,0.9,5.29,-9.88,False,True,119.16,5.17,-1.0,1,-1.0,1,-1.0,1,-1.0,earnings,"2.02,9.01"
MNDY,2026-05-11,NASDAQ,Technology Services,Packaged Software,3214.9,72.07,18.65,6.72,-10.06,20.92,0.24,5.59,0.66,7,5.67,-7.2,-60.2,0.97,-73.0,61.2,100,-15.81,-18.45,-8.74,-10.15,-2.67,13.79,-22.92,False,False,,,,,,,,,,filing-other,
ATKR,2026-08-03,NYSE,Producer Manufacturing,Electrical Products,3199.3,72.96,28.02,28.22,0.16,0.32,0.83,23.92,3.25,4,3.87,-2.1,5.1,1.0,3.6,0.0,100,0.14,0.28,0.37,0.33,0.31,0.79,-0.09,True,True,93.55,0.27,0.64,10,0.2,19,,,0.573,earnings,"1.01,2.02,7.01,9.01"
KN,2025-07-25,NYSE,Electronic Technology,Electronic Components,3187.5,18.66,9.32,9.27,-0.05,7.88,0.73,3.36,0.73,3,2.46,19.2,-8.6,1.0,-2.2,1.1,100,2.16,1.13,-2.7,-2.35,5.74,6.32,-5.44,True,False,,,,,,,,,,earnings,"2.02,9.01"
WSC,2026-05-08,NASDAQ,Finance,Finance/Rental/Leasing,3161.8,23.3,13.41,20.6,6.34,12.85,0.8,5.43,0.97,3,4.22,4.7,12.1,0.84,-17.1,16.0,100,1.08,-2.02,-7.36,-6.23,1.84,7.63,-14.17,False,True,28.1,9.32,-1.0,5,-1.0,5,-1.0,5,-0.948,earnings,"2.02,9.01"
LRN,2025-08-06,NYSE,Consumer Services,Other Consumer Services,3141.5,128.23,16.2,15.67,-0.46,10.52,0.15,4.01,0.27,4,2.22,-18.9,-6.1,1.0,-8.2,9.3,100,-3.32,0.96,6.28,9.62,8.89,14.88,-5.68,False,False,,,,,,,,,,earnings,"2.02,9.01"
LRN,2026-01-28,NYSE,Consumer Services,Other Consumer Services,3141.5,72.43,24.26,14.25,-8.06,11.82,0.01,5.74,0.27,5,3.19,-52.5,-43.7,0.97,-47.4,55.0,100,-6.62,-3.82,-3.94,-4.59,-4.6,0.82,-13.56,False,False,,,,,,,,,,earnings,"2.02,9.01"
LRN,2026-08-05,NYSE,Consumer Services,Other Consumer Services,3141.5,80.45,8.71,2.65,-5.58,7.25,0.13,3.48,0.12,4,4.36,-14.2,-6.2,0.98,-48.9,33.2,100,-8.53,-8.27,-10.14,-3.76,-2.7,-0.03,-11.75,False,False,,,,,,,,,,earnings,"2.02,8.01,9.01"
VECO,2026-05-06,NASDAQ,Electronic Technology,Electronic Production Equipment,3140.2,49.54,25.66,25.17,-0.39,14.89,0.6,4.2,1.25,2,4.95,68.0,67.9,0.68,16.5,0.0,74,-7.28,-1.67,-3.2,-9.01,2.27,4.47,-16.56,False,False,,,,,,,,,,earnings,"2.02,5.07,9.01"
BFAM,2025-10-31,NYSE,Commercial Services,Miscellaneous Commercial Services,3102.4,92.28,8.44,18.37,9.15,9.78,0.94,4.96,1.71,0,2.64,-25.6,-28.0,0.97,-26.3,92.5,100,3.56,0.18,-1.61,-0.6,3.63,8.02,-4.37,False,True,109.23,8.39,-1.0,3,-1.0,3,-0.611,1,-0.993,earnings,"2.02,9.01"
IMAX,2026-05-22,NYSE,Consumer Durables,Electronics/Appliances,3089.3,33.88,13.7,15.47,1.56,5.92,0.73,3.27,0.79,4,3.94,-7.9,-7.0,0.98,-10.8,7.3,100,5.43,1.84,5.11,1.56,16.74,17.24,0.13,True,True,39.12,4.14,-0.093,9,1.21,23,0.0,28,-0.039,none,
PLNT,2025-11-06,NYSE,Consumer Services,Other Consumer Services,3077.2,91.7,12.7,12.58,-0.11,4.3,0.66,3.15,0.74,3,2.55,-14.0,-5.5,1.0,-9.7,34.8,100,2.9,2.42,3.64,1.58,7.48,9.45,-2.02,True,False,,,,,,,,,,earnings,"2.02,9.01"
RGC,2025-05-06,NASDAQ,Health Technology,Pharmaceuticals: Major,3071.9,2.4442,9.45,62.58,48.53,150.9,0.34,3.37,0.02,13,26.38,2227.8,1307.3,0.21,0.7,0.0,7,86.89,260.03,207.1,342.21,519.81,834.49,47.08,True,True,3.9737,34.01,9.228,21,14.595,32,7.862,38,7.547,none,
RGC,2026-01-05,NASDAQ,Health Technology,Pharmaceuticals: Major,3071.9,20.54,17.67,31.65,11.87,26.53,0.61,6.68,0.0,55,13.55,20.1,11.4,0.49,-71.1,0.7,100,36.66,71.37,82.5,0.62,17.71,185.48,-13.9,False,True,27.04,13.98,1.455,6,0.103,9,0.0,10,2.238,none,
RGC,2026-01-08,NASDAQ,Health Technology,Pharmaceuticals: Major,3071.9,52.88,17.25,-21.67,-33.19,102.94,0.21,7.0,0.0,33,16.13,172.6,219.2,0.46,-25.8,0.3,23,-26.15,-47.52,-51.52,-49.34,-56.08,-17.76,-66.44,False,False,,,,,,,,,,none,
OSIS,2025-05-01,NASDAQ,Electronic Technology,Aerospace & Defense,3065.6,204.74,10.0,9.57,-0.39,7.7,0.87,3.24,0.53,4,5.3,4.4,55.8,1.0,2.4,0.0,100,-0.16,-2.04,-1.35,1.23,-2.71,4.16,-6.86,False,False,,,,,,,,,,earnings,"2.02,9.01"
NVTS,2025-05-22,NASDAQ,Electronic Technology,Semiconductors,3062.6,1.91,156.81,164.4,2.96,30.27,0.84,56.62,4.48,3,6.04,-39.7,7.3,0.67,5.3,0.0,100,-10.09,25.59,3.98,25.99,32.93,86.95,-13.97,True,True,5.05,20.2,0.0,5,0.0,5,0.0,5,0.363,filing-other,
NVTS,2025-05-28,NASDAQ,Electronic Technology,Semiconductors,3062.6,6.5,8.15,-5.23,-12.38,15.99,0.03,5.54,0.51,3,10.66,150.0,221.8,0.67,-6.6,0.0,35,-23.33,-21.48,-3.56,13.23,-5.97,30.44,-29.59,False,False,,,,,,,,,,equity-sale,"8.01,9.01"
NVTS,2025-07-21,NASDAQ,Electronic Technology,Semiconductors,3062.6,6.79,10.16,24.74,13.24,28.26,0.52,3.04,0.44,5,7.7,273.1,105.1,0.43,-18.4,9.1,33,15.24,20.05,14.44,7.62,-9.49,26.74,-16.58,False,True,8.47,12.74,-0.88,6,-1.0,7,-1.0,7,-0.429,none,
NVTS,2025-10-14,NASDAQ,Electronic Technology,Semiconductors,3062.6,9.97,24.87,26.08,0.96,22.07,0.68,4.41,0.57,8,10.11,62.1,473.0,0.67,19.6,0.0,51,21.77,17.75,20.72,3.05,-26.75,42.89,-42.33,False,True,12.57,13.13,0.0,6,0.0,6,0.0,6,0.422,filing-other,
NVTS,2026-04-21,NASDAQ,Electronic Technology,Semiconductors,3062.6,13.2,9.43,16.14,6.13,17.05,0.47,3.83,0.32,9,8.73,33.9,-10.0,0.89,-18.8,6.7,100,27.86,19.63,4.67,21.5,34.51,64.9,-2.11,False,True,15.33,7.44,0.0,5,0.0,5,0.0,5,0.57,none,
DBRG,2025-12-29,NYSE,Finance,Investment Managers,3044.5,13.92,9.73,9.63,-0.1,0.46,0.14,15.71,1.55,2,7.67,18.0,34.5,0.62,-1.8,0.0,100,0.03,0.69,0.56,0.49,0.69,1.44,-0.16,True,False,,,,,,,,,,agreement,"1.01,7.01,9.01"
AEO,2025-07-24,NYSE,Retail Trade,Apparel/Footwear Retail,3039.8,10.82,10.91,4.25,-6.0,8.78,0.12,5.94,1.78,1,4.25,-1.4,-37.0,0.94,-47.0,47.3,100,-2.17,-3.92,-10.0,5.0,2.17,12.92,-14.25,False,False,,,,,,,,,,none,
AEO,2025-09-04,NYSE,Retail Trade,Apparel/Footwear Retail,3039.8,13.62,30.32,37.96,5.86,9.53,0.96,6.24,1.67,1,5.09,32.7,12.4,0.63,-21.6,10.8,100,5.97,1.41,10.48,11.1,-4.51,15.1,-6.48,False,True,18.79,8.41,0.0,11,0.0,11,0.0,11,-0.167,earnings,"2.02,9.01"
AEO,2025-12-03,NYSE,Retail Trade,Apparel/Footwear Retail,3039.8,20.83,14.55,15.07,0.46,5.81,0.67,5.26,0.32,11,4.36,10.9,103.0,0.92,11.3,0.0,100,1.34,-6.04,1.26,12.82,10.48,17.98,-7.29,False,True,23.97,3.75,-1.0,2,-1.0,2,-1.0,2,-1.0,earnings,"2.02,9.01"
AMBA,2025-08-29,NASDAQ,Electronic Technology,Semiconductors,3033.8,70.63,18.22,16.78,-1.22,15.64,0.13,12.38,1.43,10,3.96,34.2,15.0,0.75,-1.9,0.0,100,-4.11,-2.77,0.59,-3.27,-0.8,6.93,-9.5,False,False,,,,,,,,,,earnings,"2.02,9.01"
FA,2026-02-26,NASDAQ,Technology Services,Packaged Software,3031.5,9.52,21.64,22.79,0.95,15.54,0.83,4.59,0.79,1,7.58,-30.1,-41.9,0.81,-39.6,93.8,100,-0.6,2.16,5.01,-4.49,-2.5,10.36,-11.23,False,True,11.69,11.38,-0.128,8,-1.0,12,-0.135,1,-0.05,earnings,"2.02,9.01"
FA,2026-05-07,NASDAQ,Technology Services,Packaged Software,3031.5,12.8,8.05,23.12,13.96,18.29,0.82,3.63,0.62,2,4.48,5.1,-0.4,0.87,-27.2,54.6,100,15.4,12.51,6.8,8.75,14.82,23.5,4.92,True,True,15.76,13.05,-0.418,8,0.0,18,0.0,18,-0.311,earnings,"2.02,9.01"
DYN,2025-10-27,NASDAQ,Health Technology,Biotechnology,3027.2,17.12,36.68,41.18,3.29,8.48,0.6,5.25,0.88,3,5.79,86.1,51.8,0.75,-34.4,8.9,70,3.8,0.64,3.03,-20.9,-7.39,6.84,-27.24,False,True,24.17,4.84,-1.0,4,-1.0,4,-1.0,4,-0.843,none,
LBRT,2025-07-23,NYSE,Industrial Services,Oilfield Services/Equipment,3009.2,11.25,8.8,17.78,8.25,15.18,0.66,5.6,1.12,2,4.76,-6.3,-50.3,1.0,-48.1,72.0,100,5.88,6.7,0.16,-6.86,-12.99,14.38,-13.8,False,True,13.25,9.12,-0.82,5,-1.0,6,-1.0,6,-0.599,none,
CBZ,2026-02-26,NYSE,Commercial Services,Miscellaneous Commercial Services,3004.7,27.28,9.27,16.57,6.68,10.39,0.9,6.0,1.65,2,6.54,-45.7,-58.1,0.63,-66.9,93.7,100,-3.92,0.17,-2.08,-14.09,-9.83,6.44,-18.52,False,True,31.8,8.58,-1.0,1,-1.0,1,-1.0,1,-1.0,earnings,"2.02,9.01"
CBZ,2026-04-30,NYSE,Commercial Services,Miscellaneous Commercial Services,3004.7,33.17,8.44,-8.05,-15.21,27.21,0.24,3.11,0.47,2,4.97,-14.0,-36.5,0.84,-53.8,62.6,100,-10.59,-12.98,-11.95,-20.93,-7.7,-5.84,-22.41,False,False,,,,,,,,,,earnings,"2.02,9.01"
CBZ,2026-07-29,NYSE,Commercial Services,Miscellaneous Commercial Services,3004.7,46.7,16.81,17.56,0.64,1.42,0.71,20.76,2.39,4,4.82,43.8,17.6,0.81,-30.0,14.9,100,1.28,0.95,0.46,0.06,0.35,1.85,-0.4,False,True,54.9,1.0,-1.0,7,-1.0,7,-1.0,7,-0.564,earnings,"1.01,2.02,5.02,7.01,8.01,9.01"
BHF,2025-09-09,NASDAQ,Finance,Life/Health Insurance,2990.6,43.38,11.99,12.52,0.47,4.57,0.63,3.35,0.6,7,2.29,-26.3,-14.1,0.84,-24.2,76.2,100,0.35,0.84,-3.62,10.17,0.06,25.03,-7.93,False,True,48.81,2.81,-1.0,1,-1.0,1,-1.0,1,-1.0,filing-other,
BHF,2025-11-06,NASDAQ,Finance,Life/Health Insurance,2990.6,51.8,26.64,26.83,0.15,0.82,0.44,11.39,1.34,5,4.25,16.4,-10.5,0.87,2.3,0.0,100,0.63,0.35,0.29,-0.11,-0.38,1.11,-0.91,False,True,65.7,0.37,-0.125,9,-1.0,10,-1.0,10,0.097,earnings,"1.01,2.02,7.01,8.01,9.01"
PII,2025-07-29,NYSE,Consumer Durables,Recreational Products,2989.7,49.48,13.48,16.84,2.96,13.95,0.54,3.75,0.67,2,4.7,46.7,-12.5,0.65,-33.9,20.6,94,-5.57,-11.63,-5.75,-1.53,-0.02,7.43,-12.57,False,True,57.81,6.97,-1.0,1,-1.0,1,-1.0,1,-1.0,earnings,"2.02,9.01"
COLM,2026-02-04,NASDAQ,Consumer Non-Durables,Apparel/Footwear,2986.6,57.4,14.91,14.44,-0.41,6.04,0.43,4.69,1.03,2,3.41,13.9,9.8,1.0,-29.0,26.8,100,-7.41,-4.75,-5.72,-5.06,-8.94,-0.74,-13.01,False,False,,,,,,,,,,earnings,"2.02,7.01,9.01"
BTU,2025-04-09,NYSE,Energy Minerals,Coal,2970.7,11.26,11.81,8.88,-2.62,23.51,0.46,4.68,1.97,0,6.21,-41.6,-57.3,0.59,-57.9,90.3,100,-10.8,-4.45,-2.86,0.79,12.47,19.54,-12.19,False,False,,,,,,,,,,other-8k,"7.01,9.01"
WIX,2025-08-06,NASDAQ,Technology Services,Packaged Software,2967.1,128.09,12.62,0.31,-10.93,13.97,0.07,4.23,0.76,5,3.45,-22.0,-43.7,0.84,-41.6,94.7,100,-7.46,-19.98,-16.31,-12.01,2.01,2.27,-20.35,False,False,,,,,,,,,,filing-other,
BTDR,2025-10-15,NASDAQ,Technology Services,Data Processing Services,2962.4,20.12,23.26,28.73,4.44,15.11,0.48,4.96,1.78,0,10.21,46.3,179.4,0.67,-8.1,0.6,65,4.35,3.1,-13.63,-6.81,-43.79,8.1,-45.16,False,True,25.9,6.76,-1.0,2,-1.0,2,-1.0,2,-1.0,filing-other,
KYIV,2025-08-19,NASDAQ,Finance,Financial Conglomerates,2960.9,13.5,11.67,12.37,0.63,17.38,0.46,4.0,0.88,2,4.82,4.5,19.8,0.95,-0.5,0.0,100,-12.04,-10.78,-21.59,-21.99,-28.96,6.07,-32.6,False,True,15.17,7.45,-1.0,1,-1.0,1,-1.0,1,-1.0,none,
KYIV,2025-11-24,NASDAQ,Finance,Financial Conglomerates,2960.9,12.93,8.28,5.41,-2.64,9.92,0.41,3.85,0.46,12,5.71,9.4,6.0,0.98,-15.0,3.4,100,3.64,1.21,-0.14,2.0,-4.0,9.29,-7.14,False,False,,,,,,,,,,equity-sale,
WING,2025-07-30,NASDAQ,Consumer Services,Restaurants,2959.1,290.3,27.8,26.85,-0.74,6.81,0.72,4.56,0.81,4,3.55,25.9,-1.9,0.83,-12.7,5.5,100,1.71,-6.02,-9.45,-7.62,-8.54,2.82,-16.71,False,False,,,,,,,,,,earnings,"2.02,8.01,9.01"
WING,2026-02-18,NASDAQ,Consumer Services,Restaurants,2959.1,251.78,11.61,10.84,-0.68,12.76,0.31,4.14,0.77,3,6.11,8.1,-25.9,1.0,-27.6,31.8,100,-7.48,-11.62,-9.54,-14.83,-31.97,-1.17,-32.66,False,False,,,,,,,,,,earnings,"2.02,8.01,9.01"
ATRC,2025-07-30,NASDAQ,Health Technology,Medical Specialties,2952.8,31.73,18.82,10.72,-6.82,10.78,0.2,6.16,1.04,1,3.74,-8.4,-24.6,1.0,-12.5,16.3,100,-6.9,-3.58,-3.13,-2.65,-1.06,1.67,-10.8,False,False,,,,,,,,,,earnings,"2.02,9.01"
WOR,2025-06-25,NYSE,Producer Manufacturing,Industrial Machinery,2932.7,60.15,16.74,2.0,-12.63,18.08,0.12,4.21,0.34,5,1.8,44.5,45.9,0.76,13.8,0.0,100,-10.18,-9.37,-6.37,-8.43,-11.41,-5.64,-12.85,True,False,,,,,,,,,,earnings,"2.02,8.01,9.01"
TMDX,2025-05-09,NASDAQ,Health Technology,Medical Specialties,2915.1,93.2,22.96,19.64,-2.71,11.11,0.22,4.11,0.39,10,5.15,28.4,12.3,0.71,-28.2,12.3,100,3.6,6.77,6.09,8.42,21.64,22.76,-3.94,True,False,,,,,,,,,,earnings,"2.02,9.01"
TMDX,2025-07-31,NASDAQ,Health Technology,Medical Specialties,2915.1,107.7,14.77,10.46,-3.75,11.86,0.58,3.82,0.33,8,4.85,17.1,64.4,0.79,-22.5,16.7,100,-2.48,1.72,-6.12,4.96,-5.57,8.03,-7.86,True,False,,,,,,,,,,earnings,"2.02,9.01"
UUUU,2025-05-23,AMEX,Non-Energy Minerals,Other Metals/Minerals,2909.9,4.5,11.11,20.0,8.0,14.77,0.94,3.96,1.58,0,5.33,-1.3,-37.8,0.92,-33.1,42.9,100,9.0,0.6,-2.6,13.0,13.0,24.8,-3.6,True,True,5.4,12.22,0.0,8,0.0,8,0.0,8,-0.187,none,
ATRO,2026-08-12,NASDAQ,Electronic Technology,Aerospace & Defense,2898.4,74.91,12.43,17.33,4.36,16.35,0.65,3.47,0.3,7,4.8,19.9,25.8,0.89,-5.1,1.5,100,9.96,10.48,-3.03,-7.97,-12.74,12.16,-14.17,False,True,87.89,9.55,0.0,4,0.0,4,0.0,4,0.205,earnings,"2.02,9.01"
OUST,2025-05-09,NASDAQ,Electronic Technology,Semiconductors,2884.5,8.65,8.67,22.77,12.98,21.8,0.7,3.97,0.54,6,6.26,-16.7,16.0,0.73,-40.8,51.8,100,22.02,20.96,17.87,9.47,61.54,67.43,3.94,True,True,10.62,13.18,0.0,2,0.0,2,0.0,2,0.0,earnings,"2.02,9.01"
OUST,2025-06-11,NASDAQ,Electronic Technology,Semiconductors,2884.5,16.03,13.66,27.01,11.75,17.75,0.83,9.08,2.19,1,7.71,114.3,54.3,0.41,6.1,0.0,50,6.92,9.28,11.64,40.61,28.1,43.08,-3.4,False,True,20.36,12.82,-1.0,2,-1.0,2,-1.0,2,-1.0,filing-other,
OUST,2026-03-03,NASDAQ,Electronic Technology,Semiconductors,2884.5,20.25,13.38,7.26,-5.4,15.2,0.38,3.17,0.31,8,8.22,-11.8,-29.0,0.67,-44.9,57.3,100,-2.53,-11.72,-2.57,-6.84,-19.99,9.19,-28.57,False,False,,,,,,,,,,earnings,"2.02,9.01"
OUST,2026-05-04,NASDAQ,Electronic Technology,Semiconductors,2884.5,26.45,13.12,6.43,-5.92,14.07,0.4,3.16,0.34,2,7.28,30.1,-18.2,0.75,-28.2,16.8,100,-4.41,-18.08,-10.43,2.74,53.84,65.07,-21.12,False,False,,,,,,,,,,earnings,"2.02,9.01"
NG,2025-04-22,AMEX,Non-Energy Minerals,Precious Metals,2882.8,3.11,9.32,39.87,27.94,38.48,0.83,8.44,3.23,0,7.86,-5.8,-13.9,0.92,-19.4,26.5,100,37.35,30.59,27.35,23.82,8.82,48.82,-0.88,True,True,4.35,24.14,0.0,3,0.0,3,0.0,3,0.029,agreement,"1.01,3.02,7.01,8.01,9.01"
PGEN,2025-08-15,NASDAQ,Health Technology,Biotechnology,2882.2,1.85,40.54,58.92,13.08,39.04,0.44,58.12,18.43,2,8.39,41.2,-6.6,0.76,19.8,0.0,100,13.46,23.46,60.77,73.46,38.08,101.15,0.77,True,True,2.94,14.63,0.0,3,0.0,3,0.0,3,0.209,none,
PGEN,2026-03-26,NASDAQ,Health Technology,Biotechnology,2882.2,3.1,31.29,25.48,-4.42,14.75,0.29,5.34,0.14,9,5.89,-23.8,-19.7,0.67,-25.6,31.7,100,-9.83,-4.91,-3.19,2.21,1.47,7.37,-20.88,False,False,,,,,,,,,,earnings,"2.02,9.01"
PGEN,2026-05-14,NASDAQ,Health Technology,Biotechnology,2882.2,4.15,10.36,10.84,0.44,12.73,0.51,3.1,0.06,11,5.0,-12.4,4.8,0.79,-16.3,9.4,100,-3.49,-9.17,-6.55,-5.24,-2.84,2.84,-23.36,False,True,4.6,6.09,-1.0,2,-1.0,2,-1.0,2,-1.0,earnings,"2.02,9.01"
CHRN,2025-05-15,NASDAQ,Technology Services,Data Processing Services,2876.3,6.78,40.27,-11.5,-36.91,66.67,0.04,546.75,2.48,17,10.66,-21.3,-41.6,0.76,-46.7,75.9,100,-41.01,-54.1,-55.99,-52.37,-59.62,-32.18,-63.56,False,False,,,,,,,,,,filing-other,
CHRN,2025-12-30,NASDAQ,Technology Services,Data Processing Services,2876.3,5.46,60.26,93.77,20.91,62.82,0.57,347.21,16.82,4,8.36,6.4,61.1,0.92,-41.5,11.6,100,-1.26,-2.29,0.8,-7.43,-4.11,15.43,-20.8,False,True,10.58,26.28,-1.0,2,-1.0,2,-1.0,2,-1.0,other-8k,"7.01,8.01,9.01"
CHRN,2026-05-05,NASDAQ,Technology Services,Data Processing Services,2876.3,11.8,25.42,12.03,-10.68,24.94,0.31,8.86,0.0,30,9.34,30.1,118.9,0.89,9.6,0.0,100,-7.7,5.2,-3.51,5.24,28.65,39.86,-15.2,True,False,,,,,,,,,,earnings,"1.01,2.01,2.02,3.02,3.03,4.01,5.01,5.02,5.03,9.01"
ASST,2025-05-07,NASDAQ,Finance,Financial Conglomerates,2860.6,12.2,183.61,455.74,95.95,124.34,0.99,263.0,1.17,15,10.83,-22.8,-27.4,0.84,1.8,0.0,100,344.51,305.2,171.68,364.74,299.42,675.72,126.01,True,True,67.8,55.16,2.005,14,1.93,18,0.321,34,1.982,agreement,"1.01,7.01,9.01"
ASST,2025-05-08,NASDAQ,Finance,Financial Conglomerates,2860.6,67.8,63.72,126.84,38.56,76.0,0.71,20.98,0.78,5,16.13,370.8,322.2,0.84,62.8,0.0,45,46.31,7.57,23.78,134.41,3.78,141.8,-29.55,False,True,153.8,34.98,-1.0,4,-1.0,4,-1.0,4,-0.88,agreement,"1.01,7.01,9.01"
ASST,2025-07-07,NASDAQ,Finance,Financial Conglomerates,2860.6,85.4,8.9,63.47,50.11,154.26,0.45,14.36,0.29,14,13.27,650.4,769.7,0.14,-65.4,30.6,4,53.33,47.53,33.33,-6.02,-30.97,86.67,-35.7,False,True,139.6,41.12,-0.362,7,-0.655,8,-0.397,6,-0.255,filing-other,
ASST,2025-08-25,NASDAQ,Finance,Financial Conglomerates,2860.6,88.4,22.62,8.6,-11.44,29.29,0.34,8.4,0.06,25,12.81,-57.7,636.7,0.37,-59.6,33.1,51,3.14,23.43,19.19,15.87,-38.19,132.47,-39.11,False,False,,,,,,,,,,other-8k,"7.01,9.01"
ASST,2025-09-10,NASDAQ,Finance,Financial Conglomerates,2860.6,125.6,82.12,28.82,-29.26,67.33,0.11,12.16,0.15,17,18.15,17.8,964.4,0.43,-14.8,1.8,66,-22.09,-45.62,-67.82,-73.68,-82.6,-13.61,-83.3,False,False,,,,,,,,,,other-8k,"5.07,7.01,9.01"
ASST,2025-09-19,NASDAQ,Finance,Financial Conglomerates,2860.6,76.4,15.18,12.57,-2.27,15.14,0.81,3.34,0.08,12,24.91,-27.8,664.0,0.43,-67.2,39.6,66,-6.82,-31.59,-44.55,-40.91,-81.05,-3.18,-81.82,False,False,,,,,,,,,,filing-other,
ASST,2025-10-24,NASDAQ,Finance,Financial Conglomerates,2860.6,17.28,8.45,27.31,17.4,35.75,0.68,10.32,0.8,4,13.46,-76.9,44.2,0.25,-93.0,67.9,63,75.03,33.4,41.94,61.15,8.86,93.17,0.43,True,True,22.0,19.64,0.0,4,1.574,2,2.5,1,0.231,none,
ASST,2025-10-27,NASDAQ,Finance,Financial Conglomerates,2860.6,22.0,30.91,49.09,13.89,34.07,0.63,33.94,3.49,4,14.51,-68.8,93.3,0.24,-89.3,49.3,54,0.0,-15.97,-11.81,2.78,-21.53,19.44,-34.65,False,True,32.8,17.68,-1.0,1,-1.0,1,-1.0,1,-1.0,other-8k,8.01
ASST,2026-08-20,NASDAQ,Finance,Financial Conglomerates,2860.6,14.73,8.62,9.5,0.81,7.27,0.9,3.5,0.18,5,6.9,-13.3,81.4,0.68,-93.7,53.4,100,13.87,33.69,44.5,67.62,88.06,89.87,7.38,True,True,16.13,6.14,13.0,26,,,,,10.438,none,
ASST,2026-08-21,NASDAQ,Finance,Financial Conglomerates,2860.6,16.13,9.49,12.96,3.17,11.12,0.54,4.84,0.28,4,6.96,-13.0,97.9,0.68,-93.0,42.4,96,11.72,21.74,23.1,53.68,71.74,80.92,5.04,True,True,18.22,5.71,10.365,25,,,,,7.961,none,
PENG,2026-01-07,NASDAQ,Electronic Technology,Semiconductors,2858.8,21.55,9.79,-13.78,-21.47,32.37,0.08,7.25,0.9,4,3.13,-20.2,-8.0,0.9,-20.6,22.5,100,-16.63,-18.05,-14.29,-12.38,-26.29,-10.19,-27.6,False,False,,,,,,,,,,earnings,"2.02,9.01"
PENG,2026-05-13,NASDAQ,Electronic Technology,Semiconductors,2858.8,44.13,15.81,9.38,-5.55,12.15,0.13,3.86,1.17,1,7.45,133.1,96.3,0.62,9.3,0.0,48,-3.26,-10.56,-6.8,5.8,25.88,43.31,-16.74,False,False,,,,,,,,,,filing-other,
PENG,2026-07-08,NASDAQ,Electronic Technology,Semiconductors,2858.8,62.71,8.2,25.13,15.65,25.47,0.91,4.07,1.51,0,12.0,204.0,197.6,0.24,-12.3,6.1,9,19.96,13.8,7.37,-12.75,-17.88,32.44,-35.73,False,True,78.47,18.75,-0.85,6,-0.85,6,-1.0,7,-0.595,earnings,"2.02,9.01"
POWI,2026-05-26,NASDAQ,Electronic Technology,Semiconductors,2854.0,70.85,11.84,18.69,6.12,8.85,0.88,3.16,0.39,3,6.25,50.5,129.1,0.6,-2.9,0.0,60,9.67,6.01,6.25,-5.72,3.31,15.07,-12.46,False,True,84.09,7.24,-1.0,8,-1.0,8,-1.0,8,-0.672,filing-other,
QS,2025-06-25,NASDAQ,Producer Manufacturing,Electrical Products,2841.7,4.33,38.8,30.95,-5.66,19.59,0.35,13.46,2.58,1,5.2,-7.9,-8.5,0.95,-14.5,7.9,100,27.29,11.81,13.14,51.25,110.15,150.08,-6.82,True,False,,,,,,,,,,filing-other,
QS,2025-09-08,NASDAQ,Producer Manufacturing,Electrical Products,2841.7,7.84,28.32,21.05,-5.67,15.33,0.16,3.85,0.52,8,5.73,89.8,75.0,0.54,-33.1,19.0,51,-15.21,-12.03,2.98,33.6,56.26,65.81,-18.39,False,False,,,,,,,,,,filing-other,
QS,2026-04-23,NASDAQ,Producer Manufacturing,Electrical Products,2841.7,7.31,32.11,1.37,-23.27,35.44,0.11,10.59,0.58,44,5.5,-32.3,-52.9,0.78,-49.4,56.7,100,-25.24,-27.82,-24.51,-23.89,-13.22,-7.01,-32.17,False,False,,,,,,,,,,earnings,"2.02,9.01"
QS,2026-06-18,NASDAQ,Producer Manufacturing,Electrical Products,2841.7,6.9,12.32,16.52,3.74,13.17,0.96,3.63,0.44,7,7.81,0.1,-36.3,0.79,-59.4,75.6,100,-1.81,-8.13,-7.61,-6.58,-24.0,9.55,-27.16,False,True,8.04,11.19,-1.0,3,-0.478,1,-0.478,1,-1.007,none,
IHS,2025-11-12,NYSE,Industrial Services,Engineering & Construction,2835.3,6.73,12.48,2.23,-9.11,17.99,0.08,5.91,0.52,27,3.15,-3.3,9.8,1.0,-1.2,0.5,100,-15.06,-17.44,-16.38,-9.25,1.98,5.15,-24.57,False,False,,,,,,,,,,filing-other,
LEU,2025-05-08,NYSE,Non-Energy Minerals,Other Metals/Minerals,2826.2,72.5,11.38,22.01,9.55,11.75,0.85,3.29,0.33,16,6.82,-11.4,-7.1,0.63,-34.3,46.6,100,15.91,14.64,19.27,15.38,77.23,81.83,9.56,True,True,88.46,9.05,0.609,9,15.848,57,12.357,66,0.577,earnings,"2.02,8.01,9.01"
LEU,2025-05-23,NYSE,Non-Energy Minerals,Other Metals/Minerals,2826.2,93.17,19.94,21.59,1.38,17.68,0.72,6.86,0.74,15,5.83,4.0,36.0,0.62,-9.1,3.6,100,14.42,10.51,11.48,30.72,71.97,89.09,3.63,True,True,113.29,11.29,4.822,22,7.984,46,5.797,55,3.481,none,
GRND,2025-10-24,NYSE,Technology Services,Internet Software/Services,2802.0,12.67,14.84,18.86,3.51,12.24,0.34,4.26,1.15,1,5.64,-29.0,-39.9,0.79,-42.1,86.3,100,-1.58,2.13,-4.74,3.71,-4.88,7.15,-10.65,False,True,15.06,4.05,-1.0,1,-1.0,1,-1.0,1,-1.0,filing-other,
AVAH,2025-05-08,NASDAQ,Health Services,Medical/Nursing Services,2789.8,4.82,26.14,14.11,-9.54,13.15,0.14,6.18,0.44,6,5.5,-0.4,6.9,0.76,-1.8,0.0,100,-11.18,-3.62,-1.32,-12.01,-9.37,-0.61,-16.61,False,False,,,,,,,,,,earnings,"2.02,5.07,7.01,9.01"
AVAH,2025-08-07,NASDAQ,Health Services,Medical/Nursing Services,2789.8,3.89,36.76,49.36,9.21,18.77,0.6,32.37,4.23,4,3.69,-19.3,-21.4,0.59,-14.1,35.3,100,15.41,36.09,35.34,32.33,54.51,58.03,7.71,True,True,5.81,10.15,4.102,27,3.881,30,4.78,64,3.543,earnings,"2.02,7.01,9.01"
AVAH,2026-08-13,NASDAQ,Health Services,Medical/Nursing Services,2789.8,9.05,11.49,24.75,11.89,20.41,0.87,4.94,1.23,1,3.68,33.7,13.4,0.73,-2.2,0.4,100,22.1,25.57,28.54,36.97,39.54,44.11,12.78,True,True,11.29,15.15,1.117,14,1.392,25,,,1.014,earnings,"2.02,7.01,9.01"
EXTR,2025-08-06,NASDAQ,Electronic Technology,Computer Peripherals,2784.8,17.67,16.02,14.04,-1.71,13.38,0.52,3.81,0.96,2,2.81,24.5,14.9,0.98,6.5,0.0,100,-2.73,-2.05,0.54,-2.98,9.51,9.61,-6.0,True,False,,,,,,,,,,earnings,"2.02,9.01"
MBX,2025-09-22,NASDAQ,Health Technology,Biotechnology,2781.2,10.0,124.0,100.0,-10.71,49.04,0.26,66.96,10.21,1,10.32,2.8,26.7,0.75,-18.5,4.2,100,-15.36,-22.63,-19.91,-27.41,-36.47,-4.94,-42.23,False,False,,,,,,,,,,other-8k,"7.01,8.01,9.01"
NEOG,2026-01-08,NASDAQ,Health Technology,Medical Specialties,2776.5,7.38,25.2,31.57,5.09,12.28,0.53,6.37,0.48,11,4.21,26.8,32.3,0.89,-31.1,9.8,100,4.11,-0.54,2.38,6.06,16.88,18.72,-8.66,False,True,9.71,6.08,-1.0,1,-1.0,1,-1.0,1,-1.0,earnings,"2.02,9.01"
AMC,2025-08-11,NYSE,Consumer Services,Movies/Entertainment,2749.2,2.93,10.58,3.41,-6.48,9.4,0.18,3.28,0.61,2,4.34,7.3,-5.5,0.92,-41.7,61.9,100,-5.25,-6.17,-9.57,-11.11,-13.27,-2.78,-17.59,False,False,,,,,,,,,,earnings,"2.02,9.01"
AMC,2026-07-20,NYSE,Consumer Services,Movies/Entertainment,2749.2,1.94,13.4,26.8,11.82,18.1,0.95,3.88,1.59,0,10.32,4.3,21.3,0.6,-38.9,28.2,100,0.0,3.64,14.09,29.55,10.91,37.73,-4.09,True,True,2.46,14.63,0.306,13,0.0,14,0.0,14,0.037,earnings,"2.02,9.01"
CLBT,2025-11-13,NASDAQ,Technology Services,Packaged Software,2747.2,15.97,17.72,20.73,2.55,9.76,0.61,4.05,0.47,5,3.59,2.4,-7.5,1.0,-28.5,38.4,100,-1.86,-2.66,-7.23,-10.32,0.11,2.18,-12.1,False,True,19.28,5.58,-1.0,1,-1.0,1,-1.0,1,-1.0,filing-other,
FRPT,2025-11-03,NASDAQ,Consumer Non-Durables,Food: Specialty/Candy,2746.5,49.21,8.25,14.31,5.59,10.76,0.94,3.14,0.49,3,4.82,-27.0,-37.8,0.84,-67.5,86.9,100,5.18,5.12,3.9,-0.99,9.18,10.02,-2.76,True,True,56.25,9.16,-0.546,8,-0.546,8,-0.682,10,-0.38,earnings,"2.02,7.01,9.01"
ADEA,2025-12-22,NASDAQ,Technology Services,Packaged Software,2726.1,12.77,26.86,30.54,2.9,10.51,0.65,4.23,1.22,0,3.09,-24.3,-8.9,0.56,-11.2,15.8,100,5.37,4.57,8.7,11.6,22.9,25.49,2.43,True,True,16.67,6.42,0.0,4,0.0,4,0.0,4,0.084,other-8k,"7.01,9.01"
WDFC,2026-07-10,NASDAQ,Process Industries,Industrial Specialties,2724.3,239.42,22.0,10.65,-9.31,14.31,0.09,6.98,1.4,1,2.84,7.4,20.3,0.89,15.3,0.0,100,-13.92,-14.62,-15.51,-20.8,-19.57,-8.46,-25.02,False,False,,,,,,,,,,earnings,"2.02,9.01"
AGYS,2025-10-28,NASDAQ,Technology Services,Packaged Software,2717.3,115.14,12.91,22.56,8.55,15.97,0.79,5.91,0.76,6,3.35,-1.5,53.5,1.0,-8.9,9.1,100,2.64,-3.49,-6.15,-1.54,-3.1,8.55,-9.23,False,True,141.12,11.25,-1.0,3,-1.0,3,-1.0,3,-0.996,earnings,"2.02,9.01"
AGYS,2026-05-19,NASDAQ,Technology Services,Packaged Software,2717.3,70.2,29.86,12.45,-13.41,23.61,0.13,9.3,1.82,2,4.77,-12.0,-45.8,1.0,-37.2,59.7,100,-10.74,-12.42,-12.93,-3.08,-3.84,3.05,-20.07,False,False,,,,,,,,,,earnings,"2.02,9.01"
INTA,2025-08-13,NASDAQ,Technology Services,Packaged Software,2693.2,36.92,20.21,15.52,-3.9,12.99,0.6,5.37,1.62,2,3.44,-34.8,-47.2,0.68,-42.9,83.7,100,-6.56,-5.05,-5.76,6.85,2.3,7.89,-7.68,True,False,,,,,,,,,,earnings,"2.02,7.01,9.01"
RDW,2026-01-27,NYSE,Electronic Technology,Aerospace & Defense,2682.4,10.96,11.54,29.56,16.16,24.04,0.88,4.16,1.9,0,13.02,37.0,-29.2,0.43,-54.1,19.9,89,8.71,-3.89,-7.89,-23.27,-29.49,15.26,-38.45,False,True,14.2,17.39,-1.0,3,-1.0,3,-1.0,3,-0.997,filing-other,
RDW,2026-05-26,NYSE,Electronic Technology,Aerospace & Defense,2682.4,17.49,12.32,26.01,12.19,20.31,0.73,3.06,1.13,0,12.12,107.7,245.7,0.78,-11.7,0.3,42,22.17,25.07,4.76,-19.83,-42.07,35.61,-42.58,False,True,22.04,12.89,0.0,3,0.0,3,0.0,3,0.297,filing-other,
RDW,2026-05-27,NYSE,Electronic Technology,Aerospace & Defense,2682.4,22.04,10.3,8.89,-1.28,12.61,0.67,3.15,1.12,0,12.76,155.7,315.8,0.76,5.2,0.0,41,6.54,-14.93,-23.41,-38.83,-55.57,9.58,-58.41,False,False,,,,,,,,,,filing-other,
NESR,2025-08-20,NASDAQ,Industrial Services,Oilfield Services/Equipment,2671.6,7.29,8.23,13.99,5.32,9.32,0.74,3.42,0.23,3,5.71,15.7,-22.6,0.98,-20.2,23.3,100,8.11,9.13,14.45,23.07,31.94,35.04,4.31,True,True,8.31,6.44,3.495,21,3.458,30,20.486,140,2.517,filing-other,
NESR,2026-08-10,NASDAQ,Industrial Services,Oilfield Services/Equipment,2671.6,29.02,10.27,23.33,11.84,14.88,0.83,4.26,1.36,2,4.96,25.6,39.1,1.0,5.6,0.0,100,12.53,12.19,11.81,4.44,6.81,15.44,0.16,True,True,35.79,10.98,-0.571,7,-0.41,20,-1.0,24,-0.371,earnings,"2.02,4.01,7.01,9.01"
FUL,2025-06-26,NYSE,Process Industries,Industrial Specialties,2669.9,55.96,8.26,10.78,2.33,4.07,0.75,5.41,0.98,3,2.27,3.0,-17.9,1.0,-25.2,41.6,100,1.9,2.28,2.74,4.37,-1.67,7.13,-2.95,False,True,61.99,2.95,-1.0,2,-1.0,2,-1.0,2,-1.0,earnings,"2.02,9.01"
PLUG,2025-04-28,NASDAQ,Electronic Technology,Electronic Production Equipment,2668.6,0.81,23.46,25.93,2.0,20.2,0.15,3.45,1.29,0,10.08,-58.5,-61.1,0.59,-69.9,91.0,79,-4.0,-15.0,-21.0,-10.0,-21.0,11.0,-31.0,False,True,1.02,2.94,-1.0,1,-1.0,1,-1.0,1,-1.0,earnings,"1.01,2.02,2.03,7.01,9.01"
PLUG,2025-09-23,NASDAQ,Electronic Technology,Electronic Production Equipment,2668.6,2.65,10.57,-4.53,-13.65,25.9,0.03,6.29,1.27,13,7.76,128.4,72.1,0.81,-11.7,1.3,69,-18.09,-19.11,-20.48,32.08,6.48,56.31,-25.26,False,False,,,,,,,,,,equity-sale,"8.01,9.01"
PLUG,2025-10-03,NASDAQ,Electronic Technology,Electronic Production Equipment,2668.6,2.83,13.78,34.63,18.32,23.44,0.81,5.6,1.28,3,11.1,106.6,133.9,0.79,-3.0,0.0,43,28.26,13.66,6.21,5.59,-16.46,42.24,-20.5,False,True,3.81,16.01,-0.541,9,-1.0,12,-1.0,12,-0.443,filing-other,
PLUG,2025-10-06,NASDAQ,Electronic Technology,Electronic Production Equipment,2668.6,3.81,18.11,8.4,-8.22,19.27,0.39,3.84,0.81,2,11.91,168.3,212.3,0.79,13.9,0.0,43,-14.0,-16.0,-13.33,-24.44,-38.89,-4.0,-43.11,False,False,,,,,,,,,,other-8k,"5.02,7.01,9.01"
TDC,2025-11-05,NYSE,Technology Services,Packaged Software,2668.2,20.71,20.23,32.59,10.28,12.53,0.94,5.28,0.35,1,3.1,-0.4,-7.3,1.0,-26.1,20.3,100,13.65,12.13,11.49,6.83,19.48,25.7,4.22,True,True,27.46,10.49,-0.462,8,1.035,38,0.688,50,-0.255,earnings,"2.02,9.01"
TDC,2026-02-11,NYSE,Technology Services,Packaged Software,2668.2,29.23,32.33,29.59,-2.07,18.66,0.41,8.48,0.58,2,3.47,4.7,41.8,1.0,20.8,0.0,100,-13.29,-15.72,-16.96,-19.93,-30.82,-3.67,-31.49,False,False,,,,,,,,,,earnings,"1.01,2.02,9.01"
MAN,2025-07-17,NYSE,Commercial Services,Personnel Services,2630.4,43.1,9.49,2.92,-6.0,10.58,0.34,3.22,0.88,2,3.4,-14.4,-24.9,0.97,-37.2,61.8,100,-8.35,-5.79,-5.15,-12.59,-12.71,-2.71,-19.54,False,False,,,,,,,,,,earnings,"2.02,9.01"
MAN,2026-07-16,NYSE,Commercial Services,Personnel Services,2630.4,39.02,19.89,32.37,10.41,13.3,0.78,4.42,0.59,1,5.33,27.0,31.8,0.79,-1.2,0.0,100,11.89,10.47,6.78,10.9,26.31,26.34,4.49,True,True,51.65,9.43,0.0,10,0.0,10,0.0,10,0.002,earnings,"2.02,9.01"
BRZE,2025-09-05,NASDAQ,Technology Services,Internet Software/Services,2629.5,27.66,18.13,13.59,-3.84,11.86,0.42,8.1,1.4,4,4.5,-23.4,-20.1,0.98,-32.4,49.4,100,-1.15,-7.94,-7.76,-1.94,-13.02,1.13,-15.53,False,False,,,,,,,,,,earnings,"2.02,9.01"
BRZE,2025-12-10,NASDAQ,Technology Services,Internet Software/Services,2629.5,30.65,14.81,18.08,2.84,9.02,0.74,6.89,0.9,7,4.07,-0.7,7.8,0.98,-27.2,29.2,100,-0.74,-5.88,-1.34,1.82,-14.55,6.07,-16.17,False,True,36.19,6.22,-1.0,2,-1.0,2,-1.0,2,-1.0,earnings,"2.02,7.01,9.01"
BRZE,2026-03-25,NASDAQ,Technology Services,Internet Software/Services,2629.5,18.02,25.08,19.87,-4.17,11.82,0.55,4.05,1.09,2,5.96,-50.1,-43.9,0.59,-48.6,75.7,99,3.42,4.21,4.61,-8.25,-0.35,9.76,-17.26,False,False,,,,,,,,,,earnings,"2.02,9.01"
SOUN,2025-08-08,NASDAQ,Technology Services,Packaged Software,2627.3,10.72,22.76,26.4,2.96,11.74,0.53,4.85,0.94,9,6.92,10.1,-32.1,0.9,-47.3,36.9,100,20.82,25.38,18.47,-4.56,16.19,29.79,-10.26,False,True,13.55,5.9,0.0,7,0.0,7,0.0,7,1.229,earnings,"2.02,9.01"
HAYW,2025-10-29,NYSE,Consumer Durables,Recreational Products,2617.6,15.33,10.89,12.0,1.0,5.47,0.48,3.62,0.44,2,2.5,-0.3,15.0,1.0,0.8,0.0,100,1.29,-2.65,-5.18,-5.65,-2.59,4.29,-12.76,False,True,17.17,2.56,-1.0,3,-1.0,3,-1.0,3,-1.136,earnings,"2.02,9.01"
GCMG,2026-02-10,NASDAQ,Finance,Investment Managers,2595.7,9.9,10.0,14.14,3.76,10.85,0.54,3.26,0.84,7,3.23,-15.4,-23.3,1.0,-24.8,92.5,100,5.23,10.56,8.82,8.82,4.5,13.5,0.0,True,True,11.3,5.56,0.446,12,0.0,13,-0.016,2,0.69,earnings,"2.02,9.01"
HOG,2025-07-30,NYSE,Consumer Durables,Motor Vehicles,2583.1,22.95,16.73,13.38,-2.87,11.13,0.12,8.65,1.36,7,3.69,-0.9,-16.4,1.0,-31.7,37.1,100,-9.18,-11.27,-9.59,2.43,8.88,9.52,-12.62,False,False,,,,,,,,,,earnings,"2.02,7.01,9.01"
SUPN,2026-08-03,NASDAQ,Health Technology,Pharmaceuticals: Major,2560.1,44.63,13.04,3.07,-8.82,18.86,0.22,5.46,1.13,2,3.53,-6.7,-7.3,1.0,-15.5,26.2,100,-14.27,-7.31,-6.7,-4.32,-12.37,-1.25,-15.5,False,False,,,,,,,,,,earnings,"1.01,2.02,5.02,8.01,9.01"
FIVN,2026-05-01,NASDAQ,Technology Services,Packaged Software,2541.3,17.2,17.33,29.3,10.21,17.96,0.73,7.17,1.19,2,5.36,-2.6,-26.4,0.95,-33.6,55.8,100,15.66,8.52,9.51,7.23,30.13,33.45,-1.73,True,True,22.24,11.6,0.0,3,0.0,3,0.0,3,-0.044,earnings,"2.02,9.01"
APPN,2025-08-07,NASDAQ,Technology Services,Packaged Software,2530.6,26.95,15.03,8.27,-5.87,12.3,0.09,5.08,1.81,0,3.92,-11.4,-23.8,1.0,-28.5,58.3,100,-6.16,-9.03,-4.1,-6.42,-1.39,0.55,-11.48,False,False,,,,,,,,,,earnings,"2.02,9.01"
APPN,2025-11-06,NASDAQ,Technology Services,Packaged Software,2530.6,29.33,9.14,30.79,19.84,24.97,0.86,5.68,0.89,3,3.15,0.8,-8.4,1.0,-26.1,30.7,100,25.87,38.14,34.49,25.21,27.96,43.89,17.53,True,True,38.36,17.62,0.417,9,0.154,18,0.0,24,0.567,earnings,"2.02,9.01"
DJT,2025-12-18,NASDAQ,Commercial Services,Advertising/Marketing Services,2529.3,10.47,28.32,41.93,10.61,19.59,0.86,19.87,2.0,9,4.32,-40.0,-41.3,0.41,-69.1,91.8,95,19.76,5.32,2.49,7.11,3.54,27.21,-6.51,False,True,14.86,14.47,0.0,2,0.0,2,0.0,2,0.0,agreement,"1.01,7.01,8.01,9.01"
IRON,2025-10-17,NASDAQ,Health Technology,Biotechnology,2528.9,74.36,14.98,20.95,5.19,14.39,0.5,5.91,1.07,3,4.41,25.2,76.4,0.89,9.4,0.0,100,1.95,2.01,0.15,0.84,5.2,6.33,-4.36,False,True,89.94,6.74,-1.0,4,-1.0,4,-1.0,4,-0.816,other-8k,8.01
CALY,2026-05-08,NYSE,Consumer Durables,Recreational Products,2527.7,14.77,8.12,18.62,9.71,12.45,0.91,3.24,0.88,2,3.69,-1.6,59.5,1.0,-4.1,0.0,100,0.88,-3.94,-4.63,-3.69,-2.07,12.71,-10.71,False,True,17.52,10.16,-1.0,2,-1.0,2,-1.0,2,-1.0,earnings,"2.02,9.01"
RNW,2026-08-11,NASDAQ,Utilities,Alternative Power Generation,2496.2,6.13,10.28,11.75,1.33,1.56,1.0,19.9,2.53,6,2.77,8.3,16.5,1.0,-18.0,32.3,100,0.74,0.74,0.89,0.74,1.33,1.78,0.3,True,True,6.85,1.53,-0.476,9,,,,,-0.444,filing-other,
WTTR,2026-02-18,NYSE,Energy Minerals,Oil & Gas Production,2493.8,13.26,10.07,8.67,-1.27,9.01,0.2,4.1,0.21,3,4.42,32.9,61.5,0.92,8.1,0.0,100,-2.57,-12.37,-5.65,-4.42,-0.65,5.86,-14.29,False,False,,,,,,,,,,earnings,"2.02,7.01,9.01"
WTTR,2026-08-05,NYSE,Energy Minerals,Oil & Gas Production,2493.8,18.5,8.11,20.32,11.3,17.45,0.91,3.63,0.72,2,4.27,7.2,51.4,1.0,-7.7,4.2,100,3.5,4.45,6.05,2.25,-1.15,9.14,-8.05,False,True,22.26,13.75,-0.592,10,-0.83,12,-1.0,13,-0.544,earnings,"2.02,9.01"
AXGN,2025-08-05,NASDAQ,Health Technology,Medical Specialties,2490.0,12.55,18.73,9.32,-7.92,17.02,0.45,4.01,0.89,1,5.98,-25.1,-30.0,0.83,-29.0,38.3,100,-7.72,-6.71,-4.97,3.09,4.77,11.01,-9.66,True,False,,,,,,,,,,earnings,"2.02,7.01,9.01"
AXGN,2025-12-04,NASDAQ,Health Technology,Medical Specialties,2490.0,28.33,9.67,15.99,5.76,13.23,0.65,3.53,0.57,4,4.54,77.3,162.3,0.6,6.0,0.0,34,7.24,-1.48,-3.51,2.03,2.22,9.17,-7.05,False,True,32.86,7.97,-1.0,3,-1.0,3,-1.0,3,-0.953,other-8k,"5.02,7.01,8.01,9.01"
HURN,2026-07-29,NASDAQ,Commercial Services,Miscellaneous Commercial Services,2487.7,121.37,10.48,40.37,27.06,32.25,0.94,4.58,1.1,2,4.69,-6.2,-28.6,0.84,-28.2,42.8,100,22.13,11.84,11.63,12.1,16.76,28.02,6.78,True,True,170.37,23.26,-0.445,9,-0.381,27,,,-0.468,earnings,"2.02,9.01"
IMNM,2025-12-15,NASDAQ,Health Technology,Biotechnology,2486.2,19.57,17.12,15.69,-1.22,19.23,0.35,9.86,2.05,4,7.18,115.3,105.1,0.6,10.2,0.0,43,2.44,-12.96,-3.88,-7.59,-9.42,5.02,-16.45,False,False,,,,,,,,,,equity-sale,"7.01,8.01,9.01"
SHAK,2026-02-26,NYSE,Consumer Services,Restaurants,2477.2,92.13,13.33,7.03,-5.56,9.28,0.03,3.19,0.45,1,4.52,6.4,-12.8,1.0,-27.8,30.5,100,-8.05,-7.99,-7.3,-16.86,-18.51,-3.27,-18.67,False,False,,,,,,,,,,earnings,"2.02,7.01,9.01"
KALU,2025-10-23,NASDAQ,Non-Energy Minerals,Aluminum,2471.5,77.9,11.86,19.54,6.86,13.69,0.62,9.01,1.64,9,3.4,-6.0,24.8,1.0,-10.2,4.6,100,9.93,7.39,1.71,5.26,2.85,12.04,0.86,True,True,93.12,7.84,-0.192,10,-0.463,18,4.482,90,-0.107,earnings,"2.02,9.01"
BFLY,2025-09-19,NYSE,Health Technology,Medical Specialties,2468.7,1.89,11.11,-2.12,-11.9,15.45,0.02,4.71,0.49,6,6.61,-9.1,-31.3,0.6,-57.8,64.2,100,3.33,-1.43,-4.29,10.95,0.95,32.86,-13.81,False,False,,,,,,,,,,none,
BFLY,2025-10-31,NYSE,Health Technology,Medical Specialties,2468.7,2.04,18.14,31.86,11.62,17.87,0.81,3.19,0.67,1,8.87,42.7,-12.4,0.4,-51.6,46.8,82,20.75,4.15,-7.47,-12.03,16.18,41.49,-21.16,False,True,2.69,12.64,-1.0,4,-1.0,4,-1.0,4,-0.843,earnings,"2.02,9.01"
BFLY,2026-02-26,NYSE,Health Technology,Medical Specialties,2468.7,3.1,29.19,50.65,16.6,26.21,0.72,12.43,2.05,4,6.56,-5.5,95.0,0.7,-20.4,8.7,98,-5.37,-8.11,-6.12,-9.11,3.62,17.35,-13.86,False,True,4.67,15.85,-1.0,1,-1.0,1,-1.0,1,-1.0,earnings,"2.02,9.01"
BFLY,2026-06-18,NYSE,Health Technology,Medical Specialties,2468.7,5.71,26.27,55.87,23.44,25.92,0.98,12.85,0.94,9,7.64,43.8,71.0,0.73,17.4,0.0,97,0.83,7.77,23.3,14.15,-7.21,34.4,-10.82,False,True,8.9,20.22,-1.0,1,-1.0,1,-1.0,1,-1.0,none,
NRIX,2025-07-10,NASDAQ,Health Technology,Biotechnology,2457.0,13.18,9.86,-3.87,-12.5,20.53,0.24,5.33,0.94,3,5.71,42.3,-31.4,0.79,-51.0,52.2,100,-14.09,-16.09,-16.51,-20.37,-30.46,-10.22,-30.94,False,False,,,,,,,,,,earnings,"2.02,9.01"
NRIX,2025-10-22,NASDAQ,Health Technology,Biotechnology,2457.0,10.42,12.19,2.02,-9.07,12.83,0.2,4.76,1.19,2,7.13,-9.6,-10.2,0.86,-60.5,53.4,100,-11.04,2.48,0.09,6.54,22.58,24.55,-12.06,False,False,,,,,,,,,,equity-sale,"7.01,8.01,9.01"
NRIX,2025-12-08,NASDAQ,Health Technology,Biotechnology,2457.0,18.09,18.46,18.68,0.19,11.33,0.55,3.47,1.08,1,7.25,96.6,44.3,0.43,-6.6,0.7,51,-8.77,-11.01,-11.29,-9.75,-13.72,2.61,-20.78,False,True,21.47,5.87,-1.0,1,-1.0,1,-1.0,1,-1.0,other-8k,"7.01,8.01,9.01"
NRIX,2026-06-08,NASDAQ,Health Technology,Biotechnology,2457.0,14.64,14.24,6.83,-6.49,18.49,0.1,20.01,3.48,6,5.11,-5.5,-18.8,1.0,-25.7,29.9,100,-6.49,1.52,1.88,12.77,45.35,48.76,-12.29,False,False,,,,,,,,,,agreement,"1.01,7.01,9.01"
NGVT,2025-08-05,NYSE,Process Industries,Chemicals: Major Diversified,2442.9,40.85,14.64,21.32,5.83,8.91,0.96,5.8,0.76,2,2.95,15.0,-6.3,0.98,-9.4,13.2,100,4.4,9.48,15.01,17.79,23.62,25.41,3.31,True,True,49.56,7.87,1.931,25,1.931,25,1.0,44,1.433,earnings,"2.02,9.01"
WLY,2025-06-17,NYSE,Consumer Services,Publishing: Books/Magazines,2422.3,37.03,10.18,9.96,-0.2,11.37,0.57,3.9,1.06,3,2.18,-17.2,-19.4,1.0,-24.4,80.3,100,4.26,7.6,6.23,6.37,-2.25,11.86,-3.15,True,False,,,,,,,,,,earnings,"2.02,7.01,9.01"
PAYO,2025-08-06,NASDAQ,Commercial Services,Miscellaneous Commercial Services,2419.4,6.5,12.0,14.15,1.92,6.56,0.58,3.98,0.83,4,3.03,-8.8,-40.0,1.0,-35.5,55.3,100,-3.98,-8.93,-6.46,-8.65,-7.97,5.29,-10.16,False,True,7.42,3.64,-1.0,1,-1.0,1,-1.0,1,-1.0,earnings,"2.02,9.01"
NEO,2025-08-29,NASDAQ,Health Services,Medical/Nursing Services,2407.6,7.21,21.78,21.78,0.0,11.85,0.71,3.58,0.72,4,5.26,-1.0,-27.8,0.84,-54.1,42.5,100,0.34,-8.2,-9.68,-7.97,-11.5,2.96,-16.17,False,False,,,,,,,,,,none,
NEO,2026-04-29,NASDAQ,Health Services,Medical/Nursing Services,2407.6,9.02,13.64,-0.67,-12.59,26.28,0.36,5.55,0.82,9,6.15,-27.1,-11.2,0.67,-25.4,26.3,100,-9.66,-12.2,-13.27,-19.41,-0.59,0.39,-20.2,True,False,,,,,,,,,,earnings,"2.02,9.01"
MH,2026-02-12,NYSE,Commercial Services,Miscellaneous Commercial Services,2406.7,12.34,21.15,15.96,-4.28,11.66,0.04,6.07,0.37,5,5.43,8.5,-12.7,0.87,-16.9,47.1,100,-8.56,-9.23,-8.29,-6.35,-9.1,-0.74,-14.83,False,False,,,,,,,,,,earnings,"2.02,9.01"
AAP,2025-05-22,NYSE,Retail Trade,Specialty Stores,2399.7,31.31,37.56,57.04,14.16,20.23,0.9,12.85,3.11,2,3.77,-27.9,-21.9,0.94,-14.9,26.7,100,13.0,22.38,11.28,21.89,20.57,24.45,7.5,True,True,49.17,15.35,0.0,4,0.0,4,0.0,4,0.156,filing-other,9.01
AAP,2026-05-21,NYSE,Retail Trade,Specialty Stores,2399.7,51.24,12.39,14.4,1.79,12.99,0.5,5.52,0.31,2,4.81,-8.3,3.0,1.0,-17.7,21.6,100,0.63,1.16,4.6,-1.35,-3.77,8.47,-6.18,False,True,58.62,6.11,-1.0,2,-1.0,2,-1.0,2,-1.0,earnings,"2.02,5.07,9.01"
TRLV,2025-08-11,NYSE,Process Industries,Agricultural Commodities/Milling,2389.7,5.73,8.46,38.22,27.43,37.27,0.85,5.84,0.62,3,9.46,31.7,19.1,0.83,-54.9,21.6,100,20.68,30.43,30.01,37.57,25.99,60.1,8.77,True,True,7.92,24.12,0.0,3,0.0,3,0.0,3,0.032,none,
TRLV,2025-12-12,NYSE,Process Industries,Agricultural Commodities/Milling,2389.7,5.95,34.29,66.55,24.03,31.61,0.98,5.37,0.27,2,11.16,-11.7,62.1,0.6,-19.7,13.1,100,16.02,39.22,6.76,-3.5,9.26,48.06,-8.06,False,True,9.91,23.71,0.0,4,0.0,4,0.0,4,0.172,none,
TRLV,2026-04-23,NYSE,Process Industries,Agricultural Commodities/Milling,2389.7,8.15,8.71,-6.58,-14.06,18.88,0.1,7.33,0.13,23,9.76,0.6,6.1,0.86,-25.1,14.8,100,-1.69,13.77,11.06,5.08,-11.06,14.0,-20.99,False,False,,,,,,,,,,none,
KMT,2025-11-05,NYSE,Producer Manufacturing,Industrial Machinery,2368.9,22.11,11.71,14.29,2.31,11.33,0.47,4.21,0.51,6,2.62,10.7,11.9,1.0,-23.2,16.7,100,5.51,9.6,11.94,3.04,13.08,15.1,2.15,True,True,25.27,5.03,0.512,8,0.0,11,0.0,11,0.814,earnings,"2.02,9.01"
KMT,2026-02-04,NYSE,Producer Manufacturing,Industrial Machinery,2368.9,35.76,10.46,7.24,-2.91,12.02,0.42,4.05,0.62,5,2.9,61.2,42.3,0.73,8.7,0.0,86,-3.09,3.06,1.92,-2.23,1.32,6.41,-5.72,True,False,,,,,,,,,,earnings,"2.02,9.01"
KMT,2026-08-05,NYSE,Producer Manufacturing,Industrial Machinery,2368.9,36.06,12.31,-5.27,-15.65,21.37,0.04,3.26,0.54,7,3.54,-3.9,0.8,0.97,-7.6,5.4,100,-16.42,-22.0,-24.0,-24.49,-27.28,-14.74,-28.86,False,False,,,,,,,,,,earnings,"2.02,9.01"
NN,2026-04-16,NASDAQ,Technology Services,Packaged Software,2344.8,16.97,9.99,26.64,15.14,16.72,0.97,5.21,1.64,1,8.45,16.6,26.4,0.97,-6.3,1.6,100,22.31,20.92,-3.99,-0.72,18.83,29.59,-20.44,False,True,21.49,14.01,-1.0,4,-1.0,4,-1.0,4,-0.547,none,
PLUS,2025-08-08,NASDAQ,Technology Services,Packaged Software,2343.4,63.3,8.12,9.42,1.2,7.75,0.44,3.22,0.37,4,2.84,-3.3,-9.9,1.0,-36.0,60.2,100,1.77,8.17,6.82,7.63,4.3,10.18,-0.54,True,True,69.26,3.26,0.642,9,0.137,17,0.137,17,1.132,earnings,"2.02,9.01"
FIGS,2025-11-07,NYSE,Consumer Non-Durables,Apparel/Footwear,2335.9,7.52,11.17,13.7,2.27,11.22,0.61,3.53,0.37,3,3.93,19.9,52.8,0.94,-1.6,0.0,100,5.62,19.86,10.53,15.79,36.72,39.23,0.0,True,True,8.55,6.43,1.018,9,5.527,35,4.545,51,1.57,earnings,"2.02,7.01,9.01"
FIGS,2026-02-27,NYSE,Consumer Non-Durables,Apparel/Footwear,2335.9,12.47,16.84,23.9,6.04,11.19,0.72,8.96,2.49,2,5.18,28.7,76.1,1.0,15.1,0.0,100,17.5,16.47,12.7,1.92,0.89,19.97,-4.94,False,True,15.45,7.44,0.0,6,0.0,6,0.0,6,0.441,earnings,"2.02,7.01,9.01"
FIGS,2026-08-07,NYSE,Consumer Non-Durables,Apparel/Footwear,2335.9,11.24,35.23,26.87,-6.18,16.09,0.07,3.48,0.43,3,4.98,-26.9,5.9,0.95,-13.0,14.9,100,-5.33,-5.13,-3.36,-3.42,-5.13,3.53,-10.79,False,False,,,,,,,,,,earnings,"2.02,7.01,9.01"
VERA,2025-06-02,NASDAQ,Health Technology,Biotechnology,2333.1,18.95,67.49,67.49,0.0,13.6,0.72,11.16,2.07,2,5.77,-33.3,-60.1,0.63,-38.5,45.5,93,-2.61,-3.5,-30.09,-31.16,-27.54,3.97,-35.82,False,False,,,,,,,,,,agreement,"1.01,2.03,7.01,8.01,9.01"
SLS,2025-10-20,NASDAQ,Health Technology,Pharmaceuticals: Major,2324.4,2.14,13.08,-6.07,-16.94,24.0,0.02,6.49,0.69,2,6.84,16.3,65.9,0.94,5.7,0.0,100,-21.07,-21.07,-19.83,-26.03,-41.74,-12.4,-42.56,False,False,,,,,,,,,,none,
SLS,2026-01-02,NASDAQ,Health Technology,Pharmaceuticals: Major,2324.4,3.77,18.04,15.38,-2.25,17.68,0.56,4.23,1.08,3,12.01,120.5,73.7,0.57,11.5,0.0,54,12.36,-9.21,-22.25,-10.56,-10.79,16.4,-27.42,False,False,,,,,,,,,,none,
SLS,2026-05-13,NASDAQ,Health Technology,Pharmaceuticals: Major,2324.4,5.22,21.07,25.1,3.32,18.1,0.82,6.7,1.01,11,5.7,42.2,248.0,0.83,2.9,0.0,79,17.41,15.35,41.93,45.25,22.63,50.47,-1.11,True,True,6.53,12.86,2.143,13,1.369,18,4.238,51,1.73,earnings,"2.02,9.01"
SLS,2026-05-20,NASDAQ,Health Technology,Pharmaceuticals: Major,2324.4,7.59,9.09,18.18,8.33,10.98,0.86,3.01,0.6,9,7.6,87.9,438.3,0.83,6.2,0.0,45,-8.7,-1.93,10.87,9.18,-2.78,14.86,-15.94,False,True,8.97,8.58,-1.0,1,-1.0,1,-1.0,1,-1.0,none,
RH,2025-06-13,NYSE,Retail Trade,Specialty Stores,2313.8,176.87,19.3,6.93,-10.37,18.49,0.05,5.56,0.53,6,4.58,-21.4,-54.2,0.63,-53.9,50.2,100,-10.29,-10.38,-11.74,-10.42,-11.12,3.13,-15.26,False,False,,,,,,,,,,earnings,"2.02,9.01"
ALVO,2025-05-08,NASDAQ,Health Technology,Biotechnology,2311.4,7.94,17.13,18.14,0.86,12.96,0.3,7.31,0.86,4,5.35,-38.2,-38.5,0.51,-32.1,84.0,100,4.09,13.55,12.47,6.88,14.62,27.42,3.12,True,True,9.38,3.73,1.143,8,3.2,19,0.0,26,1.886,filing-other,
ALVO,2026-08-24,NASDAQ,Health Technology,Biotechnology,2311.4,4.43,8.13,18.51,9.6,13.66,0.83,3.73,0.58,2,6.77,32.6,5.0,0.86,-48.2,35.4,100,5.43,1.88,8.35,8.35,21.92,24.95,-0.17,True,True,5.25,10.19,-0.374,14,,,,,-0.48,none,
INOD,2025-05-08,NASDAQ,Technology Services,Data Processing Services,2301.6,36.76,8.81,11.83,2.78,9.39,0.9,3.24,0.36,5,8.17,-7.7,78.1,0.62,-43.7,58.0,100,-13.45,-9.2,-11.5,-9.62,28.07,29.48,-20.25,False,True,41.11,7.81,-1.0,1,-1.0,1,-1.0,1,-1.0,earnings,"2.02,9.01"
INOD,2026-01-29,NASDAQ,Technology Services,Data Processing Services,2301.6,55.84,8.04,14.36,5.85,11.13,0.84,3.89,0.34,20,7.19,-26.0,15.2,0.86,-35.7,24.3,100,-8.11,-9.85,-27.86,-27.9,-26.79,5.69,-32.34,False,True,63.86,8.55,-1.0,1,-1.0,1,-1.0,1,-1.0,filing-other,
INOD,2026-05-08,NASDAQ,Technology Services,Data Processing Services,2301.6,45.64,59.77,86.0,16.42,26.21,0.63,17.41,2.27,10,6.64,-4.1,-29.4,0.94,-22.3,9.5,100,42.39,23.35,31.79,30.94,40.96,71.61,14.37,True,True,84.89,14.24,0.34,12,1.148,21,0.0,31,0.366,earnings,"2.02,9.01"
INOD,2026-08-07,NASDAQ,Technology Services,Data Processing Services,2301.6,65.48,15.94,-4.81,-17.9,29.17,0.05,3.88,0.25,4,6.55,43.5,50.5,0.29,-39.3,29.5,75,-18.03,-19.03,-15.9,-15.42,-26.69,-11.93,-30.72,False,False,,,,,,,,,,earnings,"1.01,2.02,5.02,9.01"
OPEN,2025-07-17,NASDAQ,Finance,Real Estate Development,2301.5,1.49,28.19,10.74,-13.61,31.17,0.23,5.37,1.95,0,12.94,62.7,8.8,0.57,-23.0,8.5,75,17.8,50.79,26.7,-3.66,59.16,160.21,-10.99,True,False,,,,,,,,,,filing-other,
OPEN,2025-07-18,NASDAQ,Finance,Real Estate Development,2301.5,1.65,11.82,36.36,21.95,31.25,0.89,4.98,1.07,1,14.2,78.0,9.3,0.57,-25.6,11.1,61,73.98,24.12,37.67,13.82,71.82,169.38,-7.86,False,True,2.25,21.78,0.0,3,0.0,3,0.0,3,0.027,filing-other,
OPEN,2025-07-21,NASDAQ,Finance,Real Estate Development,2301.5,2.25,23.56,42.67,15.47,90.06,0.25,14.04,3.21,2,15.42,135.8,46.1,0.57,12.1,0.0,59,3.6,-12.95,-15.83,-11.51,35.97,43.53,-38.85,False,True,3.21,18.54,-1.0,2,-1.0,2,-1.0,2,-1.0,filing-other,
OPEN,2025-07-22,NASDAQ,Finance,Real Estate Development,2301.5,3.21,21.18,-10.28,-25.96,49.44,0.16,5.55,0.57,2,19.39,244.1,122.9,0.57,-21.7,0.0,34,-41.13,-34.7,-47.3,-35.22,-6.94,5.4,-56.3,False,False,,,,,,,,,,filing-other,
OPEN,2025-09-11,NASDAQ,Finance,Real Estate Development,2301.5,5.86,29.86,79.52,38.24,44.2,0.95,3.36,0.55,2,20.17,863.8,384.3,0.17,4.0,0.0,5,19.19,17.21,30.62,19.45,6.96,42.84,-9.2,False,True,10.52,29.47,-0.69,7,-1.0,8,-1.0,8,-0.632,equity-sale,"3.02,5.02,7.01,8.01,9.01"
UFPT,2026-08-04,NASDAQ,Process Industries,Industrial Specialties,2299.9,267.53,14.01,25.16,9.78,11.05,0.89,3.08,0.78,1,4.29,38.9,4.6,0.95,9.1,0.0,100,5.59,2.95,5.54,2.95,-3.59,8.41,-3.75,False,True,334.84,8.91,-0.453,9,-1.0,12,-1.0,12,-0.535,earnings,"2.02,9.01"
RAMP,2025-05-22,NYSE,Technology Services,Packaged Software,2288.9,28.07,14.29,19.34,4.43,12.75,0.57,5.24,1.25,1,2.3,-10.1,-0.2,0.97,-11.1,15.5,100,-3.62,2.21,1.56,3.93,-2.24,5.05,-7.11,False,True,33.5,6.81,-1.0,1,-1.0,1,-1.0,1,-1.0,earnings,"2.02,9.01"
RAMP,2026-05-18,NYSE,Technology Services,Packaged Software,2288.9,29.66,27.44,27.34,-0.08,0.5,0.26,23.85,4.92,1,3.2,20.8,-0.8,1.0,7.4,0.0,100,-0.32,0.08,-0.37,-0.58,-0.5,0.32,-1.48,False,False,,,,,,,,,,earnings,"1.01,2.02,5.02,5.03,7.01,9.01"
PRLB,2026-02-06,NYSE,Process Industries,Chemicals: Specialty,2283.6,52.48,9.76,27.99,16.61,18.61,0.96,6.19,0.91,6,2.93,5.4,13.4,1.0,1.8,0.0,100,14.43,16.58,17.22,9.81,-0.02,19.64,-5.66,False,True,67.17,15.19,-0.176,9,-0.499,14,-1.0,19,-0.118,earnings,"2.02,9.01"
VVX,2025-08-05,NYSE,Commercial Services,Miscellaneous Commercial Services,2281.9,48.5,10.99,15.22,3.81,7.53,0.71,5.52,0.77,8,2.89,-0.9,-5.4,1.0,-22.8,26.7,100,1.76,-5.67,1.36,10.5,2.68,18.41,-7.88,False,True,55.88,5.07,-1.0,2,-1.0,2,-1.0,2,-1.0,earnings,"2.02,9.01"
NWL,2026-07-31,NASDAQ,Producer Manufacturing,Industrial Machinery,2265.8,5.14,28.4,8.95,-15.15,29.64,0.06,3.64,0.55,1,5.72,26.0,23.0,0.59,-0.6,0.0,100,-3.64,-6.52,-8.94,-5.45,-6.52,0.61,-12.73,True,False,,,,,,,,,,earnings,"1.01,1.02,2.02,2.03,9.01"
VRDN,2026-05-05,NASDAQ,Health Technology,Pharmaceuticals: Major,2265.3,14.06,35.63,33.36,-1.68,14.81,0.52,5.5,1.11,2,4.82,-55.9,-40.5,0.6,-44.4,59.4,97,-8.08,-12.9,-11.59,-16.26,-14.26,-2.94,-17.93,False,False,,,,,,,,,,earnings,"2.02,7.01,9.01"
VRDN,2026-06-29,NASDAQ,Health Technology,Pharmaceuticals: Major,2265.3,17.9,8.21,4.97,-2.99,7.07,0.43,3.95,0.47,8,4.76,-34.6,-44.5,0.84,-43.5,47.3,100,-5.16,0.15,5.68,-1.5,0.72,7.8,-9.45,False,False,,,,,,,,,,other-8k,"7.01,8.01,9.01"
WGS,2025-07-29,NASDAQ,Health Services,Medical/Nursing Services,2260.3,84.91,24.03,8.09,-12.85,19.87,0.16,3.77,0.44,4,5.15,-24.5,13.4,0.65,-10.6,6.4,100,-1.71,-3.52,1.27,10.54,19.88,23.76,-11.58,True,False,,,,,,,,,,earnings,"2.02,9.01"
WGS,2026-08-04,NASDAQ,Health Services,Medical/Nursing Services,2260.3,67.86,12.0,4.48,-6.71,23.49,0.44,3.24,0.24,4,7.52,-0.1,-31.5,0.65,-55.5,46.6,100,-8.01,1.42,7.55,0.45,11.59,20.76,-13.51,True,False,,,,,,,,,,earnings,"2.02,9.01"
HLIO,2026-05-12,NYSE,Producer Manufacturing,Industrial Machinery,2258.8,68.02,9.72,14.04,3.94,10.25,0.67,3.16,0.84,1,2.95,-7.3,25.3,1.0,-2.4,0.3,100,0.71,3.22,4.44,10.55,7.18,16.23,-0.31,True,True,77.57,6.46,0.739,17,0.483,20,0.295,38,0.457,earnings,"2.02,9.01"
INTR,2025-08-06,NASDAQ,Finance,Major Banks,2257.2,6.53,12.56,14.24,1.5,6.98,0.9,3.38,0.21,2,3.2,-3.0,24.6,1.0,-5.3,4.0,100,5.03,5.58,11.29,5.58,14.83,18.44,1.56,True,True,7.46,5.9,0.295,9,3.057,40,2.205,46,0.424,filing-other,
UPST,2026-08-05,NASDAQ,Finance,Finance/Rental/Leasing,2251.8,30.32,14.1,-0.4,-12.7,15.83,0.05,3.09,0.52,2,5.13,-2.7,-21.4,0.97,-59.4,60.0,100,-14.12,-12.68,-15.88,-11.55,-18.57,-8.08,-21.54,False,False,,,,,,,,,,earnings,"2.02,9.01"
LASR,2025-05-09,NASDAQ,Electronic Technology,Semiconductors,2250.5,8.61,32.98,35.54,1.92,11.37,0.93,4.64,0.85,4,4.82,-20.5,-30.8,0.67,-22.2,12.2,100,9.0,12.14,10.66,26.55,53.97,61.48,5.5,True,True,11.67,9.6,5.116,28,6.161,41,16.179,125,3.759,earnings,"2.02,9.01"
LASR,2025-08-08,NASDAQ,Electronic Technology,Semiconductors,2250.5,20.47,31.9,27.75,-3.15,14.36,0.75,3.58,1.3,0,4.76,137.7,82.0,0.75,25.0,0.0,61,-1.93,0.93,-3.04,3.89,5.52,11.11,-7.88,True,False,,,,,,,,,,earnings,"2.02,9.01"
LASR,2025-11-07,NASDAQ,Electronic Technology,Semiconductors,2250.5,29.79,16.7,14.67,-1.74,13.35,0.44,3.41,0.88,2,5.47,12.5,155.3,1.0,2.4,0.0,100,4.9,-4.33,-12.27,-12.76,6.29,11.09,-19.32,False,False,,,,,,,,,,earnings,"2.02,9.01"
LASR,2026-03-02,NASDAQ,Electronic Technology,Semiconductors,2250.5,56.19,20.15,20.47,0.27,13.59,0.94,3.23,0.92,1,8.37,61.9,88.4,0.6,7.2,0.0,66,-6.58,-7.33,-9.64,1.47,-20.01,9.76,-21.12,False,True,67.69,11.3,-1.0,3,-1.0,3,-1.0,3,-0.89,none,
ICHR,2025-08-08,NASDAQ,Producer Manufacturing,Industrial Machinery,2238.3,16.66,11.04,4.68,-5.73,11.31,0.2,3.44,0.52,3,6.05,-0.4,-48.7,0.75,-49.3,65.7,100,-13.19,2.81,-2.97,-1.84,-9.41,5.91,-15.68,False,False,,,,,,,,,,none,
ICHR,2026-02-10,NASDAQ,Producer Manufacturing,Industrial Machinery,2238.3,34.11,23.78,32.72,7.22,17.49,0.69,6.2,1.18,3,8.7,127.9,112.4,0.44,18.7,0.0,31,12.72,10.78,13.31,24.14,6.18,31.05,-9.0,False,True,45.27,10.77,0.334,11,0.0,12,0.0,12,0.325,earnings,"2.02,9.01"
PBI,2026-02-18,NYSE,Technology Services,Packaged Software,2233.2,10.24,10.25,8.59,-1.51,6.8,0.32,3.59,0.34,8,2.66,11.7,-7.8,1.0,-13.9,27.8,100,-5.85,-8.06,-5.58,-3.99,-13.2,-2.04,-13.29,False,False,,,,,,,,,,earnings,"2.02,9.01"
PBI,2026-04-21,NYSE,Technology Services,Packaged Software,2233.2,13.19,8.04,10.92,2.67,5.46,0.69,3.34,0.53,2,2.72,32.0,17.0,0.97,8.0,0.0,100,6.81,9.33,11.02,9.05,9.54,16.21,-2.6,False,True,14.63,3.62,1.189,9,0.0,11,0.0,11,1.39,earnings,"2.02,9.01"
ADMA,2026-03-27,NASDAQ,Health Technology,Biotechnology,2230.9,8.29,14.17,11.58,-2.27,10.67,0.41,3.43,0.65,3,8.81,-57.6,-45.9,0.89,-63.1,96.2,100,-3.33,-3.75,-1.95,9.67,15.48,20.66,-7.03,False,False,,,,,,,,,,other-8k,"7.01,9.01"
PTON,2025-07-30,NASDAQ,Consumer Services,Other Consumer Services,2211.9,6.18,10.28,18.77,7.7,13.51,0.84,3.98,0.39,3,4.61,-10.8,-25.7,0.98,-37.4,58.8,100,4.77,2.13,3.74,27.95,12.69,30.3,-5.36,False,True,7.34,10.22,-1.0,2,-1.0,2,-1.0,2,-1.0,none,
KEEL,2025-07-22,NASDAQ,Technology Services,Data Processing Services,2210.9,1.13,8.85,16.81,7.32,10.74,0.85,3.3,0.76,22,8.85,35.3,-32.7,0.79,-55.4,67.7,100,3.25,0.0,0.81,0.0,4.07,16.18,-7.32,False,True,1.32,8.33,-1.0,2,-1.0,2,-1.0,2,-1.0,filing-other,
KEEL,2025-09-15,NASDAQ,Technology Services,Data Processing Services,2210.9,2.23,13.45,11.21,-1.98,13.56,0.38,4.56,1.22,3,9.16,165.8,100.9,0.62,-8.3,1.7,46,14.23,26.48,21.34,11.46,113.04,114.23,-7.91,False,False,,,,,,,,,,none,
KEEL,2025-09-18,NASDAQ,Technology Services,Data Processing Services,2210.9,3.05,10.98,4.92,-5.47,14.29,0.11,3.57,1.06,3,10.27,283.6,182.4,0.62,8.5,0.0,32,-7.83,-23.49,-20.83,-13.44,55.98,94.98,-26.44,False,False,,,,,,,,,,none,
MLYS,2025-09-02,NASDAQ,Health Technology,Biotechnology,2164.2,15.48,46.25,86.43,27.47,37.0,0.84,18.33,1.03,4,5.92,-1.4,73.2,1.0,23.2,0.0,100,29.2,53.71,70.05,65.28,67.49,81.49,19.61,True,True,28.86,23.77,1.281,15,1.341,23,1.188,47,1.143,equity-sale,"8.01,9.01"
RXRX,2025-04-11,NASDAQ,Health Technology,Biotechnology,2161.2,4.51,10.75,27.72,15.32,23.46,0.79,4.09,1.0,2,9.67,-34.4,-26.7,0.68,-59.6,92.7,100,10.31,6.51,8.31,16.92,-7.11,22.32,-17.72,False,True,5.76,15.63,-0.189,12,-0.278,1,-0.278,1,-0.289,none,
PLBL,2026-03-12,NASDAQ,Retail Trade,Electronics/Appliance Stores,2136.0,8.7,8.05,4.48,-3.3,14.53,0.39,4.07,0.11,47,3.84,-13.9,-10.6,0.68,-30.3,56.1,100,-4.15,-4.36,-9.57,-7.45,-15.0,1.06,-20.64,False,False,,,,,,,,,,none,
PLBL,2026-06-10,NASDAQ,Retail Trade,Electronics/Appliance Stores,2136.0,5.225,14.83,16.36,1.33,35.14,0.27,16.43,0.95,13,10.38,-39.9,-55.5,0.54,-55.5,96.1,100,9.92,45.33,34.17,36.0,35.33,84.83,-5.0,True,True,6.08,8.72,3.302,11,2.623,18,0.972,1,3.862,filing-other,
MD,2025-11-03,NYSE,Health Services,Medical/Nursing Services,2117.5,16.97,15.03,24.22,7.99,13.4,0.94,4.28,0.59,3,3.1,31.3,31.0,0.98,7.1,0.0,100,9.84,11.78,15.62,17.93,21.98,28.02,6.92,True,True,21.08,11.15,0.94,21,0.515,22,0.132,40,0.732,earnings,"2.02,9.01"
INSP,2025-11-04,NYSE,Health Technology,Medical Specialties,2115.7,73.71,8.55,15.33,6.25,12.72,0.56,3.66,0.34,2,4.18,-6.0,-54.5,0.9,-63.0,77.7,100,3.51,2.22,13.22,4.45,68.42,76.73,-0.5,True,True,85.01,6.66,0.0,8,0.0,8,0.0,8,-0.19,earnings,"2.02,7.01,9.01"
INSP,2025-11-24,NYSE,Health Technology,Medical Specialties,2115.7,89.87,17.66,30.51,10.92,13.21,0.97,4.7,0.48,3,4.72,-2.0,-37.2,0.95,-51.0,48.6,100,23.31,17.66,26.66,32.9,-10.18,39.05,-14.94,False,True,117.29,11.32,1.008,13,0.148,14,0.0,15,0.851,filing-other,
BCRX,2025-05-05,NASDAQ,Health Technology,Biotechnology,2113.3,8.93,9.74,23.52,12.55,15.85,0.95,7.6,2.33,1,6.27,17.2,6.7,0.9,3.2,0.0,100,4.8,1.22,5.51,5.82,14.18,14.69,-0.31,True,True,11.03,13.06,-0.819,7,-0.292,26,-0.896,35,-0.803,earnings,"2.02,7.01,9.01"
SONO,2026-02-04,NASDAQ,Consumer Durables,Electronics/Appliances,2111.5,14.63,10.05,6.36,-3.35,18.64,0.31,4.97,1.11,1,4.07,-13.0,34.7,0.97,-18.8,22.8,100,2.86,6.02,2.48,-2.73,-5.59,9.07,-11.8,False,False,,,,,,,,,,earnings,"2.02,9.01"
CALX,2025-04-22,NYSE,Electronic Technology,Telecommunications Equipment,2111.2,33.25,12.78,13.11,0.29,7.34,0.73,4.16,0.76,1,5.0,-12.3,-16.7,0.92,-11.8,24.6,100,-1.55,5.65,8.48,11.68,24.91,25.49,-3.33,True,True,37.61,5.08,4.518,27,4.822,39,11.031,116,3.363,earnings,"2.02,8.01,9.01"
FLYW,2026-02-25,NASDAQ,Commercial Services,Miscellaneous Commercial Services,2108.5,11.24,8.9,11.39,2.29,8.83,0.95,3.67,0.2,4,5.0,-15.9,-12.5,0.76,-32.0,34.3,100,5.07,1.55,4.98,6.13,1.31,11.36,-5.27,True,True,12.52,7.75,0.0,11,0.0,11,0.351,1,-0.031,earnings,"2.02,7.01,8.01,9.01"
FLYW,2026-05-06,NASDAQ,Commercial Services,Miscellaneous Commercial Services,2108.5,14.53,14.73,20.51,5.04,17.93,0.9,6.28,1.42,1,3.96,30.3,8.2,0.97,9.3,0.0,100,6.36,-1.26,-5.04,-4.56,-12.54,8.28,-16.74,False,True,17.51,13.85,-0.598,7,-0.685,15,-1.0,18,-0.543,earnings,"2.02,7.01,9.01"
PDFS,2026-04-24,NASDAQ,Technology Services,Information Technology Services,2101.6,43.86,14.27,6.0,-7.24,13.37,0.33,3.63,1.41,0,4.5,29.6,60.2,0.81,10.6,0.0,100,-17.52,-20.19,-11.11,3.01,-8.04,12.65,-24.84,False,False,,,,,,,,,,agreement,"1.01,2.03,9.01"
MPT,2026-02-19,NYSE,Finance,Real Estate Investment Trusts,2096.2,5.37,8.01,12.1,3.79,13.51,0.42,3.8,0.6,3,3.03,4.5,26.7,1.0,-8.5,9.9,100,-2.41,-1.72,0.17,-5.17,-18.79,4.14,-20.52,False,True,6.02,5.32,-1.0,1,-1.0,1,-1.0,1,-1.0,earnings,"2.02,9.01"
MCRI,2025-07-17,NASDAQ,Consumer Services,Hotels/Resorts/Cruise lines,2080.6,87.36,22.96,20.0,-2.41,12.33,0.28,6.34,1.79,2,2.23,16.2,5.8,1.0,11.8,0.0,100,-2.11,-0.67,-1.86,-4.15,-5.31,1.02,-11.12,False,False,,,,,,,,,,earnings,"2.02,8.01,9.01"
ETOR,2026-02-17,NASDAQ,Technology Services,Packaged Software,2080.3,27.46,14.38,20.43,5.28,9.57,0.73,3.58,0.39,3,4.95,-30.1,-43.0,0.67,-60.7,87.3,100,1.37,-0.73,-2.13,0.25,-0.86,6.97,-5.54,False,True,33.07,6.5,-1.0,2,-1.0,2,-0.572,1,-1.0,filing-other,
KSS,2025-07-22,NYSE,Retail Trade,Department Stores,2077.1,10.42,89.54,37.62,-27.39,72.92,0.22,27.96,3.56,9,5.16,48.4,-19.8,0.78,-7.2,2.4,100,-37.72,-35.24,-40.81,-41.77,-30.89,-26.43,-47.7,False,False,,,,,,,,,,filing-other,
KSS,2025-11-25,NYSE,Retail Trade,Department Stores,2077.1,15.73,23.9,42.53,15.03,15.95,0.99,8.71,0.17,30,5.67,-2.7,94.2,1.0,-8.9,0.0,100,23.65,23.81,17.86,21.24,10.83,29.4,8.72,True,True,22.42,13.6,0.0,6,0.0,6,0.0,6,0.187,earnings,"2.02,5.02,7.01,8.01,9.01"
KSS,2026-05-28,NYSE,Retail Trade,Department Stores,2077.1,12.93,19.95,20.57,0.52,9.74,0.56,3.61,0.08,3,5.43,-25.9,-17.8,0.9,-38.5,33.6,100,-7.41,2.19,2.9,11.67,24.18,26.5,-8.9,False,True,15.59,5.2,-1.0,1,-1.0,1,-1.0,1,-1.0,earnings,"2.02,7.01,8.01,9.01"
DV,2026-08-07,NYSE,Technology Services,Packaged Software,2076.8,11.71,12.98,12.81,-0.15,1.17,0.06,12.94,1.75,1,3.77,7.9,23.8,0.97,-21.3,9.4,100,-0.08,0.45,0.45,0.6,0.98,1.36,-0.15,True,False,,,,,,,,,,earnings,"2.02,8.01,9.01"
SBET,2025-05-05,NASDAQ,Commercial Services,Advertising/Marketing Services,2054.9,3.72,12.9,32.26,17.14,28.13,1.0,7.35,0.22,8,19.53,-27.9,-55.7,0.3,-68.8,75.9,88,-8.57,-24.52,-21.19,-30.24,1097.38,2855.24,-42.62,False,True,4.92,21.95,-1.0,1,-1.0,1,-1.0,1,-1.0,filing-other,
SBET,2025-05-27,NASDAQ,Commercial Services,Advertising/Marketing Services,2054.9,6.72,404.91,433.18,5.6,87.54,0.29,148.5,8.98,3,25.92,43.6,-12.5,0.52,152.5,0.0,89,-14.06,126.05,48.22,0.15,-69.7,265.81,-74.36,False,True,35.83,20.46,-1.0,1,-1.0,1,-1.0,1,-1.0,none,
SBET,2025-05-30,NASDAQ,Commercial Services,Advertising/Marketing Services,2054.9,79.21,32.56,-3.17,-26.95,76.68,0.12,4.19,0.23,2,39.5,1684.0,870.7,0.52,13.1,0.0,26,-47.27,-43.62,-60.5,-91.23,-90.54,-21.24,-91.71,False,False,,,,,,,,,,agreement,"1.01,3.02,5.02,8.01,9.01"
SBET,2025-06-16,NASDAQ,Commercial Services,Advertising/Marketing Services,2054.9,9.21,18.13,45.6,23.25,35.07,0.77,7.54,0.86,3,47.01,132.6,-6.4,0.52,-91.2,68.4,56,9.83,-9.47,-11.21,-14.06,243.57,259.19,-20.04,False,True,13.41,21.33,-0.51,1,-0.51,1,-0.51,1,-0.51,none,
SBET,2025-07-08,NASDAQ,Commercial Services,Advertising/Marketing Services,2054.9,12.67,13.58,28.57,13.2,17.92,0.91,3.61,0.98,2,22.81,306.1,57.6,0.22,-88.4,29.1,38,18.55,50.45,101.32,90.41,40.58,181.17,6.46,True,True,16.29,14.0,3.93,9,2.035,14,0.338,1,3.404,other-8k,"4.01,7.01,8.01,9.01"
SBET,2025-07-09,NASDAQ,Commercial Services,Advertising/Marketing Services,2054.9,16.29,16.76,4.73,-10.3,24.15,0.47,3.4,1.04,2,22.61,384.8,115.5,0.17,-84.7,26.1,13,-2.84,25.55,96.53,35.7,16.4,112.72,-13.25,True,False,,,,,,,,,,other-8k,"4.01,7.01,8.01,9.01"
SBET,2025-07-11,NASDAQ,Commercial Services,Advertising/Marketing Services,2054.9,18.48,8.39,17.15,8.09,18.24,0.67,3.02,0.97,2,21.98,470.4,144.4,0.02,-83.9,21.7,0,19.22,86.62,44.68,9.79,19.42,102.0,-14.68,False,True,21.65,10.85,1.532,6,0.0,10,0.0,10,3.253,agreement,"1.01,7.01,9.01"
SBET,2025-07-16,NASDAQ,Commercial Services,Advertising/Marketing Services,2054.9,28.97,16.67,29.03,10.59,24.62,0.78,3.51,1.14,1,19.59,905.9,316.2,0.16,-72.8,14.5,5,7.69,-25.3,-23.64,-42.13,-30.41,19.7,-49.44,False,True,37.38,16.1,-1.0,2,-1.0,2,-1.0,2,-1.0,agreement,"1.01,7.01,8.01,9.01"
UTZ,2026-07-21,NYSE,Consumer Non-Durables,Food: Specialty/Candy,2051.5,7.45,88.99,88.72,-0.14,0.64,0.11,32.96,14.29,0,4.32,-2.2,-27.6,1.0,-4.0,1.5,100,-0.14,0.14,0.0,0.21,0.57,0.78,-0.21,True,False,,,,,,,,,,agreement,"1.01,5.03,8.01,9.01"
STUB,2026-05-14,NYSE,Technology Services,Internet Software/Services,2028.9,7.52,18.35,13.7,-3.93,10.22,0.27,4.71,0.45,5,5.66,-14.3,-60.9,0.7,-68.1,70.1,97,-0.9,7.19,10.56,10.79,28.76,28.88,-8.54,False,False,,,,,,,,,,earnings,"2.02,9.01"
NKTR,2025-04-11,NASDAQ,Health Technology,Pharmaceuticals: Major,2022.6,7.5,8.0,24.0,14.81,22.64,0.75,4.06,0.95,6,11.53,-51.5,-61.5,0.73,-63.8,95.4,92,11.11,12.96,16.67,40.74,31.48,51.85,5.56,True,True,9.3,14.52,0.778,15,-0.222,1,-0.222,1,0.482,none,
NKTR,2025-06-24,NASDAQ,Health Technology,Pharmaceuticals: Major,2022.6,9.54,108.81,156.29,22.74,67.15,0.71,113.69,24.34,2,13.78,-26.0,-31.6,0.79,-10.9,6.9,100,46.18,29.32,23.44,17.27,25.5,87.65,9.79,True,True,24.45,32.27,0.0,5,0.0,5,0.0,5,0.055,other-8k,"7.01,8.01,9.01"
NKTR,2025-09-04,NASDAQ,Health Technology,Pharmaceuticals: Major,2022.6,28.55,14.99,26.02,9.59,14.22,0.91,5.49,0.09,7,6.26,153.8,121.3,0.67,-12.2,0.0,40,22.39,47.94,43.77,78.98,84.28,88.21,5.45,True,True,35.98,11.48,5.065,18,4.76,25,4.351,50,4.393,filing-other,
NKTR,2026-02-10,NASDAQ,Health Technology,Pharmaceuticals: Major,2022.6,37.07,27.19,51.07,18.77,20.64,0.92,12.75,0.23,12,6.7,-33.8,65.0,0.35,-29.5,27.9,89,40.72,51.28,55.21,49.25,55.52,60.49,25.03,True,True,56.0,15.98,1.388,9,1.604,21,2.506,63,1.496,equity-sale,"7.01,8.01,9.01"
NKTR,2026-04-20,NASDAQ,Health Technology,Pharmaceuticals: Major,2022.6,84.86,14.87,18.25,2.94,14.26,0.36,6.17,0.13,7,6.02,125.2,54.4,0.68,12.1,0.0,66,0.7,-6.38,-11.02,-10.86,-29.8,9.17,-31.98,False,True,100.35,4.93,-1.0,2,-1.0,2,-1.0,2,-1.0,equity-sale,"7.01,8.01,9.01"
ECPG,2025-05-08,NASDAQ,Finance,Finance/Rental/Leasing,2020.2,32.92,18.32,23.85,4.67,7.92,0.92,4.85,0.87,3,5.63,-34.5,-27.4,0.75,-24.8,42.9,100,4.01,3.52,4.93,-0.36,-1.39,10.17,-4.6,False,True,40.77,6.77,-0.873,9,-1.0,11,-1.0,11,-0.636,earnings,"2.02,7.01,9.01"
TILE,2025-08-01,NASDAQ,Producer Manufacturing,Building Products,2019.5,20.62,16.25,19.35,2.67,9.16,0.58,3.61,0.38,3,2.77,9.4,-17.9,1.0,-12.3,25.4,100,5.34,7.26,3.75,11.06,11.47,14.02,0.83,True,True,24.61,5.04,0.0,5,0.0,5,0.0,5,0.296,earnings,"2.02,7.01,9.01"
BAND,2026-02-19,NASDAQ,Technology Services,Packaged Software,2004.2,12.99,17.32,11.93,-4.59,14.66,0.04,5.61,1.13,2,4.92,-7.8,-9.2,1.0,-19.8,34.0,100,-0.79,-9.51,-2.82,5.97,1.12,11.75,-11.48,False,False,,,,,,,,,,earnings,"2.02,9.01"
BAND,2026-04-30,NASDAQ,Technology Services,Packaged Software,2004.2,24.2,27.91,52.11,18.91,19.45,0.99,9.22,2.74,1,6.54,73.0,42.8,0.65,20.5,0.0,70,44.92,52.9,56.94,68.31,109.89,110.37,21.63,True,True,36.81,16.12,3.257,18,3.791,28,3.695,57,2.762,earnings,"2.02,9.01"
PVLA,2025-12-15,NASDAQ,Health Technology,Biotechnology,2002.8,98.58,11.24,-9.74,-18.86,32.94,0.17,3.44,0.72,1,7.19,80.8,320.9,0.52,2.8,0.0,26,-11.72,-12.24,-0.54,-8.92,-3.98,4.59,-24.88,False,False,,,,,,,,,,other-8k,"7.01,8.01,9.01"
PVLA,2026-02-24,NASDAQ,Health Technology,Biotechnology,2002.8,87.84,28.64,37.08,6.56,17.15,0.61,4.64,1.05,3,7.98,-4.0,64.4,0.89,-1.5,0.0,100,13.81,19.49,16.38,25.76,2.86,33.79,-3.22,True,True,120.41,9.48,0.145,13,0.0,15,0.0,15,0.523,earnings,"2.02,7.01,8.01,9.01"
PVLA,2026-02-26,NASDAQ,Health Technology,Biotechnology,2002.8,128.6,9.08,15.35,5.75,10.35,0.8,4.04,1.03,3,8.44,31.2,139.2,0.81,8.5,0.0,88,-3.75,-6.25,-3.8,-2.62,-16.16,4.51,-22.04,False,True,148.34,7.64,-1.0,1,-1.0,1,-1.0,1,-1.0,agreement,"1.01,9.01"
STGW,2025-11-06,NASDAQ,Commercial Services,Miscellaneous Commercial Services,1999.8,4.81,39.09,16.84,-15.99,23.7,0.04,66.43,10.58,2,4.34,-10.8,-3.8,1.0,-18.2,8.1,100,-27.95,-24.96,-27.65,-22.87,-14.2,-13.75,-30.34,False,False,,,,,,,,,,earnings,"2.02,9.01"
STGW,2026-03-10,NASDAQ,Commercial Services,Miscellaneous Commercial Services,1999.8,5.24,23.28,17.56,-4.64,14.09,0.51,3.74,0.09,2,6.08,-8.7,-5.2,0.81,-9.9,3.4,100,-3.56,-4.33,-6.04,-4.49,1.08,1.55,-11.76,False,False,,,,,,,,,,earnings,"2.02,7.01,9.01"
AGIO,2026-03-31,NASDAQ,Health Technology,Pharmaceuticals: Major,1988.1,29.61,13.88,14.25,0.33,7.96,0.06,4.5,0.2,9,3.79,9.0,-24.6,1.0,-26.7,33.3,100,1.39,3.2,0.15,2.16,-16.81,7.24,-27.97,False,True,33.83,0.47,-1.0,2,-1.0,2,-1.0,2,-1.0,none,
MRVI,2025-08-12,NASDAQ,Health Technology,Biotechnology,1986.5,2.06,13.11,30.58,15.45,17.39,0.98,3.04,0.22,9,7.13,-2.8,-52.1,0.84,-72.7,69.8,100,18.03,12.02,7.73,3.86,11.59,19.74,-2.15,False,True,2.69,14.5,-0.769,7,-0.769,7,-0.769,7,-0.581,earnings,"2.02,2.05,5.02,9.01"
MRVI,2026-02-26,NASDAQ,Health Technology,Biotechnology,1986.5,3.26,9.82,9.2,-0.56,9.64,0.25,3.73,0.17,8,5.29,-11.4,34.7,0.97,-12.8,9.1,100,-0.56,3.07,2.79,-8.1,-13.69,9.22,-17.6,False,False,,,,,,,,,,earnings,"2.02,9.01"
MRVI,2026-05-08,NASDAQ,Health Technology,Biotechnology,1986.5,3.94,11.42,23.1,10.48,13.53,0.83,5.9,1.8,0,5.86,25.5,37.3,0.79,6.9,0.0,100,7.97,-0.46,-5.47,0.23,14.81,18.68,-8.88,False,True,4.85,10.1,-1.0,3,-1.0,3,-1.0,3,-0.993,earnings,"2.02,9.01"
MRVI,2026-08-19,NASDAQ,Health Technology,Biotechnology,1986.5,5.74,17.02,25.78,7.49,14.63,0.51,6.0,1.35,2,5.34,36.0,92.6,0.65,-9.7,6.0,91,23.42,25.5,32.5,9.87,8.23,40.24,-3.45,False,True,7.22,6.97,0.915,7,0.0,11,0.0,11,1.412,none,
SRPT,2025-07-29,NASDAQ,Health Technology,Pharmaceuticals: Major,1968.9,13.86,31.53,14.21,-13.17,16.36,0.02,4.83,0.86,3,11.86,-77.5,-88.1,0.41,-86.9,64.8,57,-8.12,-12.73,-8.12,3.13,0.16,21.17,-15.85,False,False,,,,,,,,,,none,
SRPT,2026-03-25,NASDAQ,Health Technology,Pharmaceuticals: Major,1968.9,17.61,12.21,34.98,20.29,21.25,0.98,7.39,0.22,38,5.18,-17.1,-1.8,0.79,-74.2,42.1,100,9.72,3.64,11.99,12.5,3.34,20.65,-6.98,False,True,23.77,17.25,-0.456,9,-0.573,17,-1.0,20,-0.571,none,
PENN,2025-11-06,NASDAQ,Consumer Services,Casinos/Gaming,1958.7,16.35,9.36,-10.4,-18.06,23.99,0.07,4.26,0.92,2,3.53,-3.6,6.9,1.0,-22.5,55.5,100,-18.68,-13.37,-17.23,-23.04,-22.71,-10.85,-25.95,False,False,,,,,,,,,,earnings,"1.01,2.02,7.01,8.01,9.01"
DRVN,2026-04-30,NASDAQ,Consumer Services,Other Consumer Services,1946.8,12.74,11.15,6.51,-4.17,8.68,0.44,3.51,0.44,1,4.42,-16.3,-16.7,0.56,-28.3,59.3,100,-0.92,-1.84,-2.9,-11.44,-2.26,1.98,-11.79,False,False,,,,,,,,,,none,
ZYME,2025-11-17,NASDAQ,Health Technology,Pharmaceuticals: Major,1945.1,18.52,29.6,29.05,-0.42,16.12,0.37,11.7,4.15,0,4.81,31.3,56.7,0.87,19.0,0.0,100,-4.22,-0.76,4.12,4.57,7.7,18.7,-8.8,False,False,,,,,,,,,,other-8k,"5.02,7.01,8.01,9.01"
SEDG,2025-05-06,NASDAQ,Producer Manufacturing,Electrical Products,1939.3,12.92,14.94,11.22,-3.23,9.21,0.11,4.21,0.46,6,10.71,-7.0,-24.3,0.67,-37.5,44.7,100,-0.54,33.6,22.22,39.06,17.64,52.19,-3.97,True,False,,,,,,,,,,earnings,"2.02,9.01"
SEDG,2026-02-04,NASDAQ,Producer Manufacturing,Electrical Products,1939.3,30.97,10.36,13.14,2.52,14.95,0.52,3.01,0.23,14,6.76,-5.8,18.6,0.9,-29.7,19.8,100,-2.63,7.67,6.29,2.28,3.1,30.0,-6.32,False,True,35.04,7.22,-1.0,1,-1.0,1,-1.0,1,-1.0,none,
SEDG,2026-02-18,NASDAQ,Producer Manufacturing,Electrical Products,1939.3,37.13,8.43,-5.47,-12.82,19.79,0.22,3.62,0.3,9,7.43,2.6,19.2,1.0,-17.2,3.2,100,-13.16,-2.19,5.44,-5.76,11.48,12.82,-21.76,False,False,,,,,,,,,,earnings,"2.02,9.01"
ZD,2026-03-03,NASDAQ,Technology Services,Internet Software/Services,1931.4,28.01,59.8,48.09,-7.33,22.96,0.04,12.94,2.61,1,7.13,-14.7,-26.7,0.9,2.8,0.0,100,-3.98,-5.45,-10.97,-5.41,-6.26,1.12,-13.54,False,False,,,,,,,,,,agreement,"1.01,8.01,9.01"
TH,2025-08-19,NASDAQ,Consumer Services,Hotels/Resorts/Cruise lines,1920.7,8.05,10.19,6.83,-3.04,5.34,0.38,3.47,0.09,15,3.79,7.9,-17.8,1.0,-20.1,22.8,100,1.47,1.47,-0.39,-0.79,-3.04,3.95,-4.28,True,False,,,,,,,,,,none,
TH,2026-04-01,NASDAQ,Consumer Services,Hotels/Resorts/Cruise lines,1920.7,9.28,33.84,36.42,1.93,11.77,0.55,19.37,6.61,0,5.1,14.4,9.4,0.73,25.5,0.0,100,11.76,10.55,19.97,18.12,17.07,29.79,-0.48,True,True,12.66,6.08,2.532,14,1.987,19,5.299,69,2.151,other-8k,"7.01,9.01"
DHC,2025-05-06,NASDAQ,Finance,Real Estate Investment Trusts,1920.1,2.18,10.09,31.19,19.17,34.19,0.65,5.67,0.67,8,6.62,-17.1,-38.9,0.97,-43.4,70.0,100,21.67,25.83,27.08,36.25,34.17,40.0,16.67,True,True,2.86,18.18,0.288,12,1.327,41,1.077,55,0.295,earnings,"2.02,9.01"
QUBT,2025-05-16,NASDAQ,Technology Services,Information Technology Services,1914.9,9.24,13.96,39.29,22.22,26.32,0.97,8.33,0.4,34,8.34,16.2,569.6,0.65,-61.2,34.5,79,12.35,0.09,26.4,12.06,101.52,106.41,-1.52,True,True,12.87,20.28,-0.592,9,1.747,37,1.257,48,-0.692,filing-other,
QUBT,2025-06-11,NASDAQ,Technology Services,Information Technology Services,1914.9,15.13,13.02,25.38,10.94,25.81,0.55,4.75,0.57,16,13.1,179.2,90.8,0.54,-37.0,13.2,45,2.4,24.09,11.64,-1.81,1.93,27.95,-9.36,False,True,18.97,12.39,-1.0,2,-1.0,2,-1.0,2,-1.0,filing-other,
QUBT,2025-10-03,NASDAQ,Technology Services,Information Technology Services,1914.9,19.98,8.86,23.22,13.2,23.58,0.75,4.05,0.51,6,10.18,0.5,163.9,0.79,-19.9,4.7,88,1.89,-4.28,-12.57,-15.72,-23.17,9.77,-36.18,False,True,24.62,15.07,-1.0,3,-1.0,3,-1.0,3,-1.008,filing-other,
QUBT,2026-05-12,NASDAQ,Technology Services,Information Technology Services,1914.9,10.18,24.75,15.72,-7.24,27.99,0.16,9.67,1.07,22,8.22,13.6,-20.8,0.68,-50.9,62.0,100,-13.15,-17.28,-27.4,-10.08,-24.96,5.43,-28.62,False,False,,,,,,,,,,earnings,"2.02,9.01"
ALNT,2025-08-07,NASDAQ,Producer Manufacturing,Electrical Products,1906.0,40.11,16.83,5.44,-9.75,22.48,0.33,3.51,1.4,0,3.56,81.3,62.5,0.94,15.1,0.0,80,-10.37,-1.34,-6.1,-5.8,-2.82,2.82,-13.59,True,False,,,,,,,,,,filing-other,
PGNY,2026-05-08,NASDAQ,Commercial Services,Miscellaneous Commercial Services,1902.1,19.16,22.08,23.8,1.41,12.12,0.98,3.4,0.59,4,3.34,-12.7,1.5,0.83,-18.6,30.4,100,-3.59,0.51,-0.6,6.37,10.82,13.0,-4.92,True,True,23.72,10.66,0.554,16,2.785,54,1.733,62,0.342,earnings,"2.02,7.01"
ESTA,2025-11-05,NASDAQ,Health Technology,Medical Specialties,1898.4,49.4,9.13,22.49,12.24,19.14,0.83,6.34,0.59,7,5.77,37.4,48.5,0.76,-0.3,0.0,100,20.4,25.56,17.21,23.98,31.16,34.19,12.32,True,True,60.51,13.65,0.492,9,1.099,30,0.757,45,0.618,earnings,"2.02,9.01"
NCNO,2025-08-27,NASDAQ,Technology Services,Packaged Software,1898.0,28.69,10.98,13.94,2.67,9.84,0.6,5.77,0.41,6,3.27,7.1,-7.8,1.0,-26.3,32.3,100,0.82,-2.39,-4.37,-4.33,-11.59,5.03,-12.53,False,True,32.69,5.54,-1.0,3,-1.0,3,-1.0,3,-0.963,earnings,"2.02,9.01"
NCNO,2026-04-01,NASDAQ,Technology Services,Packaged Software,1898.0,14.98,22.63,10.61,-9.8,14.58,0.2,5.36,0.64,1,5.31,-42.5,-44.7,0.62,-45.8,83.2,100,-6.91,-1.91,-3.7,-0.49,-4.84,3.81,-13.52,False,False,,,,,,,,,,earnings,"1.01,2.02,7.01,9.01"
LMAT,2025-08-06,NASDAQ,Health Technology,Medical Specialties,1895.6,85.6,8.68,8.91,0.21,6.89,0.39,3.41,0.38,10,2.53,4.3,-12.2,1.0,-15.1,26.3,100,1.32,-0.44,2.28,3.96,4.34,8.53,-4.06,False,True,93.23,2.64,0.0,14,0.0,14,0.0,14,-0.083,earnings,"2.02,9.01"
LMAT,2026-02-26,NASDAQ,Health Technology,Medical Specialties,1895.6,91.38,11.62,24.41,11.46,13.16,0.88,9.04,1.13,5,2.67,8.4,-4.1,1.0,-3.4,1.0,100,6.06,5.74,4.07,4.45,8.17,11.37,0.89,True,True,113.69,10.35,-0.455,9,-0.601,21,0.0,34,-0.469,earnings,"2.02,9.01"
PRCH,2025-05-07,NASDAQ,Finance,Property/Casualty Insurance,1881.0,6.34,26.34,67.98,32.96,44.93,0.93,10.13,0.75,5,9.61,40.0,186.9,0.56,-5.6,0.0,64,35.83,32.21,34.71,18.73,16.48,52.31,10.49,True,True,10.65,29.58,-0.175,9,-0.387,15,1.651,105,-0.123,earnings,"2.02,7.01,9.01"
PRCH,2025-08-06,NASDAQ,Finance,Property/Casualty Insurance,1881.0,13.16,16.26,21.88,4.84,15.79,0.43,3.47,0.22,6,5.87,107.6,183.6,0.73,6.7,0.0,39,-2.68,-2.68,4.9,0.13,17.32,18.43,-7.65,False,True,16.04,6.42,-1.0,1,-1.0,1,-1.0,1,-1.0,earnings,"2.02,7.01,9.01"
PRCH,2026-02-12,NASDAQ,Finance,Property/Casualty Insurance,1881.0,7.59,23.39,12.52,-8.81,18.76,0.21,3.22,0.16,2,6.75,-26.8,-52.7,0.89,-51.8,59.5,100,-10.73,-5.71,-14.04,-12.33,-19.06,-3.26,-24.4,False,False,,,,,,,,,,earnings,"2.02,7.01,9.01"
PRCH,2026-04-29,NASDAQ,Finance,Property/Casualty Insurance,1881.0,8.59,17.58,17.93,0.3,9.39,0.25,4.86,0.29,3,6.64,6.4,-47.7,0.97,-48.0,57.3,100,-4.65,2.57,9.9,1.39,2.38,14.16,-11.58,False,True,10.13,2.27,-1.0,1,-1.0,1,-1.0,1,-1.0,earnings,"2.02,7.01,9.01"
FTRE,2025-05-12,NASDAQ,Commercial Services,Miscellaneous Commercial Services,1877.3,6.15,28.29,-15.61,-34.22,60.12,0.07,3.2,0.8,2,8.54,-59.2,-66.0,0.21,-68.8,70.3,56,-36.63,-39.8,-43.6,-47.4,-31.43,-25.54,-49.68,False,False,,,,,,,,,,earnings,"2.02,5.02,7.01,8.01,9.01"
FTRE,2025-11-05,NASDAQ,Commercial Services,Miscellaneous Commercial Services,1877.3,9.7,10.1,23.2,11.89,21.27,0.63,3.19,0.27,20,6.65,34.0,72.3,0.79,-57.8,23.4,100,3.18,4.68,6.18,-5.99,35.77,40.92,-10.11,False,True,11.95,11.88,-1.0,2,-1.0,2,-1.0,2,-1.0,earnings,"2.02,9.01"
FTRE,2026-05-05,NASDAQ,Commercial Services,Miscellaneous Commercial Services,1877.3,12.25,14.04,18.61,4.01,11.82,0.35,3.61,0.31,4,6.87,-24.6,17.1,0.84,-25.2,13.1,100,11.95,10.45,4.58,-1.86,11.88,15.96,-6.94,False,True,14.53,3.92,0.0,5,0.0,5,0.0,5,0.526,earnings,"2.02,9.01"
NVCR,2026-02-12,NASDAQ,Health Technology,Medical Specialties,1862.0,10.5,37.14,19.33,-12.99,24.62,0.17,11.76,1.84,6,5.06,-11.5,-9.6,0.9,-37.3,36.3,100,-23.68,-20.83,-21.11,-5.07,-16.25,7.36,-25.76,False,False,,,,,,,,,,other-8k,"7.01,9.01"
NVCR,2026-04-30,NASDAQ,Health Technology,Medical Specialties,1862.0,11.93,11.99,27.49,13.85,16.65,0.86,6.7,0.46,8,4.76,-3.6,-10.8,0.9,-33.4,36.2,100,24.4,18.86,25.97,35.1,27.54,41.62,14.87,True,True,15.21,12.56,1.178,12,0.932,18,0.0,23,0.902,earnings,"2.02,9.01"
NVCR,2026-07-23,NASDAQ,Health Technology,Medical Specialties,1862.0,15.57,15.61,28.39,11.06,14.17,0.78,5.62,0.54,7,5.22,19.6,14.8,0.87,-4.9,2.0,100,-1.94,-9.39,-15.39,-12.83,-1.28,19.17,-17.61,False,True,19.99,9.95,-1.0,1,-1.0,1,-1.0,1,-1.0,earnings,"2.02,9.01"
RUN,2025-05-13,NASDAQ,Electronic Technology,Semiconductors,1859.3,10.96,8.12,8.58,0.42,12.74,0.11,3.18,1.07,0,7.79,35.3,-5.5,0.76,-36.4,14.1,100,7.17,3.38,-2.62,-43.04,-26.58,9.96,-48.02,False,True,11.9,1.39,-1.0,1,-1.0,1,-1.0,1,-1.0,filing-other,
RUN,2026-06-24,NASDAQ,Electronic Technology,Semiconductors,1859.3,12.81,20.92,12.57,-6.91,17.04,0.03,6.57,0.7,2,6.45,0.5,-29.8,0.94,-31.0,42.5,100,-12.2,-12.98,-15.36,-19.56,-32.99,-2.84,-34.22,False,False,,,,,,,,,,none,
SPB,2025-11-13,NYSE,Consumer Durables,Electronics/Appliances,1854.1,53.24,10.88,9.71,-1.05,9.72,0.07,3.12,0.23,9,2.76,-5.9,-17.5,1.0,-38.9,50.0,100,-3.24,-8.0,-7.98,0.54,3.9,6.93,-9.86,False,False,,,,,,,,,,earnings,"2.02,9.01"
NGL,2025-08-08,NYSE,Industrial Services,Oil & Gas Pipelines,1847.3,4.0,11.75,12.5,0.67,6.64,1.0,3.57,0.87,6,3.69,22.7,-27.8,0.73,-22.0,40.4,100,3.8,8.72,10.51,9.62,31.54,33.11,-0.89,True,True,4.5,6.22,4.464,25,5.464,35,15.429,104,3.405,filing-other,
WKC,2026-04-24,NYSE,Distribution Services,Wholesale Distributors,1833.3,23.54,22.13,10.92,-9.18,19.39,0.24,4.3,0.85,6,2.39,-10.9,-8.0,0.95,-3.7,2.5,100,-8.7,-6.05,-5.74,-5.84,2.61,2.85,-10.89,True,False,,,,,,,,,,earnings,"2.02,9.01"
WKC,2026-07-24,NYSE,Distribution Services,Wholesale Distributors,1833.3,36.27,10.28,5.16,-4.65,8.97,0.1,3.71,1.17,1,2.64,54.1,36.6,0.83,5.6,0.0,98,-0.52,0.63,-0.35,-8.92,-10.12,2.12,-11.67,False,False,,,,,,,,,,earnings,"2.02,9.01"
PLAB,2025-12-10,NASDAQ,Electronic Technology,Electronic Production Equipment,1833.0,25.69,25.26,45.39,16.07,20.16,0.87,22.11,4.81,4,3.45,12.7,34.2,1.0,1.8,0.0,100,23.28,14.2,2.42,4.63,3.57,23.68,-2.11,False,True,37.35,14.99,0.0,2,0.0,2,0.0,2,0.0,earnings,"2.02,9.01"
PLAB,2026-08-26,NASDAQ,Electronic Technology,Electronic Production Equipment,1833.0,29.32,27.08,3.17,-18.81,26.96,0.05,9.39,0.54,10,3.92,-45.2,-32.7,0.98,-33.5,25.9,100,-18.79,-24.48,-25.2,-23.83,-19.99,-16.53,-27.72,False,False,,,,,,,,,,earnings,"2.02,9.01"
SEPN,2025-05-14,NASDAQ,Health Technology,Biotechnology,1826.5,6.73,60.77,50.97,-6.1,33.49,0.58,170.85,4.38,15,7.35,-40.5,-74.0,0.86,-62.7,44.8,100,-6.47,-7.86,-16.27,-8.87,-3.79,1.48,-18.11,True,False,,,,,,,,,,earnings,"1.01,2.02,7.01,9.01"
UA,2025-08-15,NYSE,Consumer Non-Durables,Apparel/Footwear,1821.6,4.76,12.39,5.25,-6.36,8.3,0.17,4.04,0.67,3,4.09,-23.2,-29.3,0.92,-49.6,84.2,100,-5.42,-5.98,-5.79,-8.04,-10.09,1.12,-11.78,False,False,,,,,,,,,,filing-other,
XERS,2025-08-07,NASDAQ,Health Technology,Biotechnology,1819.6,5.49,22.59,20.22,-1.93,16.23,0.51,4.97,1.05,4,4.72,22.5,49.6,1.0,10.9,0.0,100,1.63,8.47,8.47,12.78,16.64,19.32,-2.82,True,False,,,,,,,,,,earnings,2.02
WS,2025-06-26,NYSE,Non-Energy Minerals,Steel,1815.7,26.26,20.56,20.49,-0.06,11.4,0.76,4.17,0.36,3,3.63,0.4,-23.0,1.0,-32.9,32.1,100,1.17,-2.87,2.4,3.76,0.54,5.21,-6.89,True,False,,,,,,,,,,earnings,"2.02,5.02,8.01,9.01"
VERX,2026-05-07,NASDAQ,Technology Services,Packaged Software,1808.7,12.66,10.15,15.88,5.2,7.64,0.89,3.03,0.43,9,5.62,-15.3,-36.4,0.84,-67.1,77.6,100,7.06,-2.98,-11.22,-5.56,-5.63,7.57,-11.37,False,True,14.67,6.34,-1.0,3,-1.0,3,-1.0,3,-1.075,earnings,"2.02,9.01"
HYMC,2025-12-22,NASDAQ,Non-Energy Minerals,Precious Metals,1805.9,16.42,27.5,49.33,17.12,30.27,0.72,11.04,4.07,0,9.2,159.8,414.7,0.43,23.5,0.0,21,29.64,19.47,12.16,42.06,123.02,125.36,1.27,True,True,24.52,17.82,0.0,2,0.0,2,0.0,2,0.0,other-8k,"7.01,9.01"
VIR,2025-08-27,NASDAQ,Health Technology,Biotechnology,1802.1,4.44,12.16,17.79,5.02,20.0,0.39,6.89,0.19,4,4.93,-6.7,-51.7,0.87,-65.5,88.9,100,1.2,0.4,3.21,5.02,4.02,13.21,-4.62,False,True,5.23,7.27,0.0,5,0.0,5,-0.5,1,-0.202,none,
VIR,2026-02-24,NASDAQ,Health Technology,Biotechnology,1802.1,7.43,32.37,27.73,-3.51,14.97,0.4,18.03,3.11,2,6.33,33.6,62.2,0.79,-1.0,0.0,100,1.68,-7.57,-9.41,0.46,-12.86,11.24,-13.47,False,False,,,,,,,,,,earnings,"1.01,2.02,3.02,8.01,9.01"
GCT,2025-08-08,NASDAQ,Distribution Services,Wholesale Distributors,1800.2,22.15,14.03,30.52,14.46,16.57,0.98,6.92,0.96,12,4.38,49.6,11.4,0.75,-13.5,10.8,97,19.68,28.59,27.76,22.85,9.13,36.59,-0.43,True,True,28.91,14.01,0.0,2,0.0,2,0.0,2,0.0,earnings,"2.02,9.01"
GCT,2025-11-07,NASDAQ,Distribution Services,Wholesale Distributors,1800.2,25.46,9.15,30.05,19.14,20.74,0.97,5.3,0.74,13,4.87,-15.8,75.6,1.0,-19.4,20.2,100,21.52,15.58,9.46,25.51,41.85,46.08,3.63,True,True,33.11,16.75,-0.579,6,1.156,35,0.927,53,-0.446,earnings,2.02
GCT,2026-02-26,NASDAQ,Distribution Services,Wholesale Distributors,1800.2,35.31,20.6,33.05,10.32,14.97,0.96,5.35,0.61,11,5.21,1.4,33.0,1.0,-4.8,0.3,100,4.12,0.04,2.52,-2.69,2.2,12.72,-7.39,False,True,46.98,12.54,-1.0,2,-1.0,2,-1.0,2,-1.0,earnings,"2.02,9.01"
ATS,2025-05-27,NYSE,Producer Manufacturing,Industrial Machinery,1795.7,25.55,17.03,19.84,2.41,6.17,0.52,6.95,1.44,3,3.06,-12.8,-13.7,0.98,-9.7,25.2,100,1.64,-3.11,-0.54,3.04,3.98,5.38,-7.42,False,True,30.62,3.1,-1.0,2,-1.0,2,-1.0,2,-1.0,filing-other,
XPRO,2025-07-29,NYSE,Industrial Services,Oilfield Services/Equipment,1794.2,9.0,22.22,32.11,8.09,15.13,0.87,5.84,1.71,1,5.06,12.1,-34.6,1.0,-39.1,49.0,100,-1.09,-4.27,-1.55,-5.55,10.64,14.09,-10.82,False,True,11.89,11.61,-1.0,3,-1.0,3,-1.0,3,-0.995,none,
BLBD,2025-08-07,NASDAQ,Consumer Durables,Motor Vehicles,1785.3,44.14,17.27,18.51,1.05,9.28,0.28,5.78,0.99,5,2.91,17.0,23.5,1.0,5.3,0.0,100,6.91,9.13,9.03,5.63,13.65,16.78,0.99,True,True,52.31,2.56,2.172,9,2.933,26,1.104,39,2.488,earnings,"2.02,7.01,8.01,9.01"
BLBD,2026-05-07,NASDAQ,Consumer Durables,Motor Vehicles,1785.3,65.04,17.09,8.92,-6.98,15.24,0.01,5.16,0.56,3,3.45,17.1,28.1,1.0,15.2,0.0,100,-6.74,-8.96,-4.87,-14.88,-8.5,-3.16,-17.85,False,False,,,,,,,,,,earnings,"2.02,7.01,9.01"
NVAX,2025-05-08,NASDAQ,Health Technology,Biotechnology,1784.7,5.95,20.84,11.93,-7.37,15.74,0.18,5.55,1.14,2,9.24,-28.1,-34.8,0.79,-52.8,75.7,100,-16.83,-13.91,-12.52,1.39,3.62,22.11,-19.33,False,False,,,,,,,,,,earnings,2.02
NVAX,2025-05-19,NASDAQ,Health Technology,Biotechnology,1784.7,6.73,20.36,15.01,-4.44,23.31,0.37,9.55,2.28,2,8.22,-18.4,-13.4,0.7,-46.8,50.5,100,-5.19,-10.0,-8.89,-10.37,-19.88,1.73,-20.25,False,False,,,,,,,,,,other-8k,"7.01,8.01"
VSTS,2026-02-10,NYSE,Consumer Non-Durables,Apparel/Footwear,1778.9,7.32,22.81,16.12,-5.45,15.43,0.01,4.18,0.43,4,4.55,38.1,64.9,0.84,-35.3,14.8,100,-3.56,-14.35,-14.68,-14.91,-16.57,-1.11,-19.63,False,False,,,,,,,,,,earnings,"2.02,9.01"
VSTS,2026-05-12,NYSE,Consumer Non-Durables,Apparel/Footwear,1778.9,9.3,26.67,29.03,1.87,13.0,0.68,8.85,0.51,20,3.98,9.4,75.5,0.7,13.5,0.0,100,-4.5,3.99,0.51,1.61,10.53,14.77,-9.93,False,True,12.0,8.07,-1.0,1,-1.0,1,-1.0,1,-1.0,earnings,"2.02,9.01"
ACVA,2026-05-07,NYSE,Technology Services,Internet Software/Services,1772.8,5.22,18.28,24.52,5.28,12.79,0.74,4.77,0.43,8,5.73,-26.0,-41.7,0.78,-64.8,66.7,100,3.82,-5.41,-7.35,-4.44,-8.33,10.14,-10.27,False,True,6.5,8.62,-1.0,3,-1.0,3,-1.0,3,-1.06,earnings,"2.02,9.01"
ACVA,2026-08-11,NYSE,Technology Services,Internet Software/Services,1772.8,7.26,13.22,0.0,-11.68,23.99,0.37,8.27,0.83,3,5.37,19.2,-0.5,0.83,-42.4,26.4,100,-5.6,0.61,-7.18,-11.44,-10.34,1.64,-19.71,False,False,,,,,,,,,,earnings,"2.02,5.02,9.01"
MQ,2025-08-07,NASDAQ,Commercial Services,Miscellaneous Commercial Services,1770.7,22.72,13.47,20.25,5.97,7.55,0.98,3.56,0.23,4,2.53,38.9,47.2,0.94,7.2,0.0,100,1.16,-0.31,-4.11,-7.84,-4.58,9.23,-9.08,False,True,27.32,6.88,-1.0,2,-1.0,2,-1.0,2,-1.0,earnings,"2.02,9.01"
MQ,2025-11-06,NASDAQ,Commercial Services,Miscellaneous Commercial Services,1770.7,17.92,23.21,8.93,-11.59,15.56,0.08,3.16,0.16,12,3.63,-31.3,-0.2,0.73,-21.6,20.4,100,-16.12,-8.7,-10.14,-16.3,-15.58,-7.43,-19.57,False,False,,,,,,,,,,earnings,"2.02,9.01"
ASTH,2025-08-08,NASDAQ,Health Services,Services to the Health Industry,1758.5,21.46,11.84,30.85,17.0,24.78,0.72,5.45,1.72,2,4.7,-35.8,-39.7,0.95,-62.0,91.2,100,19.54,23.46,22.21,27.83,22.96,34.0,14.83,True,True,28.08,15.06,0.619,17,0.383,19,0.0,29,0.535,earnings,"2.02,9.01"
ASTH,2026-03-02,NASDAQ,Health Services,Services to the Health Industry,1758.5,20.33,18.25,29.46,9.48,10.63,0.91,4.51,1.32,3,6.11,-11.8,-35.1,0.67,-33.5,63.2,100,1.96,4.28,2.83,2.33,1.25,10.77,-5.32,False,True,26.32,8.85,-1.0,1,-1.0,1,-1.0,1,-1.0,earnings,"2.02,7.01,8.01,9.01"
PSNL,2025-11-10,NASDAQ,Health Services,Medical/Nursing Services,1746.2,6.93,10.25,24.53,12.96,29.38,0.44,5.14,0.66,1,10.07,51.6,35.9,0.33,-30.2,10.5,71,10.47,-0.52,-2.09,30.76,21.2,49.21,-6.94,False,True,8.63,11.47,-0.192,1,-0.192,1,-1.0,3,-0.192,other-8k,8.01
PSNL,2026-05-13,NASDAQ,Health Services,Medical/Nursing Services,1746.2,6.04,12.91,5.79,-6.3,16.52,0.04,3.05,0.58,2,7.98,-32.1,-30.0,0.59,-40.7,51.7,100,-1.61,-1.47,16.57,61.0,38.12,83.72,-7.92,False,False,,,,,,,,,,other-8k,"5.07,8.01"
ZBIO,2025-10-08,NASDAQ,Health Technology,Biotechnology,1744.1,20.85,12.76,24.22,10.17,39.06,0.91,3.8,0.28,3,10.66,72.7,208.0,0.62,-10.4,0.9,39,18.08,12.89,14.8,3.66,29.86,46.02,-9.57,True,True,25.9,26.18,-0.249,6,-0.296,12,1.268,59,-0.135,earnings,"1.01,2.02,3.02,7.01,8.01,9.01"
ZBIO,2025-10-27,NASDAQ,Health Technology,Biotechnology,1744.1,23.895,17.18,33.08,13.57,41.86,0.75,8.31,0.86,0,12.47,48.9,140.2,0.52,-5.8,0.0,54,7.82,6.71,11.89,15.96,36.61,37.5,-4.0,True,True,31.8,23.9,0.4,18,0.355,25,0.0,34,0.182,other-8k,"7.01,8.01,9.01"
ABSI,2025-05-14,NASDAQ,Health Technology,Biotechnology,1740.2,2.96,21.96,-1.69,-19.39,28.98,0.1,3.66,0.18,5,6.89,-40.7,-27.3,0.67,-43.0,40.2,100,-18.01,-23.27,-25.21,-24.1,-21.33,-9.14,-29.09,False,False,,,,,,,,,,earnings,"2.02,8.01,9.01"
ABSI,2025-06-20,NASDAQ,Health Technology,Biotechnology,1740.2,2.75,8.55,1.45,-6.53,9.78,0.11,3.33,0.17,6,6.01,-9.5,-28.2,0.92,-52.8,68.4,100,-7.54,-7.54,-12.23,-13.57,17.59,25.96,-16.58,False,False,,,,,,,,,,none,
ABSI,2026-06-24,NASDAQ,Health Technology,Biotechnology,1740.2,7.41,28.34,35.96,5.94,26.87,0.6,7.58,1.61,2,12.05,146.2,119.2,0.32,11.0,0.0,20,7.36,19.35,16.82,20.61,-15.14,26.76,-20.29,False,True,10.075,13.95,0.374,11,0.0,13,0.0,13,0.552,agreement,"1.01,8.01,9.01"
OCUL,2025-12-08,NASDAQ,Health Technology,Pharmaceuticals: Major,1728.4,12.58,15.9,28.06,10.49,12.76,0.82,6.84,1.25,4,5.21,-1.4,41.3,1.0,5.3,0.0,100,9.4,0.62,-2.81,-11.11,-21.12,11.87,-25.12,False,True,16.11,9.5,-1.0,3,-1.0,3,-1.0,3,-0.98,filing-other,
OCUL,2026-01-15,NASDAQ,Health Technology,Pharmaceuticals: Major,1728.4,11.07,13.19,1.9,-9.98,19.54,0.18,7.3,1.64,2,5.29,-7.2,-2.7,0.87,-23.8,17.5,100,-10.06,-8.86,-18.04,-27.06,-29.13,-4.71,-33.32,False,False,,,,,,,,,,none,
HAPN,2025-07-30,NASDAQ,Finance,Major Banks,1721.9,13.11,27.38,21.21,-4.85,15.7,0.42,6.3,0.91,2,3.11,19.1,-22.1,0.81,-10.9,7.4,100,-6.65,-3.89,-6.05,-5.57,0.66,1.29,-12.51,False,False,,,,,,,,,,earnings,"2.02,9.01"
HAPN,2025-10-23,NASDAQ,Finance,Major Banks,1721.9,16.52,14.41,10.47,-3.44,12.38,0.26,6.46,0.89,3,4.72,28.8,52.0,0.95,0.8,0.0,100,-2.49,-4.66,-10.9,-4.76,-16.88,2.59,-17.01,False,False,,,,,,,,,,earnings,"2.02,9.01"
GENI,2026-05-07,NYSE,Technology Services,Internet Software/Services,1713.0,4.4,12.73,8.64,-3.63,18.67,0.73,3.59,0.44,3,5.87,-28.9,-60.9,0.67,-63.9,87.6,95,-11.29,-10.28,-16.13,-1.41,19.56,31.85,-19.11,False,False,,,,,,,,,,filing-other,
HOS,2026-02-24,NYSE,Industrial Services,Oilfield Services/Equipment,1712.9,9.07,8.49,16.32,7.22,11.05,0.81,3.29,0.58,1,4.5,44.9,42.2,0.79,6.0,0.0,100,-2.44,-6.61,-6.4,-8.43,1.52,7.52,-12.8,False,True,10.55,8.25,-1.0,1,-1.0,1,-1.0,1,-1.0,earnings,"2.02,7.01,9.01"
FRNM,2025-12-05,NASDAQ,Health Technology,Medical Specialties,1710.6,10.7,10.37,14.02,3.3,10.46,0.36,887.05,25.05,17,0.04,1.4,0.8,1.0,9.5,0.0,100,9.57,7.28,3.39,7.54,14.99,18.12,-0.08,True,True,12.2,3.61,0.0,5,0.0,5,0.0,5,0.356,agreement,"1.01,3.02,7.01,9.01"
AMPL,2025-08-07,NASDAQ,Technology Services,Packaged Software,1703.8,12.22,13.01,3.11,-8.76,21.56,0.26,3.96,0.95,2,4.01,29.7,-0.7,0.98,-7.2,2.1,100,-16.51,-18.68,-17.74,-20.85,-17.23,-7.31,-23.32,False,False,,,,,,,,,,earnings,"2.02,9.01"
QURE,2025-04-17,NASDAQ,Health Technology,Biotechnology,1700.2,9.39,38.5,38.45,-0.04,12.92,0.28,11.3,0.23,3,10.84,-33.9,66.5,0.57,-32.2,64.5,100,2.19,10.65,9.03,13.57,5.34,24.57,-22.72,False,False,,,,,,,,,,filing-other,"5.02,9.01"
QURE,2025-09-24,NASDAQ,Health Technology,Biotechnology,1700.2,13.66,188.14,247.73,20.68,37.96,0.74,60.72,1.13,7,5.87,-4.7,-4.9,0.87,105.2,0.0,100,33.77,50.91,39.71,52.36,52.21,65.5,18.29,True,True,47.5,21.85,1.012,17,0.0,28,0.0,28,1.057,agreement,"1.01,2.03,7.01,8.01,9.01"
QURE,2026-03-09,NASDAQ,Health Technology,Biotechnology,1700.2,14.27,26.24,26.07,-0.14,13.54,0.9,3.65,0.22,6,13.48,-37.2,-20.5,0.84,-74.8,58.3,100,1.36,-5.97,-11.52,-11.63,-4.86,6.69,-21.34,False,False,,,,,,,,,,filing-other,
QURE,2026-06-17,NASDAQ,Health Technology,Biotechnology,1700.2,26.99,61.36,78.44,10.59,16.94,0.79,11.09,0.28,19,6.35,83.2,32.1,0.3,-39.1,24.0,43,6.29,12.61,12.74,-4.0,-7.58,15.89,-12.28,False,True,48.16,11.75,-0.528,9,-1.0,10,-1.0,10,-0.3,other-8k,"8.01,9.01"
IE,2025-04-15,AMEX,Non-Energy Minerals,Other Metals/Minerals,1698.0,5.05,13.86,28.32,12.7,16.51,0.89,4.13,1.58,0,9.74,-26.1,-43.1,0.92,-50.5,84.1,100,11.65,5.39,10.43,9.57,18.26,22.61,1.39,True,True,6.48,12.81,-0.217,10,3.337,72,3.771,84,-0.313,none,
KMTS,2025-09-12,NASDAQ,Health Technology,Medical Specialties,1695.1,18.4,8.7,18.64,9.15,22.22,0.96,3.32,0.2,6,6.21,-1.9,-9.8,1.0,-23.5,40.4,100,13.4,18.65,24.7,21.65,10.0,38.55,9.1,True,True,21.83,17.54,0.598,9,0.433,19,0.825,49,0.564,earnings,"2.02,9.01"
GHRS,2026-01-05,NASDAQ,Health Technology,Pharmaceuticals: Major,1693.4,13.24,42.11,16.77,-17.84,26.67,0.12,21.32,0.54,7,5.55,1.1,-11.8,1.0,-8.2,0.4,100,-24.96,-17.36,-19.16,-16.29,-15.39,-3.43,-28.25,False,False,,,,,,,,,,filing-other,
GHRS,2026-04-20,NASDAQ,Health Technology,Pharmaceuticals: Major,1693.4,18.34,16.9,17.23,0.28,24.55,0.35,8.22,0.26,18,6.18,7.9,32.7,0.95,9.9,0.0,100,-3.68,-12.27,-8.61,1.17,1.12,10.75,-14.27,False,True,21.5,7.91,-1.0,2,-1.0,2,-1.0,2,-1.0,none,
GHRS,2026-07-16,NASDAQ,Health Technology,Pharmaceuticals: Major,1693.4,26.92,11.59,8.21,-3.03,10.41,0.36,6.04,0.27,10,6.64,58.4,69.9,0.73,3.7,0.0,84,-4.43,-5.63,-8.02,-5.53,-6.16,4.66,-12.38,False,False,,,,,,,,,,none,
ETON,2026-08-14,NASDAQ,Health Technology,Pharmaceuticals: Major,1691.8,40.8,34.63,44.26,7.15,12.79,0.86,4.5,1.81,0,6.27,36.2,143.0,0.57,9.5,0.0,69,12.38,11.92,15.55,8.83,4.9,20.83,2.15,True,True,58.86,9.94,0.0,10,0.0,10,0.0,10,0.149,earnings,"2.02,9.01"
NAT,2026-03-02,NYSE,Transportation,Marine Shipping,1689.8,5.73,10.65,4.01,-5.99,8.75,0.25,3.79,0.91,1,3.67,52.4,90.4,0.78,9.7,0.0,84,-8.83,-11.99,-11.2,-16.4,-9.94,-6.78,-22.56,False,False,,,,,,,,,,filing-other,
STOK,2025-07-22,NASDAQ,Health Technology,Biotechnology,1669.9,12.31,9.67,10.24,0.52,11.06,0.18,4.37,1.0,2,5.11,43.0,31.5,0.86,-8.3,2.2,100,5.7,-2.96,-7.41,-4.0,36.96,39.63,-9.26,False,True,13.57,1.92,0.0,2,0.0,2,0.0,2,0.0,none,
STOK,2025-08-13,NASDAQ,Health Technology,Biotechnology,1669.9,13.53,10.05,24.98,13.57,33.71,0.84,3.92,1.03,3,6.06,51.5,31.1,0.73,-0.7,0.0,94,15.31,24.31,29.75,29.62,60.38,61.18,4.1,True,True,16.91,22.12,1.602,26,3.511,56,2.457,57,1.211,earnings,"2.02,7.01,9.01"
ANIP,2025-08-08,NASDAQ,Health Technology,Biotechnology,1668.1,69.01,12.82,18.07,4.65,8.85,0.66,6.3,1.93,2,3.65,-3.5,14.7,1.0,1.1,0.0,100,9.02,13.97,12.34,16.89,22.27,24.02,4.6,True,True,81.48,5.51,3.091,27,3.085,31,1.851,44,2.6,earnings,"2.02,9.01"
CPRI,2025-08-06,NYSE,Retail Trade,Apparel/Footwear Retail,1666.1,18.2,13.19,14.51,1.17,9.64,0.65,3.8,0.23,8,4.21,17.6,-24.3,1.0,-52.5,45.4,100,0.83,-5.73,6.94,-2.18,5.63,7.67,-6.55,False,True,20.84,5.9,-1.0,1,-1.0,1,-1.0,1,-1.0,earnings,"2.02,5.07,8.01,9.01"
NYAX,2026-08-25,NASDAQ,Technology Services,Packaged Software,1665.1,46.18,13.21,12.36,-0.75,3.16,0.38,3.56,0.17,7,3.09,-34.7,-11.1,0.84,-32.0,66.3,100,3.33,-2.35,2.1,-5.95,-18.46,5.97,-18.99,False,False,,,,,,,,,,filing-other,
MGRT,2026-04-01,NASDAQ,Technology Services,Information Technology Services,1650.0,6.46,9.44,89.78,73.41,144.68,0.53,91.48,0.54,59,9.58,-19.9,38.3,0.62,-59.6,30.3,100,112.02,291.09,587.69,1388.83,1781.19,2304.53,43.14,True,True,12.26,43.63,22.572,20,22.012,28,13.221,40,16.007,none,
TMC,2025-04-14,NASDAQ,Non-Energy Minerals,Other Metals/Minerals,1649.8,1.95,23.08,45.13,17.92,33.49,0.94,10.56,1.83,6,11.41,82.2,89.3,0.87,-5.9,0.0,66,19.58,23.33,-1.67,36.67,23.75,58.33,-7.5,True,True,2.83,24.03,0.221,13,0.0,16,0.0,16,0.211,none,
TMC,2025-04-15,NASDAQ,Non-Energy Minerals,Other Metals/Minerals,1649.8,2.83,25.97,1.41,-19.5,35.74,0.26,10.83,1.37,4,12.84,169.5,174.8,0.87,24.2,0.0,47,-21.74,-31.56,-28.47,-11.92,-16.13,6.59,-37.73,False,False,,,,,,,,,,none,
TMC,2025-06-18,NASDAQ,Non-Energy Minerals,Other Metals/Minerals,1649.8,5.44,11.49,24.08,11.29,23.52,0.6,5.07,0.72,3,11.33,190.9,580.0,0.3,4.4,0.0,13,8.16,8.99,18.38,17.23,25.97,35.04,-3.87,False,True,6.75,12.44,-1.0,8,-1.0,8,-1.0,8,-0.722,agreement,"1.01,5.02,7.01,9.01"
TMC,2026-01-22,NASDAQ,Non-Energy Minerals,Other Metals/Minerals,1649.8,8.17,11.08,1.84,-8.32,21.23,0.02,4.37,0.54,5,8.39,4.6,7.1,0.76,-20.0,5.9,100,4.02,-11.29,-17.25,-37.74,-35.32,7.43,-38.51,False,False,,,,,,,,,,other-8k,"7.01,9.01"
LILAK,2025-08-07,NASDAQ,Communications,Major Telecommunications,1644.0,4.9728,8.06,9.15,1.01,11.65,0.35,4.36,0.67,2,4.4,31.7,13.0,0.78,-25.9,7.5,100,0.88,-3.67,-2.4,1.26,3.29,7.21,-5.06,False,True,5.428,3.88,-1.0,1,-1.0,1,-1.0,1,-1.0,earnings,"2.02,7.01,9.01"
ALHC,2025-04-08,NASDAQ,Health Services,Managed Health Care,1640.8,17.82,10.69,6.34,-3.93,14.52,0.21,3.32,0.64,1,5.13,57.4,63.2,0.76,4.0,0.0,90,-6.01,0.08,-1.5,-7.22,-21.32,1.95,-28.52,False,False,,,,,,,,,,none,
ALHC,2025-07-31,NASDAQ,Health Services,Managed Health Care,1640.8,13.0,15.38,6.0,-8.13,20.39,0.11,4.43,0.98,3,4.63,-26.6,-15.1,0.9,-28.8,41.7,100,-13.53,-10.6,-7.6,-1.2,8.8,10.1,-13.93,False,False,,,,,,,,,,earnings,"2.02,9.01"
ALHC,2026-04-07,NASDAQ,Health Services,Managed Health Care,1640.8,18.67,8.52,16.01,6.91,10.65,0.69,4.68,0.93,2,4.17,-11.1,12.3,0.87,-15.1,12.5,100,5.18,1.18,5.03,6.42,-9.67,12.24,-12.34,False,True,21.66,6.83,-0.439,11,-1.0,18,-1.0,18,-0.554,filing-other,
NEXA,2025-11-12,NYSE,Non-Energy Minerals,Other Metals/Minerals,1639.6,5.61,8.73,9.63,0.82,8.4,0.4,7.44,0.2,0,5.0,15.0,5.1,0.98,-36.5,48.2,100,4.1,-2.13,7.38,10.66,34.26,38.36,-2.46,True,True,6.15,3.25,-1.0,4,-1.0,4,-1.0,4,-0.967,none,
NEXA,2026-04-16,NYSE,Non-Energy Minerals,Other Metals/Minerals,1639.6,14.65,12.32,1.5,-9.63,13.77,0.16,5.47,0.51,1,6.61,23.9,156.1,0.79,10.1,0.0,88,-2.77,-7.99,-10.12,-8.17,-4.53,2.64,-24.34,False,False,,,,,,,,,,none,
SNDX,2025-08-05,NASDAQ,Health Technology,Biotechnology,1628.3,10.38,19.56,21.1,1.29,9.07,0.61,4.68,1.09,2,6.13,-23.5,-27.6,0.97,-44.8,61.5,100,3.87,0.56,4.51,24.05,29.98,38.92,-2.5,True,True,12.57,5.25,5.091,24,4.788,25,3.985,48,3.349,earnings,"2.02,9.01"
AI,2025-05-29,NYSE,Technology Services,Packaged Software,1626.3,23.02,15.51,20.76,4.55,15.38,0.39,14.23,1.08,13,4.0,-3.6,-38.5,0.98,-41.0,60.1,100,0.0,-3.46,-4.7,-8.39,-8.84,5.6,-13.95,False,True,27.8,5.72,-1.0,1,-1.0,1,-1.0,1,-1.0,earnings,"2.02,9.01"
AI,2026-01-28,NYSE,Technology Services,Packaged Software,1626.3,12.6,11.83,4.21,-6.81,10.85,0.23,3.67,0.29,8,3.98,-31.4,-48.5,0.9,-60.8,90.1,100,-12.99,-22.5,-21.15,-23.07,-40.38,-9.08,-45.14,False,False,,,,,,,,,,none,
TSHA,2025-05-29,NASDAQ,Health Technology,Biotechnology,1625.9,2.44,16.8,12.7,-3.51,10.9,0.31,6.24,0.87,3,12.88,53.5,-1.2,0.49,-13.9,8.0,78,-4.91,-2.46,1.05,-7.02,-16.49,8.07,-19.65,False,False,,,,,,,,,,agreement,"1.01,7.01,8.01,9.01"
TSHA,2025-10-02,NASDAQ,Health Technology,Biotechnology,1625.9,3.18,26.89,53.46,20.94,23.62,0.96,30.03,4.86,4,6.52,29.8,140.9,0.94,18.7,0.0,96,17.97,16.98,23.92,25.9,21.69,36.51,7.06,True,True,4.88,18.44,0.0,10,0.0,10,0.0,10,-0.059,other-8k,"8.01,9.01"
PRGS,2026-01-21,NASDAQ,Technology Services,Packaged Software,1617.6,38.6,8.94,10.62,1.55,12.37,0.13,6.21,0.66,10,3.14,-14.3,-21.1,1.0,-35.8,90.0,100,1.66,2.0,-1.52,-3.14,-13.39,5.9,-17.79,False,True,42.7,1.52,-1.0,4,-1.0,4,-1.0,4,-0.569,earnings,"2.02,7.01,9.01"
DSGR,2026-03-16,NASDAQ,Distribution Services,Wholesale Distributors,1616.6,19.31,34.59,35.01,0.31,6.56,0.96,9.59,2.97,1,4.75,-33.7,-37.9,0.89,-23.1,83.6,100,-3.19,3.62,-0.23,-1.15,4.58,7.73,-3.96,True,True,26.07,5.91,-0.032,9,-0.591,1,-0.591,1,0.165,filing-other,
DSGR,2026-07-16,NASDAQ,Distribution Services,Wholesale Distributors,1616.6,27.48,26.31,25.29,-0.81,1.28,0.09,40.56,1.85,14,2.45,2.7,-9.5,1.0,2.7,0.0,100,-0.61,-0.55,-0.61,-0.43,0.43,1.01,-0.84,True,False,,,,,,,,,,agreement,"1.01,2.03,7.01,9.01"
EVTC,2025-07-31,NYSE,Commercial Services,Miscellaneous Commercial Services,1615.7,32.77,9.06,10.31,1.15,5.54,0.69,3.47,0.84,3,2.26,-3.4,1.8,1.0,-7.3,34.0,100,-2.77,-3.22,-0.7,3.53,1.09,5.51,-4.34,False,True,36.15,3.68,-1.0,1,-1.0,1,-1.0,1,-1.0,earnings,"2.02,8.01,9.01"
GIC,2025-07-30,NYSE,Retail Trade,Internet Retail,1614.7,27.11,8.67,26.82,16.7,21.35,0.98,6.77,0.91,9,2.04,22.2,5.7,0.98,-15.9,8.2,100,15.61,17.18,16.26,22.64,28.21,28.21,10.32,True,True,34.38,17.31,0.528,28,0.439,31,0.163,47,0.36,earnings,"2.02,7.01,9.01"
LCID,2025-07-17,NASDAQ,Consumer Durables,Motor Vehicles,1603.9,22.9,31.0,36.24,4.0,19.08,0.54,7.01,3.59,0,4.82,-6.1,-22.6,0.89,-18.3,13.0,100,1.33,4.33,-0.33,-18.0,-25.0,10.33,-29.0,False,True,31.2,9.29,-1.0,2,-1.0,2,-1.0,2,-1.0,agreement,"1.01,3.02,8.01,9.01"
ATEC,2025-08-01,NASDAQ,Health Technology,Medical Specialties,1601.7,10.58,13.23,30.15,14.94,19.13,0.95,8.21,0.78,5,4.19,-4.3,-10.0,1.0,-8.8,14.1,100,24.12,26.88,24.96,31.05,32.72,37.48,15.28,True,True,13.77,15.32,1.009,20,0.905,21,0.365,41,0.899,earnings,"2.02,9.01"
ATEC,2025-10-31,NASDAQ,Health Technology,Medical Specialties,1601.7,16.33,22.66,16.29,-5.19,7.81,0.21,5.77,0.69,3,4.11,9.8,36.1,0.98,16.8,0.0,100,-3.69,-1.55,-1.15,-1.45,9.64,13.13,-10.73,False,False,,,,,,,,,,earnings,"2.02,9.01"
RAPP,2025-09-08,NASDAQ,Health Technology,Biotechnology,1584.2,14.36,167.55,119.15,-18.09,56.25,0.29,68.72,9.34,3,10.0,13.4,67.2,0.68,29.2,0.0,100,-27.04,-39.61,-35.63,-32.04,-27.8,-14.11,-42.58,False,False,,,,,,,,,,equity-sale,"7.01,8.01,9.01"
WWW,2026-05-14,NYSE,Consumer Non-Durables,Apparel/Footwear,1579.0,15.53,8.69,-2.0,-9.83,21.57,0.4,3.13,0.31,11,4.11,-12.4,-1.4,0.98,-48.5,78.0,100,-9.06,-12.91,-4.21,3.97,6.75,10.96,-14.87,True,False,,,,,,,,,,earnings,"2.02,5.07,9.01"
AMBQ,2026-05-12,NYSE,Electronic Technology,Semiconductors,1567.4,45.67,16.36,45.33,24.9,25.31,0.98,8.01,0.55,2,6.25,55.5,67.5,0.67,2.7,0.0,84,34.16,32.8,33.87,51.62,41.36,61.4,18.2,True,True,66.37,19.93,0.0,5,0.0,5,0.0,5,0.106,earnings,"2.02,9.01"
OMCL,2026-04-28,NASDAQ,Technology Services,Information Technology Services,1565.0,37.63,19.93,20.94,0.84,8.87,0.64,4.71,0.77,3,4.21,-24.7,21.0,0.89,-17.9,13.0,100,-4.5,-5.16,-3.48,-3.17,-4.45,2.81,-8.89,False,True,45.51,5.36,-1.0,1,-1.0,1,-1.0,1,-1.0,earnings,"2.02,9.01"
ATEX,2025-11-13,NASDAQ,Communications,Wireless Telecommunications,1550.0,18.35,8.66,13.68,4.61,12.92,0.79,3.21,0.66,3,3.73,-17.9,-36.3,0.94,-53.5,93.9,100,13.69,8.78,0.6,3.11,15.35,16.79,-2.36,True,True,20.86,9.25,0.0,3,0.0,3,0.0,3,0.143,earnings,"2.02,7.01,9.01"
KRSA,2025-09-24,NASDAQ,Health Technology,Biotechnology,1548.4,21.14,17.55,7.62,-8.45,24.5,0.31,71.61,0.1,5,10.81,1.6,11.0,0.67,-62.5,81.2,100,-23.1,-34.08,-33.24,-29.01,-41.41,-20.28,-41.97,False,False,,,,,,,,,,agreement,"1.01,7.01,9.01"
KRSA,2026-01-06,NASDAQ,Health Technology,Biotechnology,1548.4,9.66,57.25,41.3,-10.14,22.58,0.21,163.28,0.87,5,7.55,-42.3,-56.1,0.59,-65.3,80.7,100,-17.05,-23.96,-29.49,-37.79,-42.86,-7.83,-42.86,False,False,,,,,,,,,,agreement,"1.01,7.01,9.01"
KRSA,2026-04-01,NASDAQ,Health Technology,Biotechnology,1548.4,10.85,249.68,311.61,17.71,57.91,0.32,7019.3,3.67,29,8.12,31.4,-32.6,0.79,43.0,0.0,100,13.47,-35.79,-41.7,-45.02,-38.93,24.54,-48.52,False,True,44.66,15.83,-1.0,1,-1.0,1,-1.0,1,-1.0,agreement,"1.01,5.01,5.02,7.01,9.01"
INBX,2025-10-23,NASDAQ,Health Technology,Biotechnology,1542.9,31.52,11.07,-10.03,-18.99,28.94,0.02,10.44,3.22,1,7.72,36.6,163.1,0.49,-10.8,2.8,64,63.64,95.63,124.25,131.33,128.05,147.47,31.42,True,False,,,,,,,,,,other-8k,"7.01,8.01,9.01"
INBX,2025-10-24,NASDAQ,Health Technology,Biotechnology,1542.9,28.36,73.24,102.01,16.61,30.84,0.79,29.97,3.81,1,8.71,15.4,131.3,0.51,25.1,0.0,72,19.78,56.83,66.21,64.24,70.83,76.35,8.67,True,True,57.29,19.69,1.925,11,2.209,33,1.574,47,1.867,other-8k,"7.01,8.01,9.01"
INBX,2026-04-22,NASDAQ,Health Technology,Biotechnology,1542.9,84.08,75.43,36.88,-21.97,55.29,0.27,10.78,0.45,5,7.75,12.0,120.0,0.89,56.0,0.0,99,-18.69,-10.88,-15.38,-3.84,-25.42,2.36,-32.75,False,False,,,,,,,,,,other-8k,"7.01,8.01,9.01"
UROY,2025-05-23,NASDAQ,Non-Energy Minerals,Other Metals/Minerals,1539.0,1.95,8.21,19.49,10.43,14.56,0.9,3.68,1.3,0,4.58,-6.7,-29.6,0.94,-32.4,52.7,100,10.9,6.64,2.84,13.27,11.37,22.75,0.95,True,True,2.33,11.59,-0.407,11,0.0,18,0.0,18,-0.37,none,
UROY,2025-10-16,NASDAQ,Non-Energy Minerals,Other Metals/Minerals,1539.0,4.75,13.05,-4.63,-15.64,19.6,0.05,5.56,0.91,2,7.3,81.3,169.9,0.49,10.3,0.0,25,-24.58,-29.24,-25.51,-8.75,-31.1,-6.52,-36.13,False,False,,,,,,,,,,none,
SAFT,2026-07-24,NASDAQ,Finance,Property/Casualty Insurance,1521.3,72.94,41.23,41.49,0.18,0.53,0.6,12.51,3.96,1,2.29,-4.2,-4.0,1.0,26.4,0.0,100,-0.01,0.09,0.37,0.48,0.56,0.72,-0.11,True,True,103.2,0.32,0.455,15,-0.121,27,,,0.202,agreement,"1.01,7.01,9.01"
ANAB,2025-09-30,NASDAQ,Health Technology,Biotechnology,1505.8,15.5133,10.27,31.59,19.33,30.0,0.75,7.36,0.27,6,7.49,2.7,25.2,0.78,-29.8,8.4,100,24.59,20.58,16.41,24.12,40.92,44.19,14.89,True,True,20.4133,18.35,0.733,25,0.0,29,0.0,29,0.508,other-8k,"7.01,8.01,9.01"
AZTA,2025-11-21,NASDAQ,Health Services,Medical/Nursing Services,1501.8,30.0,13.33,16.3,2.62,11.82,0.89,3.69,0.17,8,3.79,-2.5,11.1,1.0,-38.9,37.4,100,7.94,6.68,2.53,3.09,2.03,12.41,-0.44,True,True,34.89,9.54,0.0,5,0.0,5,0.0,5,0.138,earnings,"2.02,9.01"
MAZE,2025-09-11,NASDAQ,Health Technology,Pharmaceuticals: Major,1500.9,16.02,31.71,54.81,17.54,27.5,0.87,17.04,2.32,4,8.18,25.4,41.8,0.71,10.0,0.0,100,10.4,11.18,11.28,24.88,36.3,40.57,4.31,True,True,24.8,19.35,0.0,13,0.0,13,0.0,13,-0.093,agreement,"1.01,3.02,7.01,9.01"
ENR,2025-08-04,NYSE,Consumer Non-Durables,Household/Personal Care,1494.3,22.14,23.44,26.69,2.63,6.9,0.69,3.59,1.67,0,3.28,-16.3,-34.9,0.97,-30.8,46.9,100,9.26,6.33,2.09,0.44,3.59,10.79,-1.61,True,True,28.05,4.56,0.0,5,0.0,5,0.0,5,0.263,earnings,"2.02,9.01"
WOLF,2026-05-13,NYSE,Electronic Technology,Semiconductors,1488.9,53.72,24.03,16.53,-6.05,25.84,0.26,6.37,0.71,2,15.47,197.9,200.4,0.44,23.4,0.0,22,5.0,-10.93,-12.02,-2.37,-31.65,21.3,-36.69,False,False,,,,,,,,,,filing-other,
WBTN,2025-08-13,NASDAQ,Technology Services,Internet Software/Services,1488.8,9.36,36.22,81.2,33.02,44.99,0.74,58.96,11.13,7,4.15,-5.0,-12.3,0.98,-13.2,12.6,100,28.94,20.0,18.04,19.06,10.12,37.96,8.47,True,True,16.96,24.97,-0.576,8,-0.692,19,0.0,40,-0.515,earnings,"2.02,9.01"
WBTN,2025-09-16,NASDAQ,Technology Services,Internet Software/Services,1488.8,14.96,32.09,39.04,5.26,15.18,0.81,7.31,0.58,2,6.14,70.6,66.0,0.63,7.1,0.0,69,6.28,7.84,4.76,-1.77,-11.89,13.71,-17.61,False,True,20.8,11.01,-0.594,8,-1.0,11,-1.0,11,-0.322,other-8k,"7.01,9.01"
GLOB,2026-05-15,NYSE,Technology Services,Information Technology Services,1465.5,34.08,9.89,14.17,3.9,9.0,0.54,4.34,0.59,0,5.47,-31.0,-44.8,0.92,-73.4,97.2,100,6.41,11.59,7.16,18.66,-1.55,19.2,-6.94,False,True,38.91,4.6,0.0,6,0.525,1,0.525,1,0.536,filing-other,
CRSR,2025-08-08,NASDAQ,Technology Services,Packaged Software,1456.1,8.86,10.5,1.92,-7.76,18.41,0.21,3.93,0.34,17,3.62,18.8,-7.8,0.97,-24.8,23.6,100,-7.76,-4.49,-10.73,-9.19,-9.09,-3.58,-17.36,False,False,,,,,,,,,,earnings,"2.02,9.01"
CRSR,2026-02-13,NASDAQ,Technology Services,Packaged Software,1456.1,4.58,41.48,48.25,4.78,19.44,0.29,35.47,5.87,1,5.41,-30.1,-48.4,0.89,-50.2,66.6,100,-14.27,-13.89,-16.67,-10.8,-18.52,4.01,-19.91,False,True,6.79,5.3,-1.0,1,-1.0,1,-1.0,1,-1.0,earnings,"2.02,9.01"
CRSR,2026-05-27,NASDAQ,Technology Services,Packaged Software,1456.1,8.09,8.41,21.38,11.97,17.86,0.95,8.31,0.23,4,5.79,42.2,46.0,0.84,-14.8,13.2,100,36.26,30.9,19.44,-1.6,0.34,49.37,-8.21,False,True,9.82,14.46,0.0,6,0.0,6,0.0,6,0.39,none,
CRSR,2026-05-28,NASDAQ,Technology Services,Packaged Software,1456.1,9.82,12.93,21.69,7.75,23.82,0.54,16.29,0.56,4,6.56,70.2,61.5,0.81,7.8,0.0,82,9.47,3.97,-10.55,-19.3,-22.36,15.28,-27.41,False,True,11.95,11.46,-1.0,2,-1.0,2,-1.0,2,-1.0,none,
CRSR,2026-08-07,NASDAQ,Technology Services,Packaged Software,1456.1,10.61,19.53,35.25,13.15,23.77,0.92,5.83,0.2,7,5.98,49.6,123.8,0.7,-3.2,0.0,69,8.11,1.88,2.43,-13.81,0.3,18.1,-15.42,False,True,14.35,17.91,-0.821,6,-1.0,8,-1.0,8,-0.733,earnings,"2.02,9.01"
PGY,2025-05-07,NASDAQ,Technology Services,Packaged Software,1449.1,11.49,9.4,-2.09,-10.5,20.69,0.26,3.59,0.41,8,7.04,10.0,-1.6,0.71,-34.5,22.9,100,10.34,22.12,19.81,11.77,33.25,41.85,-5.73,True,False,,,,,,,,,,earnings,"2.02,7.01,9.01"
PGY,2025-07-17,NASDAQ,Technology Services,Packaged Software,1449.1,23.53,10.5,25.37,13.46,15.49,0.91,4.16,0.65,5,5.76,135.5,175.5,0.44,7.9,0.0,22,19.69,21.77,23.85,15.58,28.92,59.54,6.35,True,True,29.5,12.38,0.0,8,0.0,8,0.0,8,0.197,earnings,"2.02,8.01,9.01"
PGY,2026-05-07,NASDAQ,Technology Services,Packaged Software,1449.1,14.83,13.96,4.52,-8.28,13.62,0.2,3.94,0.53,5,5.43,-10.9,-41.1,0.79,-62.4,68.9,100,-10.12,-19.94,-19.53,-22.6,-13.85,-3.73,-28.11,False,False,,,,,,,,,,earnings,"2.02,5.02,7.01,9.01"
FLNC,2026-05-07,NASDAQ,Producer Manufacturing,Electrical Products,1443.5,13.56,41.63,39.9,-1.22,24.37,0.67,9.97,2.32,5,7.5,-28.4,-29.3,0.73,-42.7,25.7,100,25.8,10.8,9.03,5.13,19.29,56.05,-10.27,True,False,,,,,,,,,,earnings,"2.02,9.01"
FLNC,2026-05-08,NASDAQ,Producer Manufacturing,Electrical Products,1443.5,18.97,25.33,27.36,1.62,14.71,0.18,6.84,0.9,3,8.44,-2.4,-8.4,0.73,-29.1,7.8,100,6.12,-7.05,-12.64,-9.61,1.24,26.06,-27.52,False,True,24.16,2.65,-1.0,1,-1.0,1,-1.0,1,-1.0,none,
FLNC,2026-06-01,NASDAQ,Producer Manufacturing,Electrical Products,1443.5,18.88,24.05,43.8,15.93,24.25,0.69,4.01,1.0,2,12.01,24.9,-0.6,0.62,-30.1,11.4,100,19.17,15.93,2.78,3.25,-15.12,27.97,-24.0,False,True,27.15,14.39,-1.0,4,-1.0,4,-1.0,4,-0.667,none,
PAHC,2025-08-28,NASDAQ,Health Technology,Pharmaceuticals: Major,1439.3,32.2,17.73,19.44,1.45,14.67,0.93,4.0,1.19,2,3.78,30.6,45.6,0.95,15.1,0.0,100,-2.22,0.75,4.06,4.51,2.37,9.65,-8.6,True,True,38.46,11.95,0.233,11,0.0,13,0.0,13,0.136,earnings,"2.02,9.01"
NUTX,2025-05-14,NASDAQ,Health Services,Medical/Nursing Services,1438.8,125.93,21.5,26.1,3.79,27.26,0.4,3.21,1.54,0,10.98,116.0,299.0,0.27,0.3,0.0,11,13.57,15.17,10.46,8.12,-18.35,20.44,-28.48,False,True,158.8,9.94,0.0,6,0.0,6,0.0,6,0.368,earnings,"2.02,9.01"
NUTX,2025-11-20,NASDAQ,Health Services,Medical/Nursing Services,1438.8,112.19,11.42,26.87,13.87,26.4,0.53,4.58,0.37,9,8.59,21.4,-30.7,0.68,-32.2,18.2,100,9.54,-4.63,-7.91,28.76,37.54,54.4,-14.33,False,True,142.34,12.18,-1.0,3,-1.0,3,-1.0,3,-1.111,earnings,"2.02,9.01"
HCSG,2025-04-23,NASDAQ,Commercial Services,Miscellaneous Commercial Services,1434.4,9.41,17.96,29.54,9.82,12.34,0.99,6.02,1.9,1,3.4,-17.7,-11.4,1.0,-14.5,40.1,100,21.8,24.23,28.02,29.01,30.63,34.23,8.47,True,True,12.19,10.91,1.564,12,1.571,21,1.226,53,1.444,earnings,"2.02,9.01"
HCSG,2026-04-22,NASDAQ,Commercial Services,Miscellaneous Commercial Services,1434.4,19.35,24.03,18.29,-4.63,11.52,0.4,3.82,0.68,4,3.34,1.8,17.6,0.98,4.4,0.0,100,-10.17,-9.58,-11.13,-8.04,-13.25,-3.71,-14.25,False,False,,,,,,,,,,earnings,"2.02,9.01"
ELE,2025-09-08,NASDAQ,Energy Minerals,Oil & Gas Production,1430.9,15.6,9.62,7.05,-2.34,11.25,0.39,13.57,2.22,3,3.86,49.6,81.4,0.89,6.9,0.0,97,-5.91,-3.51,-3.51,-3.16,4.97,8.07,-14.39,False,False,,,,,,,,,,none,
SCL,2026-07-29,NYSE,Process Industries,Chemicals: Specialty,1413.7,58.01,8.1,14.01,5.47,8.85,0.95,3.17,0.45,3,3.26,17.6,3.3,1.0,-7.8,4.5,100,3.76,1.12,2.47,3.56,-0.06,6.44,-2.73,True,True,66.14,7.79,-0.276,13,-0.487,17,-1.0,24,-0.361,earnings,"2.02,2.05,5.02,8.01,9.01"
AMSC,2025-07-31,NASDAQ,Producer Manufacturing,Electrical Products,1413.1,43.94,8.78,29.38,18.93,21.3,0.9,5.03,0.81,4,4.89,121.4,68.4,0.33,6.6,0.0,42,12.45,16.36,13.6,9.12,12.64,22.22,-2.8,False,True,56.85,16.09,-0.64,6,-0.878,13,-1.0,14,-0.471,earnings,"2.02,9.01"
AMSC,2026-02-05,NASDAQ,Producer Manufacturing,Electrical Products,1413.1,27.61,15.03,-6.01,-18.29,28.07,0.15,4.2,0.54,5,5.69,-51.0,-49.7,0.92,-54.9,57.8,100,-11.3,0.38,0.6,7.18,-12.78,19.96,-20.4,True,False,,,,,,,,,,earnings,"2.02,9.01"
CERT,2025-04-11,NASDAQ,Technology Services,Packaged Software,1412.5,10.51,12.65,22.84,9.04,15.21,0.84,5.81,2.61,0,7.01,-0.9,-7.3,0.65,-24.5,26.2,100,21.62,14.27,22.21,15.96,2.45,29.9,-5.28,False,True,12.91,11.39,0.558,10,0.0,14,0.0,14,0.513,none,
CERT,2025-04-14,NASDAQ,Technology Services,Packaged Software,1412.5,12.91,9.33,11.54,2.02,9.16,0.93,3.18,0.63,1,7.53,17.7,11.5,0.65,-10.0,2.2,100,-1.66,0.25,2.37,-1.59,-13.99,8.96,-20.55,False,True,14.4,7.85,-0.593,9,-1.0,12,-1.0,12,-0.469,earnings,"1.01,2.02,9.01"
TRS,2025-07-29,NASDAQ,Process Industries,Containers/Packaging,1409.8,31.48,15.85,10.77,-4.39,9.11,0.38,3.8,0.58,5,2.49,50.0,25.3,0.92,14.8,0.0,100,-2.11,-4.25,-2.3,-2.19,6.2,6.25,-6.0,True,False,,,,,,,,,,earnings,"2.02,9.01"
APPS,2025-06-17,NASDAQ,Technology Services,Packaged Software,1409.2,4.81,15.18,56.76,36.1,49.42,0.91,18.92,0.63,6,10.48,41.9,238.7,0.35,-19.2,4.3,50,21.66,-7.4,-6.32,5.6,-6.14,40.25,-10.29,False,True,7.54,31.03,-1.0,3,-1.0,3,-1.0,3,-1.01,earnings,"2.02,9.01"
APPS,2025-11-05,NASDAQ,Technology Services,Packaged Software,1409.2,5.92,34.8,23.14,-8.65,18.62,0.24,11.54,0.26,11,6.8,26.0,64.0,0.27,2.7,0.0,85,-21.55,-25.81,-29.2,-43.73,-36.34,-8.9,-49.5,False,False,,,,,,,,,,earnings,"2.02,9.01"
APPS,2026-02-04,NASDAQ,Technology Services,Packaged Software,1409.2,4.94,19.43,-5.06,-20.51,34.27,0.05,5.57,0.12,13,7.01,-21.7,-9.2,0.87,-28.7,22.1,100,-28.14,-25.08,-26.1,-30.34,-27.97,-18.64,-36.95,False,False,,,,,,,,,,earnings,"2.02,9.01"
APPS,2026-05-27,NASDAQ,Technology Services,Packaged Software,1409.2,4.81,34.93,38.88,2.93,23.5,0.35,20.51,0.71,4,7.03,24.0,10.8,0.65,-21.6,17.4,100,29.58,43.3,33.59,57.47,56.55,66.41,-1.54,True,True,6.68,7.63,5.333,14,7.275,27,3.255,36,5.268,earnings,"2.02,9.01"
APPS,2026-08-05,NASDAQ,Technology Services,Packaged Software,1409.2,9.51,25.66,38.49,10.21,18.49,0.58,5.35,0.38,6,8.2,144.5,92.5,0.52,-12.1,2.7,43,19.41,20.42,3.85,-6.03,-18.16,28.37,-18.41,False,True,13.17,9.64,-1.0,1,-1.0,1,-1.0,1,-1.0,earnings,"2.02,9.01"
DRTS,2026-05-11,NASDAQ,Health Technology,Medical Specialties,1404.7,8.51,14.57,21.5,6.05,16.76,0.7,12.53,2.56,3,7.3,10.4,123.7,0.95,7.5,0.0,100,1.33,6.77,2.87,6.36,-5.74,19.18,-10.26,False,True,10.34,10.54,0.0,9,0.0,9,0.0,9,0.021,filing-other,
NMAX,2026-03-27,NYSE,Consumer Services,Broadcasting,1401.4,5.98,15.38,-1.67,-14.78,22.35,0.18,3.27,0.22,1,6.87,-32.6,-52.7,0.78,-97.4,91.7,100,-25.22,-20.29,-20.43,-8.41,-13.48,62.32,-25.94,False,False,,,,,,,,,,earnings,"2.02,7.01,9.01"
BRUN,2026-04-22,NASDAQ,Technology Services,Packaged Software,1396.0,12.95,8.11,10.73,2.43,5.86,0.86,3.3,0.26,4,4.07,3.5,3.4,0.9,-7.8,3.8,100,7.14,18.0,21.36,48.5,74.93,125.0,0.71,True,True,14.34,4.81,5.913,14,28.435,46,20.435,54,4.995,none,
BRUN,2026-05-14,NASDAQ,Technology Services,Packaged Software,1396.0,21.0,9.52,24.0,13.22,16.51,0.95,3.88,0.61,1,12.03,90.4,66.8,0.65,-3.0,0.0,61,28.7,8.26,10.96,48.04,34.43,82.61,-6.78,False,True,26.04,13.59,0.0,2,0.0,2,0.0,2,0.0,agreement,"1.01,1.02,2.01,3.01,3.02,3.03,4.01,5.01,5.02,5.03,5.06,7.01,9.01"
BRUN,2026-08-14,NASDAQ,Technology Services,Packaged Software,1396.0,22.55,16.39,1.69,-12.63,22.66,0.2,3.58,1.26,0,11.85,-13.4,104.4,0.41,-37.5,33.4,77,-13.77,-27.57,-25.66,-35.04,-44.48,-7.03,-44.9,False,False,,,,,,,,,,earnings,"2.02,7.01,9.01"
OMER,2025-05-13,NASDAQ,Health Technology,Pharmaceuticals: Major,1393.5,3.8,11.05,16.58,4.98,17.5,0.61,3.31,0.23,4,8.63,-56.4,-15.6,0.73,-69.0,89.9,100,-6.87,-23.7,-22.04,-25.59,-14.22,5.21,-29.62,False,True,4.43,9.71,-1.0,1,-1.0,1,-1.0,1,-1.0,none,
OMER,2025-10-15,NASDAQ,Health Technology,Pharmaceuticals: Major,1393.5,4.1,182.68,154.15,-10.09,31.66,0.42,139.85,8.8,5,5.55,17.8,-40.3,0.97,-14.8,3.3,100,-15.19,-28.82,-33.22,-33.74,-40.55,-10.61,-46.07,False,False,,,,,,,,,,agreement,"1.01,8.01,9.01"
OMER,2025-12-24,NASDAQ,Health Technology,Pharmaceuticals: Major,1393.5,8.75,87.89,75.54,-6.57,26.8,0.39,13.76,0.2,4,7.27,99.8,163.6,0.38,28.1,0.0,18,-4.44,3.16,-0.36,-24.03,-29.87,7.24,-29.93,False,False,,,,,,,,,,none,
OMER,2026-08-13,NASDAQ,Health Technology,Pharmaceuticals: Major,1393.5,13.71,21.44,26.55,4.2,11.49,0.58,8.94,0.11,9,6.16,-4.7,22.1,0.73,-5.7,1.3,100,3.24,3.24,11.89,15.62,9.79,18.02,-0.66,True,True,17.35,6.22,0.806,9,0.861,20,0.0,22,0.488,earnings,"2.02,5.02,9.01"
AMPX,2025-07-08,NYSE,Producer Manufacturing,Electrical Products,1392.1,4.94,9.11,11.94,2.6,12.9,0.89,3.02,1.01,0,9.74,107.6,72.7,0.57,8.2,0.0,54,10.58,19.48,38.96,51.95,54.36,68.55,0.0,True,True,5.53,10.31,2.825,15,2.596,16,10.105,92,2.415,none,
ORIC,2025-05-29,NASDAQ,Health Technology,Pharmaceuticals: Major,1385.8,5.97,22.11,33.5,9.33,22.48,0.7,20.29,2.52,4,10.67,-23.9,-37.7,0.56,-50.3,67.6,100,12.07,15.23,25.65,32.65,41.43,50.75,2.33,True,True,7.97,13.55,0.981,13,2.537,42,1.644,45,0.787,agreement,"1.01,3.02,7.01,8.01,9.01"
HLMN,2026-08-04,NASDAQ,Distribution Services,Wholesale Distributors,1383.2,8.31,8.3,14.44,5.67,9.43,0.92,3.64,0.93,1,3.51,10.8,-14.4,1.0,-17.1,38.3,100,2.44,2.44,0.11,-6.44,-18.67,6.44,-18.89,False,True,9.51,7.99,-1.0,7,-1.0,7,-1.0,7,-0.794,earnings,"1.01,2.02,7.01,9.01"
MLKN,2025-06-26,NASDAQ,Producer Manufacturing,Office Equipment/Supplies,1371.9,17.62,9.02,12.49,3.18,9.3,0.7,5.01,0.33,7,2.89,-3.9,-21.3,0.97,-26.0,66.8,100,3.12,7.5,10.41,7.96,5.0,11.5,-0.52,True,True,19.82,6.1,0.603,11,0.0,12,0.0,12,0.631,earnings,"2.02,9.01"
VISN,2025-08-04,NASDAQ,Electronic Technology,Telecommunications Equipment,1369.9,7.79,77.54,86.26,4.92,17.53,0.72,13.95,3.6,2,5.59,63.7,54.3,0.46,59.3,0.0,67,6.8,8.39,10.2,13.45,15.11,20.1,1.23,True,True,14.51,11.16,0.543,13,1.037,35,0.333,45,0.461,earnings,"2.02,7.01,9.01"
VISN,2026-04-30,NASDAQ,Electronic Technology,Telecommunications Equipment,1369.9,10.47,21.76,22.21,0.37,4.92,0.31,5.33,0.4,1,3.83,-43.3,-34.4,0.97,-38.0,70.9,100,-6.42,-3.67,-6.65,-10.34,-2.1,1.35,-14.06,False,True,12.795,1.52,-1.0,1,-1.0,1,-1.0,1,-1.0,earnings,"2.02,7.01,8.01,9.01"
LQDT,2025-11-20,NASDAQ,Retail Trade,Internet Retail,1357.0,22.68,12.21,13.36,1.02,10.21,0.25,3.99,0.44,16,3.11,-16.6,-9.4,1.0,-35.9,63.2,100,9.86,18.94,18.04,18.0,23.93,27.31,1.22,True,True,25.71,2.45,8.143,21,7.302,27,7.238,56,7.841,earnings,"2.02,8.01,9.01"
AMN,2026-05-08,NYSE,Commercial Services,Personnel Services,1353.6,22.45,15.95,29.04,11.29,19.79,0.99,4.94,0.72,10,4.69,10.6,8.8,0.94,9.6,0.0,100,16.29,18.59,9.91,6.26,19.25,24.93,-1.88,True,True,28.97,16.43,0.0,5,0.0,5,0.0,5,0.133,filing-other,9.01
FCEL,2025-12-18,NASDAQ,Electronic Technology,Electronic Equipment/Instruments,1351.2,7.9,17.59,22.03,3.77,17.84,0.24,5.9,0.81,10,8.62,-5.5,32.6,0.68,-33.5,17.7,100,-10.23,-5.38,-8.72,-11.3,-7.0,6.89,-23.14,False,True,9.64,4.05,-1.0,1,-1.0,1,-1.0,1,-1.0,earnings,"2.02,7.01,9.01"
FCEL,2026-04-29,NASDAQ,Electronic Technology,Electronic Equipment/Instruments,1351.2,9.94,14.69,37.22,19.65,24.29,0.99,5.69,0.99,7,9.8,3.2,26.0,0.79,-8.3,5.7,100,14.04,14.21,12.37,74.74,113.95,142.89,2.81,True,True,13.64,19.43,-0.513,6,1.392,26,2.053,50,-0.42,none,
EFOR,2025-07-24,NYSE,Technology Services,Information Technology Services,1348.9,50.02,18.13,11.26,-5.82,10.01,0.08,3.07,1.04,0,3.34,-14.6,-45.4,1.0,-41.9,60.8,100,-7.36,-9.39,-15.15,-15.04,-12.95,-5.82,-18.12,False,False,,,,,,,,,,earnings,"2.02,9.01"
ARHS,2026-02-26,NASDAQ,Consumer Durables,Home Furnishings,1341.0,8.38,25.89,10.5,-12.23,20.52,0.26,3.36,0.69,2,5.89,-10.6,-29.1,0.92,-18.7,32.7,100,-21.8,-24.17,-25.5,-33.08,-36.49,-10.47,-38.86,False,False,,,,,,,,,,earnings,"2.02,7.01,8.01,9.01"
ARLO,2025-08-08,NYSE,Electronic Technology,Telecommunications Equipment,1337.6,16.43,17.16,1.7,-13.19,15.2,0.0,3.75,1.16,0,3.73,54.4,44.4,0.76,7.1,0.0,94,-10.65,-10.39,-14.44,-8.88,-6.03,-2.6,-16.36,False,False,,,,,,,,,,earnings,"2.02,9.01"
ARLO,2026-02-27,NYSE,Electronic Technology,Telecommunications Equipment,1337.6,12.34,18.15,27.15,7.61,12.9,0.64,4.78,1.31,2,4.91,-12.5,-29.8,0.92,-26.9,50.6,100,4.87,3.16,-4.66,-6.72,-7.68,8.02,-8.16,False,True,15.69,7.58,-1.0,2,-1.0,2,-1.0,2,-1.0,earnings,"2.02,9.01"
ARLO,2026-05-08,NYSE,Electronic Technology,Telecommunications Equipment,1337.6,14.9,8.19,2.35,-5.4,13.89,0.2,3.71,0.65,3,3.62,20.2,-15.9,0.84,-19.2,42.3,100,-15.69,-21.59,-23.57,-18.36,-21.4,-4.84,-24.75,False,False,,,,,,,,,,earnings,"2.02,9.01"
POET,2025-07-10,NASDAQ,Producer Manufacturing,Electrical Products,1327.4,6.1,11.48,14.92,3.09,10.98,0.63,4.86,0.73,3,8.09,90.0,-1.0,0.83,-12.7,5.2,75,5.44,4.85,-5.29,-8.24,-21.18,11.91,-23.38,False,True,7.01,6.42,-1.0,4,-1.0,4,-1.0,4,-0.578,filing-other,
POET,2025-09-24,NASDAQ,Producer Manufacturing,Electrical Products,1327.4,6.0,9.67,0.83,-8.05,11.48,0.06,4.38,0.57,5,5.58,18.3,36.7,0.81,-15.5,10.9,100,-5.93,-16.57,-9.73,40.12,12.01,43.01,-19.76,False,False,,,,,,,,,,filing-other,
POET,2025-10-08,NASDAQ,Producer Manufacturing,Electrical Products,1327.4,7.88,8.25,17.01,8.09,15.11,1.0,14.92,1.45,1,9.07,12.4,145.5,0.83,4.9,0.0,90,3.4,-1.17,-2.46,-13.6,-29.19,10.32,-32.0,False,True,9.22,13.12,-1.0,2,-1.0,2,-1.0,2,-1.0,filing-other,
POET,2026-04-22,NASDAQ,Producer Manufacturing,Electrical Products,1327.4,10.25,12.49,24.59,10.75,14.5,0.89,6.09,1.42,3,10.72,22.5,35.0,0.83,4.0,0.0,100,1.65,-31.05,-42.76,-15.7,28.19,80.49,-44.75,False,True,12.77,11.43,-1.0,1,-1.0,1,-1.0,1,-1.0,none,
POET,2026-04-24,NASDAQ,Producer Manufacturing,Electrical Products,1327.4,11.72,15.7,28.84,11.36,25.0,0.87,4.5,0.94,3,11.53,69.6,59.0,0.81,4.7,0.0,83,-41.37,-51.33,-46.09,-19.25,7.6,53.47,-53.02,False,True,15.1,17.88,-1.0,1,-1.0,1,-1.0,1,-1.0,none,
ADNT,2026-05-06,NYSE,Producer Manufacturing,Auto Parts: OEM,1323.8,20.67,10.98,7.98,-2.7,6.88,0.54,3.25,0.81,2,3.99,-14.8,-14.6,0.78,-16.0,27.8,100,-4.71,-3.57,-3.97,-10.2,-0.48,7.65,-15.3,False,False,,,,,,,,,,earnings,"2.02,9.01"
AGL,2025-04-08,NYSE,Health Services,Medical/Nursing Services,1312.2,106.25,27.29,26.12,-0.92,17.37,0.2,3.67,1.11,1,6.96,106.3,32.4,0.62,15.1,0.0,62,-4.25,4.99,2.22,-27.54,-37.34,6.65,-40.48,False,False,,,,,,,,,,none,
AGL,2026-05-07,NYSE,Health Services,Medical/Nursing Services,1312.2,27.85,56.52,117.81,39.16,52.95,0.85,10.11,0.56,2,14.73,76.3,53.9,0.3,-63.5,11.3,46,24.41,59.53,80.06,84.84,122.18,127.43,18.39,True,True,60.66,31.16,1.38,17,2.484,39,2.096,52,1.077,earnings,"2.02,9.01"
TWFG,2026-05-08,NASDAQ,Finance,Insurance Brokers/Services,1306.4,19.35,8.53,-1.19,-8.95,11.58,0.14,3.7,1.52,0,4.83,-25.3,-22.8,0.95,-43.0,54.4,100,-8.33,-10.0,-13.52,-10.19,-5.29,-1.84,-16.93,False,False,,,,,,,,,,earnings,2.02
HLF,2026-02-19,NYSE,Consumer Non-Durables,Food: Major Diversified,1303.8,16.54,14.75,18.32,3.11,12.38,0.66,4.7,0.31,4,3.7,88.0,72.5,0.54,5.9,0.0,52,5.16,3.27,1.58,-14.75,-21.55,7.48,-24.08,False,True,19.57,7.51,-1.0,8,-1.0,8,-1.0,8,-0.66,earnings,"2.02,7.01,9.01"
EYE,2025-05-07,NASDAQ,Retail Trade,Specialty Stores,1295.2,13.33,12.15,17.1,4.41,8.69,0.98,5.73,2.61,0,5.72,13.1,21.1,1.0,8.0,0.0,100,11.57,25.48,24.62,24.75,39.53,45.35,5.28,True,True,15.61,7.88,2.634,12,7.211,55,5.715,64,2.61,earnings,"2.02,9.01"
QMCO,2026-05-06,NASDAQ,Electronic Technology,Computer Peripherals,1295.0,8.27,8.95,21.28,11.32,18.22,0.63,5.01,0.1,30,7.34,42.3,-11.9,0.67,-41.2,64.8,99,1.33,8.55,-2.22,-9.43,75.14,105.11,-17.2,False,True,10.03,10.27,-1.0,1,-1.0,1,-1.0,1,-1.0,none,
QMCO,2026-08-11,NASDAQ,Electronic Technology,Computer Peripherals,1295.0,11.78,23.26,64.69,33.61,40.1,0.96,18.43,0.74,3,10.34,20.4,98.3,0.6,-21.4,4.3,91,51.1,79.82,61.98,54.2,66.94,91.46,35.88,True,True,19.4,27.89,0.201,7,0.671,21,,,0.547,earnings,"2.02,9.01"
IART,2026-05-05,NASDAQ,Health Technology,Medical Specialties,1294.1,10.65,14.84,24.13,8.09,14.46,0.6,4.03,0.43,1,5.53,-1.2,-11.3,0.94,-28.2,62.5,100,14.47,13.82,12.59,17.58,31.64,36.55,5.81,True,True,13.22,7.94,0.0,4,0.0,4,0.0,4,0.222,earnings,"2.02,5.02,9.01"
DMRA,2025-09-23,NASDAQ,Health Technology,Pharmaceuticals: Major,1275.5,3.0,53.0,40.67,-8.06,31.76,0.34,312.37,5.06,6,9.63,-11.8,-55.2,0.86,-63.0,62.2,100,-7.19,-3.92,-18.95,290.41,85.84,590.63,-23.75,False,False,,,,,,,,,,none,
DMRA,2025-10-07,NASDAQ,Health Technology,Pharmaceuticals: Major,1275.5,3.71,570.89,383.02,-28.0,93.29,0.1,36.24,1.43,2,14.75,9.1,45.5,0.78,105.9,0.0,100,-57.21,-49.14,-54.4,-65.73,-76.05,-25.87,-76.52,False,False,,,,,,,,,,none,
DMRA,2025-11-10,NASDAQ,Health Technology,Pharmaceuticals: Major,1275.5,4.95,333.13,248.48,-19.54,71.85,0.2,13.63,0.57,4,9.65,50.8,78.7,0.35,-32.4,0.0,65,9.98,29.85,6.58,-23.93,29.62,56.72,-30.04,False,False,,,,,,,,,,agreement,"1.01,2.01,3.02,5.02,5.03,7.01,9.01"
NSSC,2025-05-05,NASDAQ,Commercial Services,Miscellaneous Commercial Services,1272.3,23.78,11.69,3.66,-7.19,12.72,0.01,3.87,0.58,4,4.69,-11.7,-39.3,0.95,-37.6,53.4,100,-6.93,-1.36,3.2,5.23,7.76,8.02,-9.15,False,False,,,,,,,,,,earnings,"2.02,5.02,7.01,9.01"
NSSC,2025-08-25,NASDAQ,Commercial Services,Miscellaneous Commercial Services,1272.3,31.7,8.64,6.12,-2.32,13.63,0.51,6.2,0.47,16,2.86,12.8,30.1,1.0,-19.1,34.1,100,8.59,11.3,11.76,16.43,25.29,28.46,-0.55,True,False,,,,,,,,,,earnings,"2.02,7.01,9.01"
NSSC,2026-08-24,NASDAQ,Commercial Services,Miscellaneous Commercial Services,1272.3,38.09,21.19,-1.31,-18.57,42.3,0.08,8.99,0.35,18,2.84,1.8,-17.0,1.0,-4.1,2.0,100,-21.08,-23.57,-21.49,-19.65,-22.27,-17.79,-26.54,False,False,,,,,,,,,,earnings,"2.02,7.01,9.01"
GBX,2025-07-02,NYSE,Producer Manufacturing,Trucks/Construction/Farm Machinery,1271.9,47.0,14.36,21.09,5.88,8.73,0.89,8.72,1.48,12,2.13,-7.9,-24.2,0.98,-24.4,52.1,100,4.74,4.06,3.18,-6.88,-15.35,6.94,-16.69,False,True,56.91,7.24,-1.0,7,-1.0,7,-1.0,7,-0.746,earnings,"2.02,9.01"
EPC,2026-06-23,NYSE,Consumer Non-Durables,Household/Personal Care,1267.4,22.72,9.07,15.4,5.81,8.27,0.76,3.11,0.81,0,5.03,16.5,27.8,0.81,-9.0,8.2,100,7.26,11.86,8.39,4.92,11.58,20.46,1.49,True,True,26.22,5.95,0.0,8,0.0,8,0.0,8,0.321,none,
BJRI,2025-10-31,NASDAQ,Consumer Services,Restaurants,1267.1,28.69,20.49,18.37,-1.76,8.36,0.61,3.17,0.76,3,3.46,-16.2,-24.3,1.0,-26.5,57.9,100,-1.76,3.53,1.16,5.58,7.67,12.73,-6.31,True,False,,,,,,,,,,earnings,"2.02,8.01,9.01"
ASIC,2026-02-20,NYSE,Finance,Property/Casualty Insurance,1263.4,17.5,9.83,23.6,12.54,18.9,1.0,9.11,0.28,9,4.12,-8.7,-19.9,0.92,-24.0,59.9,100,19.46,23.73,15.09,9.83,0.73,24.22,0.34,True,True,21.63,15.86,0.0,9,0.0,9,0.0,9,0.209,earnings,"2.02,8.01,9.01"
WEN,2025-11-07,NASDAQ,Consumer Services,Restaurants,1247.0,8.83,10.99,1.59,-8.47,18.92,0.29,3.33,0.63,2,3.3,-14.3,-26.4,1.0,-52.4,81.1,100,-12.86,-10.92,-12.04,-15.41,-15.51,-8.67,-20.1,False,False,,,,,,,,,,earnings,"2.02,5.03,9.01"
WEN,2026-05-12,NASDAQ,Consumer Services,Restaurants,1247.0,6.76,12.57,16.86,3.81,12.64,0.87,6.84,1.78,2,3.99,-13.6,-24.6,0.97,-39.2,73.9,100,7.62,5.39,6.7,-1.58,-12.88,10.91,-14.19,False,True,7.9,9.87,-0.359,7,-0.885,14,-1.0,15,-0.188,none,
WEN,2026-06-24,NASDAQ,Consumer Services,Restaurants,1247.0,6.26,24.76,25.56,0.64,18.53,0.26,18.18,3.64,1,4.84,-11.8,-25.3,0.94,-37.6,62.5,100,-6.15,5.76,14.47,-2.82,-8.19,21.0,-9.35,False,True,7.86,4.58,-1.0,1,-1.0,1,-1.0,1,-1.0,other-8k,"5.02,7.01,9.01"
UMAC,2025-06-02,AMEX,Electronic Technology,Electronic Equipment/Instruments,1245.9,4.96,10.69,11.29,0.55,16.86,0.49,6.09,0.12,18,6.91,-18.0,-7.5,0.79,-76.8,89.8,100,19.85,18.76,67.21,86.89,45.17,96.36,0.55,True,True,5.52,7.61,6.429,13,4.929,16,9.714,62,5.08,none,
UMAC,2025-06-09,AMEX,Electronic Technology,Electronic Equipment/Instruments,1245.9,7.42,19.95,23.72,3.15,16.91,0.79,4.78,0.18,11,10.24,35.4,-17.6,0.7,-62.3,70.3,100,0.56,-7.42,15.28,-7.98,-8.99,21.12,-15.17,False,True,9.18,11.76,-1.0,2,-1.0,2,-1.0,2,-1.0,agreement,"1.01,7.01,9.01"
UMAC,2025-07-11,AMEX,Electronic Technology,Electronic Equipment/Instruments,1245.9,8.69,13.46,39.47,22.92,37.28,0.72,5.27,0.43,3,12.29,53.8,-40.8,0.4,-58.3,55.5,72,17.65,24.75,10.24,10.95,2.33,35.7,-13.69,False,True,12.12,21.2,-1.0,1,-1.0,1,-1.0,1,-1.0,none,
UMAC,2025-10-27,AMEX,Electronic Technology,Electronic Equipment/Instruments,1245.9,12.84,20.72,17.83,-2.39,13.14,0.31,3.77,0.26,5,11.75,38.2,110.5,0.56,-34.4,14.2,76,-9.61,-2.84,-13.16,-25.94,-45.23,5.68,-53.26,False,False,,,,,,,,,,none,
UMAC,2026-05-28,AMEX,Electronic Technology,Electronic Equipment/Instruments,1245.9,18.83,32.77,57.2,18.4,29.55,0.67,11.35,1.83,3,10.28,36.8,121.8,0.73,6.9,0.0,83,27.12,33.68,29.2,2.88,-23.6,37.44,-27.65,False,True,29.6,16.55,-1.0,1,-1.0,1,-1.0,1,-1.0,other-8k,8.01
UMAC,2026-08-14,AMEX,Electronic Technology,Electronic Equipment/Instruments,1245.9,27.24,16.85,25.04,7.01,19.0,0.84,4.36,0.33,5,10.96,60.9,129.7,0.51,-7.4,2.1,45,-5.28,-11.09,-13.82,-24.66,-28.81,4.9,-30.73,False,True,34.06,13.83,-1.0,2,-1.0,2,-1.0,2,-1.0,none,
CRON,2025-08-11,NASDAQ,Health Technology,Pharmaceuticals: Other,1245.2,2.3,10.43,16.09,5.12,11.02,1.0,9.17,2.63,2,3.71,16.2,19.2,1.0,8.1,0.0,100,0.79,-0.79,-0.39,1.97,0.39,9.06,-6.89,False,True,2.67,9.93,-1.0,4,-1.0,4,-1.0,4,-0.855,filing-other,
CRON,2025-09-29,NASDAQ,Health Technology,Pharmaceuticals: Other,1245.2,2.63,12.55,12.93,0.34,9.34,0.3,6.98,1.35,2,3.59,37.7,46.9,0.59,6.9,0.0,98,-6.08,-12.5,-13.85,-13.85,-16.55,-0.68,-18.58,False,True,2.97,2.69,-1.0,1,-1.0,1,-1.0,1,-1.0,none,
CRON,2025-12-12,NASDAQ,Health Technology,Pharmaceuticals: Other,1245.2,2.85,9.47,14.74,4.81,15.85,0.96,10.08,0.96,9,4.48,11.8,47.7,0.98,-1.3,0.0,100,-2.24,-2.88,-5.13,-14.74,-13.46,9.94,-16.67,False,True,3.27,13.15,-1.0,6,-1.0,6,-1.0,6,-0.853,none,
CRON,2026-08-06,NASDAQ,Health Technology,Pharmaceuticals: Other,1245.2,2.72,11.03,12.87,1.66,7.51,0.77,6.13,0.31,15,2.61,3.8,5.4,1.0,-12.0,7.2,100,2.65,1.99,4.64,6.62,7.95,19.47,-0.99,True,True,3.07,5.47,0.0,6,0.0,6,0.0,6,0.02,earnings,"2.02,5.07,9.01"
COUR,2025-04-25,NYSE,Commercial Services,Miscellaneous Commercial Services,1234.7,7.7,9.35,13.64,3.92,11.7,0.91,3.22,0.45,4,4.91,-11.0,1.0,0.87,-13.8,17.4,100,-0.95,0.0,1.07,6.41,0.59,10.44,-4.81,True,True,8.75,9.66,0.012,16,-0.272,18,0.0,29,-0.122,earnings,"2.02,9.01"
COUR,2025-07-25,NYSE,Commercial Services,Miscellaneous Commercial Services,1234.7,9.08,27.2,36.23,7.1,13.55,0.92,15.23,2.06,3,3.38,17.9,6.1,1.0,18.2,0.0,100,8.31,3.55,5.37,5.02,-1.47,17.4,-3.42,True,True,12.37,11.08,-0.204,9,-0.65,17,-1.0,26,-0.236,earnings,"2.02,9.01"
COUR,2025-12-17,NYSE,Commercial Services,Miscellaneous Commercial Services,1234.7,7.94,11.34,-1.26,-11.31,15.38,0.11,6.31,0.58,4,3.04,-31.5,-3.9,0.59,-34.8,47.5,100,-8.03,-14.03,-15.38,-19.91,-28.85,-6.79,-28.96,False,False,,,,,,,,,,agreement,"1.01,5.02,7.01,9.01"
BCAX,2026-02-25,NASDAQ,Health Technology,Pharmaceuticals: Major,1228.2,16.24,11.48,7.82,-3.29,6.61,0.44,4.13,0.24,8,6.37,-10.0,43.5,0.95,-8.1,9.6,100,-7.21,-2.84,2.4,9.91,3.18,11.85,-10.96,False,False,,,,,,,,,,earnings,"1.01,2.02,9.01"
INNV,2026-02-04,NASDAQ,Technology Services,Packaged Software,1225.3,5.66,14.84,37.46,19.69,30.48,0.84,18.97,2.77,3,6.06,19.4,64.1,0.98,3.8,0.0,100,14.92,34.31,25.85,24.31,46.62,64.46,10.82,True,True,7.78,20.31,0.0,5,0.0,5,0.0,5,0.2,earnings,"2.02,9.01"
REPL,2025-07-30,NASDAQ,Health Technology,Biotechnology,1224.9,3.75,71.07,101.33,17.69,41.33,0.78,26.62,2.32,3,11.48,-60.1,-73.3,0.65,-62.3,53.4,82,9.59,-10.99,-14.26,-20.65,-13.8,18.78,-30.01,False,True,7.55,24.37,-1.0,3,-0.283,1,-0.283,1,-1.0,filing-other,
REPL,2025-10-20,NASDAQ,Health Technology,Biotechnology,1224.9,4.5,104.22,98.78,-2.67,19.51,0.2,26.79,0.55,9,8.03,60.4,-48.7,0.63,-45.9,18.0,81,-11.86,-8.38,1.52,1.25,-4.57,18.06,-16.32,False,False,,,,,,,,,,other-8k,"8.01,9.01"
REPL,2026-05-29,NASDAQ,Health Technology,Biotechnology,1224.9,4.68,69.44,85.68,9.58,18.2,0.73,7.24,0.25,3,15.09,-38.8,-50.9,0.22,-40.1,23.6,83,13.49,25.85,19.42,11.98,41.24,54.22,4.04,True,True,8.69,11.74,-0.216,8,1.221,29,0.0,39,0.278,other-8k,"7.01,9.01"
REPL,2026-07-31,NASDAQ,Health Technology,Biotechnology,1224.9,5.41,110.33,107.02,-1.57,32.56,0.58,7.6,0.17,9,9.12,110.5,-26.8,0.35,-9.0,1.4,46,4.67,3.96,5.98,31.56,36.22,41.93,-10.98,True,False,,,,,,,,,,other-8k,"7.01,8.01,9.01"
OGCP,2025-09-29,AMEX,Finance,Real Estate Investment Trusts,1219.1,7.44,9.95,5.11,-4.4,4.6,0.0,5.6,0.21,10,0.66,-11.4,-3.4,1.0,-28.9,67.8,100,-8.19,-9.41,-0.37,-8.19,-1.1,-0.37,-16.63,False,False,,,,,,,,,,none,
XPEL,2025-08-06,NASDAQ,Consumer Durables,Automotive Aftermarket,1218.1,32.75,12.92,5.4,-6.65,12.92,0.42,3.06,0.46,5,3.72,-2.0,-20.4,1.0,-21.7,42.9,100,-5.57,-6.25,3.98,-0.14,-2.97,5.11,-10.37,True,False,,,,,,,,,,earnings,"2.02,9.01"
OPK,2026-07-28,NASDAQ,Health Services,Medical/Nursing Services,1209.1,1.24,11.29,33.06,19.57,26.28,0.78,11.4,3.4,1,4.31,3.3,-4.6,0.86,-14.3,28.5,100,-0.72,-4.35,-5.07,0.72,7.97,19.57,-7.25,False,True,1.65,16.97,-1.0,1,-1.0,1,-1.0,1,-1.0,earnings,"2.02,9.01"
TPB,2025-05-07,NYSE,Consumer Non-Durables,Tobacco,1204.5,64.89,14.08,24.83,9.42,12.18,0.99,3.85,1.02,3,3.58,5.1,34.8,0.79,2.0,0.0,100,2.21,-5.48,-3.61,-1.25,0.94,8.41,-6.11,False,True,81.0,10.8,-1.0,3,-1.0,3,-1.0,3,-1.087,earnings,"2.02,7.01,9.01"
TPB,2025-11-05,NYSE,Consumer Non-Durables,Tobacco,1204.5,95.18,15.92,6.28,-8.31,16.99,0.42,3.71,1.3,0,4.87,1.1,17.5,1.0,5.3,0.0,100,-9.19,-7.88,-9.17,-7.57,-10.56,-3.02,-13.21,True,False,,,,,,,,,,earnings,"2.02,8.01,9.01"
CCO,2026-02-10,NYSE,Commercial Services,Advertising/Marketing Services,1191.3,2.19,8.22,7.76,-0.42,0.85,0.0,29.66,1.23,13,5.43,16.5,114.7,0.98,3.0,0.0,100,0.0,0.84,0.84,1.27,-0.42,2.53,-0.42,True,False,,,,,,,,,,agreement,"1.01,5.02,7.01,8.01,9.01"
LZB,2025-11-19,NYSE,Consumer Durables,Home Furnishings,1188.8,29.59,15.88,20.21,3.73,6.39,0.83,4.85,0.54,4,2.37,-15.0,-29.9,1.0,-29.0,83.7,100,6.04,7.64,15.25,13.59,14.0,18.84,4.02,True,True,35.57,5.03,1.709,11,1.402,22,0.966,45,1.389,earnings,"2.02,7.01,9.01"
LZB,2026-06-17,NYSE,Consumer Durables,Home Furnishings,1188.8,35.06,20.31,14.77,-4.6,12.47,0.06,6.91,0.91,5,3.37,7.6,-11.4,1.0,2.7,0.0,100,-5.97,-4.46,-3.27,-5.38,-5.48,0.38,-10.79,False,False,,,,,,,,,,earnings,"2.02,7.01,9.01"
BVS,2025-11-04,NASDAQ,Health Technology,Medical Specialties,1177.3,6.56,8.54,15.09,6.04,16.01,0.38,5.85,0.66,12,3.84,-10.0,5.8,1.0,-50.5,57.6,100,3.65,4.63,8.15,-1.83,6.32,9.55,-9.13,False,True,7.55,5.7,-0.465,8,-1.0,9,-1.0,9,-0.388,earnings,"2.02,9.01"
PD,2025-07-28,NYSE,Technology Services,Packaged Software,1175.8,15.72,8.91,7.06,-1.69,5.57,0.33,3.21,0.59,1,4.01,-0.2,-16.7,1.0,-22.1,50.8,100,-4.15,-5.84,-8.29,-9.52,-4.61,-0.64,-12.09,False,False,,,,,,,,,,filing-other,5.02
PD,2026-05-29,NYSE,Technology Services,Packaged Software,1175.8,7.44,25.4,33.74,6.65,15.25,0.95,4.51,0.47,7,5.66,5.4,-51.0,0.95,-48.2,60.6,100,14.58,-0.32,-0.86,-3.97,0.54,14.68,-12.74,False,True,9.95,12.66,0.0,2,0.0,2,0.0,2,0.0,earnings,"2.02,8.01,9.01"
CBRL,2026-06-10,NASDAQ,Consumer Services,Restaurants,1173.1,36.3,19.83,22.56,2.28,13.35,0.23,11.09,1.65,6,5.33,30.3,36.4,0.9,-39.5,31.1,100,4.6,-0.02,0.87,11.08,15.91,26.9,-2.11,False,True,44.49,3.01,-1.0,1,-1.0,1,-1.0,1,-1.0,earnings,"2.02,9.01"
GIII,2026-06-05,NASDAQ,Consumer Non-Durables,Apparel/Footwear,1168.4,32.04,11.86,5.21,-5.94,9.3,0.3,4.0,0.72,5,3.46,8.8,8.1,1.0,2.9,0.0,100,-2.57,-4.94,-1.56,-4.72,-5.36,1.93,-9.88,False,False,,,,,,,,,,earnings,"2.02,7.01,9.01"
SCSC,2026-08-20,NASDAQ,Distribution Services,Electronics Distributors,1165.3,51.42,26.1,9.67,-13.03,19.25,0.04,5.05,1.22,2,3.62,19.3,38.0,0.97,8.8,0.0,100,-16.18,-13.34,-10.39,-10.76,-12.28,-8.53,-17.63,False,False,,,,,,,,,,earnings,"1.01,2.02,9.01"
TBN,2025-09-30,NYSE,Energy Minerals,Integrated Oil,1154.4,22.64,17.14,20.94,3.24,10.51,0.86,27.57,3.98,8,2.99,8.4,-5.6,1.0,-23.1,2.4,100,7.13,2.26,13.76,0.49,-4.52,20.29,-12.8,False,True,27.38,8.25,0.0,2,0.0,2,0.0,2,0.0,agreement,"1.01,3.02,7.01,9.01"
HZO,2026-08-10,NYSE,Retail Trade,Specialty Stores,1153.8,35.68,45.43,46.08,0.44,0.5,0.96,26.44,3.94,4,5.05,4.0,19.0,1.0,36.1,0.0,100,1.1,0.29,0.69,0.46,0.54,1.1,0.21,True,True,52.12,0.48,0.04,10,0.16,19,,,-0.08,agreement,"1.01,7.01,9.01"
TNDM,2025-05-01,NASDAQ,Health Technology,Medical Specialties,1152.9,16.85,10.74,18.58,7.07,11.6,0.81,3.33,0.38,3,6.55,-54.5,-48.5,0.65,-56.8,80.8,100,15.11,14.26,21.86,21.65,6.22,28.62,5.63,True,True,19.98,8.56,0.977,14,0.386,15,0.0,20,0.913,earnings,"2.02,9.01"
TNDM,2025-11-07,NASDAQ,Health Technology,Medical Specialties,1152.9,13.33,20.03,21.98,1.63,9.9,0.7,3.35,0.48,2,5.86,31.8,-42.0,0.67,-58.2,61.4,100,2.31,12.87,16.31,33.0,29.62,38.29,-3.12,True,True,16.26,6.52,3.17,16,4.991,37,3.679,47,2.679,earnings,"2.02,9.01"
TNDM,2026-02-20,NASDAQ,Health Technology,Medical Specialties,1152.9,18.52,22.83,32.67,8.01,19.14,0.61,10.04,1.01,6,5.75,-1.0,73.4,1.0,-35.2,4.7,100,24.23,14.34,11.22,-7.07,9.11,30.34,-11.33,False,True,24.57,10.46,0.0,6,0.0,6,0.0,6,0.187,earnings,"2.02,9.01"
TNDM,2026-05-08,NASDAQ,Health Technology,Medical Specialties,1152.9,18.47,8.28,-16.19,-22.6,29.73,0.01,4.36,0.59,6,6.1,-3.7,25.9,0.76,-32.5,41.6,100,-26.15,-29.45,-35.9,-25.17,-7.65,3.1,-38.7,False,False,,,,,,,,,,earnings,"2.02,9.01"
HLIT,2026-05-12,NASDAQ,Electronic Technology,Telecommunications Equipment,1150.7,12.83,13.41,0.94,-11.0,22.73,0.14,6.37,2.39,0,3.9,24.1,28.2,0.89,11.2,0.0,100,-8.25,-13.81,-15.46,17.59,-7.22,21.51,-17.66,False,False,,,,,,,,,,earnings,"2.02,9.01"
HLIT,2026-05-22,NASDAQ,Electronic Technology,Telecommunications Equipment,1150.7,12.7,12.6,19.69,6.29,10.9,0.96,7.62,1.63,1,5.55,23.4,38.0,0.76,-7.1,0.0,100,18.18,18.88,10.56,-1.47,2.52,23.64,-9.02,False,True,15.2,9.47,0.0,4,0.0,4,0.0,4,0.417,none,
HLIT,2026-05-26,NASDAQ,Electronic Technology,Telecommunications Equipment,1150.7,15.2,13.16,11.18,-1.74,11.19,0.61,8.84,1.44,2,5.97,45.6,71.8,0.75,11.8,0.0,96,-0.52,-12.15,-9.42,-22.03,-15.47,2.79,-24.36,False,False,,,,,,,,,,filing-other,
HLIT,2026-08-13,NASDAQ,Electronic Technology,Telecommunications Equipment,1150.7,12.0,20.67,9.0,-9.67,18.03,0.14,4.63,0.37,10,4.18,-10.1,19.9,0.78,-18.1,29.0,100,-3.87,-12.09,-14.57,-15.19,-17.13,-3.45,-20.37,False,False,,,,,,,,,,earnings,"2.02,9.01"
AIP,2025-08-05,NASDAQ,Electronic Technology,Semiconductors,1143.3,9.45,51.11,37.57,-8.96,16.18,0.35,34.99,6.46,2,6.2,38.6,-8.9,0.86,13.0,0.0,100,-30.78,-34.87,-30.25,-36.41,-38.17,-23.11,-39.99,False,False,,,,,,,,,,earnings,"2.02,9.01"
AIP,2025-10-06,NASDAQ,Electronic Technology,Semiconductors,1143.3,10.98,16.62,23.68,6.05,19.96,0.59,8.56,0.2,6,5.23,15.0,83.3,0.95,-10.4,19.4,100,1.13,2.38,4.26,7.07,2.23,16.2,-3.71,True,True,13.58,10.5,0.0,9,0.0,9,0.0,9,-0.11,filing-other,
AIP,2026-05-13,NASDAQ,Electronic Technology,Semiconductors,1143.3,32.43,9.25,9.62,0.34,18.75,0.89,4.31,0.14,1,6.21,114.8,117.1,0.52,5.9,0.0,34,5.39,-6.04,-1.35,4.21,5.31,10.05,-10.81,True,True,35.55,14.32,0.0,11,0.0,11,0.0,11,-0.148,earnings,"2.02,5.02,9.01"
AMPH,2026-08-07,NASDAQ,Health Technology,Pharmaceuticals: Major,1134.9,19.81,13.48,4.9,-7.56,11.03,0.17,3.04,0.66,5,3.33,-17.6,-30.8,0.98,-28.1,49.7,100,-9.65,-11.12,-6.98,-3.91,3.11,6.41,-13.03,False,False,,,,,,,,,,earnings,"2.02,9.01"
EOSE,2025-07-18,NASDAQ,Producer Manufacturing,Electrical Products,1132.6,5.3,12.26,10.75,-1.34,12.85,0.15,3.03,0.69,3,8.28,8.4,1.9,0.63,-19.2,10.5,100,0.84,4.87,7.06,-7.39,-1.51,16.13,-11.43,False,False,,,,,,,,,,filing-other,
EOSE,2026-05-13,NASDAQ,Producer Manufacturing,Electrical Products,1132.6,8.1,23.09,2.22,-16.95,21.98,0.05,4.95,0.85,2,9.7,-30.1,-57.8,0.54,-49.8,45.5,100,-18.05,-25.48,-28.69,-9.83,-37.81,-2.81,-41.02,False,False,,,,,,,,,,earnings,"1.01,2.02,3.02,7.01,9.01"
STAA,2025-08-05,NASDAQ,Health Technology,Medical Specialties,1124.7,18.49,44.78,46.13,0.93,1.72,0.67,56.02,4.86,5,3.79,-2.6,-20.9,1.0,-30.6,14.3,100,0.49,1.83,2.32,4.45,2.05,15.09,0.22,True,True,27.02,1.15,2.419,12,0.968,20,0.0,30,1.871,earnings,"1.01,2.02,8.01,9.01"
STAA,2025-12-09,NASDAQ,Health Technology,Medical Specialties,1124.7,23.54,15.76,7.86,-6.83,9.99,0.14,8.12,0.16,7,4.21,-14.9,29.6,1.0,-11.6,11.1,100,-11.96,-11.45,-8.99,-12.18,-17.43,-3.93,-27.27,False,False,,,,,,,,,,agreement,"1.01,8.01,9.01"
STAA,2026-04-09,NASDAQ,Health Technology,Medical Specialties,1124.7,20.88,19.01,20.74,1.45,10.79,0.43,4.28,0.14,4,5.43,-5.9,-21.9,0.92,-19.3,42.8,100,6.4,-1.69,-0.93,-0.04,9.78,13.44,-4.91,False,True,25.21,4.4,0.0,3,0.0,3,0.0,3,-0.234,other-8k,"7.01,9.01"
STAA,2026-05-14,NASDAQ,Health Technology,Medical Specialties,1124.7,29.4,21.67,8.88,-10.51,14.2,0.13,3.75,0.1,5,4.43,78.3,7.3,0.56,16.1,0.0,60,-10.34,-8.86,-8.33,-16.44,-20.69,-5.34,-21.64,False,False,,,,,,,,,,earnings,"2.02,7.01,9.01"
AMRC,2025-05-06,NYSE,Industrial Services,Engineering & Construction,1116.0,11.63,20.38,11.78,-7.14,20.67,0.03,3.07,0.61,4,9.62,-43.2,-62.2,0.6,-63.8,47.2,89,-9.5,-4.57,4.07,4.71,5.93,11.43,-11.64,False,False,,,,,,,,,,earnings,"2.02,9.01"
AMRC,2025-08-05,NYSE,Industrial Services,Engineering & Construction,1116.0,16.7,29.64,48.98,14.92,20.59,0.96,4.54,0.92,5,6.18,43.6,-20.0,0.79,-44.1,26.1,100,-5.91,-7.11,-9.1,3.93,18.48,23.46,-11.64,False,True,24.88,16.44,-1.0,1,-1.0,1,-1.0,1,-1.0,earnings,"2.02,9.01"
AMRC,2026-08-04,NYSE,Industrial Services,Engineering & Construction,1116.0,22.73,40.48,22.92,-12.5,16.83,0.13,5.58,0.93,2,6.42,-27.8,-25.6,0.63,-28.9,31.9,100,-19.64,-19.67,-18.92,-20.17,-29.22,-9.74,-36.2,False,False,,,,,,,,,,earnings,"2.02,9.01"
AORT,2025-08-08,NYSE,Health Technology,Medical Specialties,1114.6,32.7,17.71,25.23,6.39,7.65,1.0,5.13,0.65,4,2.76,14.6,4.6,1.0,15.3,0.0,100,11.61,13.61,11.22,16.47,12.86,17.1,4.1,True,True,40.95,7.08,0.817,17,0.859,20,0.0,22,0.864,earnings,"2.02,9.01"
BOW,2026-08-03,NYSE,Finance,Multi-Line Insurance,1112.5,30.59,10.64,10.13,-0.46,4.69,0.12,7.4,0.95,2,3.89,25.8,24.6,0.98,1.9,0.0,100,-1.08,0.07,-1.14,-1.17,-0.96,2.26,-1.31,False,False,,,,,,,,,,earnings,"1.01,2.02,8.01,9.01"
TE,2025-06-16,NYSE,Producer Manufacturing,Electrical Products,1110.2,1.33,8.65,13.53,4.5,9.93,0.71,7.64,0.26,16,9.0,-17.4,-19.9,0.75,-57.0,71.7,100,-10.73,-5.88,-5.19,-13.49,-3.81,3.81,-19.72,False,True,1.51,6.62,-1.0,1,-1.0,1,-1.0,1,-1.0,none,
TE,2025-08-15,NYSE,Producer Manufacturing,Electrical Products,1110.2,1.26,10.32,17.46,6.47,16.28,0.9,4.43,0.13,13,7.21,-0.8,-33.7,0.79,-58.6,68.4,100,11.51,-4.32,14.39,18.71,28.06,52.3,-7.19,True,True,1.48,12.84,-1.0,3,-1.0,3,-1.0,3,-0.93,agreement,"1.01,8.01,9.01"
TE,2025-10-10,NYSE,Producer Manufacturing,Electrical Products,1110.2,3.83,8.62,-4.96,-12.5,19.03,0.18,5.15,0.36,3,10.47,173.6,248.2,0.41,7.8,0.0,20,-15.87,25.96,3.85,-16.59,-8.41,27.64,-24.04,False,False,,,,,,,,,,filing-other,
TE,2025-10-15,NYSE,Producer Manufacturing,Electrical Products,1110.2,4.01,24.81,30.67,4.7,13.61,0.97,7.22,0.66,2,12.71,167.3,267.9,0.44,19.5,0.0,22,-6.29,-4.9,-17.88,-28.07,-23.08,6.09,-36.86,False,True,5.24,11.64,-1.0,1,-1.0,1,-1.0,1,-1.0,none,
TE,2026-05-18,NYSE,Producer Manufacturing,Electrical Products,1110.2,5.67,18.17,23.46,4.48,13.43,0.79,4.95,1.5,1,9.36,-12.0,62.5,0.54,-31.5,34.4,100,2.69,30.15,55.97,79.7,28.81,86.42,-9.25,False,True,7.0,9.57,-1.0,1,-1.0,1,-1.0,1,-1.0,filing-other,
FISK,2025-06-16,AMEX,Finance,Real Estate Investment Trusts,1109.9,8.25,9.09,0.61,-7.78,8.8,0.0,3.32,0.15,15,0.0,5.0,-25.3,1.0,-21.0,56.5,100,-7.78,-7.78,-7.78,-9.56,-9.56,-5.89,-9.56,False,False,,,,,,,,,,none,
MUX,2025-09-02,NYSE,Non-Energy Minerals,Precious Metals,1103.2,11.55,9.09,19.39,9.44,12.76,0.89,6.34,0.6,2,4.52,34.0,72.6,0.98,6.8,0.0,100,10.4,7.7,7.62,7.14,35.71,38.17,3.53,True,True,13.79,10.22,-0.206,10,3.787,39,1.326,47,-0.189,none,
GDRX,2025-08-18,NASDAQ,Health Services,Medical/Nursing Services,1101.9,3.73,24.66,37.27,10.11,20.76,0.69,35.29,6.17,3,4.32,-5.8,-26.0,0.78,-35.5,47.4,100,0.43,-3.44,-8.6,-7.53,-9.03,12.9,-15.05,False,True,5.12,12.5,-1.0,2,-1.0,2,-1.0,2,-1.0,filing-other,
CDRE,2025-05-07,NYSE,Electronic Technology,Aerospace & Defense,1093.2,29.61,9.9,19.62,8.85,18.44,0.84,3.45,1.52,0,4.43,-19.6,-15.9,0.97,-19.2,58.7,100,12.11,9.93,7.56,2.77,4.36,14.38,-1.14,True,True,35.42,13.35,-0.104,9,-0.577,12,-0.805,33,-0.045,earnings,"2.02,9.01"
CDRE,2026-08-06,NYSE,Electronic Technology,Aerospace & Defense,1093.2,31.03,11.47,12.86,1.24,11.42,0.39,4.55,1.04,3,4.64,0.6,-24.9,1.0,-29.1,37.1,100,-5.12,-1.59,-1.99,-2.14,-13.62,1.33,-18.76,False,True,35.02,4.23,-1.0,1,-1.0,1,-1.0,1,-1.0,earnings,"2.02,9.01"
SGML,2025-11-17,NASDAQ,Non-Energy Minerals,Other Metals/Minerals,1093.0,6.06,35.48,32.34,-2.31,24.2,0.7,8.49,3.1,0,12.15,-5.5,1.2,0.84,-44.4,12.9,100,-5.36,14.43,21.68,28.26,24.6,50.55,-8.65,True,False,,,,,,,,,,none,
SGML,2025-11-19,NASDAQ,Non-Energy Minerals,Other Metals/Minerals,1093.0,7.77,14.54,33.33,16.4,23.11,0.73,5.82,0.89,1,12.99,30.6,41.5,0.84,-39.5,10.5,100,5.56,12.25,19.21,12.13,30.45,38.88,-0.79,False,True,10.36,14.38,-1.0,2,-1.0,2,-1.0,2,-1.0,none,
SGML,2026-02-25,NASDAQ,Non-Energy Minerals,Other Metals/Minerals,1093.0,12.6,18.33,29.92,9.79,17.22,0.79,4.22,0.4,6,8.83,27.9,104.9,0.7,-11.6,3.7,94,8.79,-5.97,-13.08,-13.08,-29.71,9.12,-40.14,False,True,16.37,12.03,-1.0,1,-1.0,1,-1.0,1,-1.0,none,
SGML,2026-03-30,NASDAQ,Non-Energy Minerals,Other Metals/Minerals,1093.0,10.46,23.9,13.96,-8.02,28.41,0.13,6.2,0.46,8,8.22,-27.9,48.8,0.71,-23.2,15.9,100,-4.78,10.88,12.89,35.57,59.03,72.21,-12.19,False,False,,,,,,,,,,filing-other,
PUMP,2025-10-29,NYSE,Industrial Services,Oilfield Services/Equipment,1090.7,7.3,23.29,52.05,23.33,31.93,0.93,7.72,1.39,1,5.87,36.2,46.6,0.89,-19.4,12.0,100,20.44,21.67,20.44,15.89,4.67,29.56,-2.17,True,True,11.1,22.97,-0.263,10,-0.557,15,-0.722,40,-0.195,earnings,"2.02,9.01"
HBNB,2026-06-03,NASDAQ,Finance,Real Estate Development,1088.8,5.18,15.83,9.85,-5.17,15.38,0.61,4.2,0.02,71,6.69,-34.8,-30.0,0.59,-68.9,17.6,100,0.0,-9.5,-12.25,-10.67,-10.42,0.0,-16.67,False,False,,,,,,,,,,none,
CLVT,2026-02-24,NYSE,Commercial Services,Miscellaneous Commercial Services,1087.4,1.68,27.38,39.88,9.81,13.81,0.86,6.36,2.76,0,8.46,-49.4,-62.7,0.7,-57.0,92.6,91,7.48,7.48,15.42,23.36,15.42,28.97,-0.47,True,True,2.35,10.64,0.88,13,0.48,20,-0.2,1,0.52,earnings,"2.02,7.01,9.01"
PSIX,2025-08-08,NASDAQ,Producer Manufacturing,Auto Parts: OEM,1086.4,87.79,25.55,13.57,-9.54,29.46,0.2,3.18,1.44,0,9.26,216.4,108.8,0.24,9.1,0.0,20,-12.61,-17.92,-22.27,-17.2,-23.43,-4.74,-31.92,False,False,,,,,,,,,,earnings,"2.02,9.01"
GO,2025-08-06,NASDAQ,Retail Trade,Food Retail,1085.0,13.02,22.5,42.7,16.49,20.77,0.9,7.02,1.31,2,3.4,-20.3,-23.8,0.98,-26.4,31.5,100,15.55,14.23,15.3,15.55,13.61,21.69,9.84,True,True,18.58,15.77,-0.13,9,-0.137,19,-1.0,32,-0.128,earnings,"2.02,9.01"
GO,2026-05-14,NASDAQ,Retail Trade,Food Retail,1085.0,7.74,17.7,-0.9,-15.81,25.2,0.07,3.93,0.51,3,5.05,-23.2,-32.6,0.59,-53.1,73.4,100,-18.77,-10.87,-12.07,-6.59,5.16,7.52,-20.58,False,False,,,,,,,,,,earnings,"2.02,9.01"
CRML,2025-04-14,NASDAQ,Non-Energy Minerals,Precious Metals,1084.8,2.16,11.57,18.06,5.81,33.86,0.63,12.36,1.92,1,17.26,-73.8,-67.8,0.19,-75.6,29.1,46,-10.79,3.32,-20.33,-39.83,-36.51,12.03,-44.4,False,True,2.55,17.65,-1.0,1,-1.0,1,-1.0,1,-1.0,filing-other,
CRML,2025-06-16,NASDAQ,Non-Energy Minerals,Precious Metals,1084.8,2.03,13.3,49.26,31.74,74.63,0.64,17.19,3.42,2,10.75,10.3,-72.5,0.79,-76.7,18.8,100,17.83,8.26,10.43,42.17,78.26,96.52,-8.7,True,True,3.03,32.34,0.0,8,0.0,8,0.0,8,-0.184,none,
CRML,2025-10-06,NASDAQ,Non-Energy Minerals,Precious Metals,1084.8,7.98,44.05,45.24,0.83,82.3,0.32,29.36,3.81,3,11.2,160.8,439.2,0.41,16.2,0.0,20,-12.83,27.97,102.52,70.33,-4.87,179.69,-13.88,True,True,11.59,21.05,1.918,11,0.84,13,0.0,17,1.705,filing-other,
CRML,2025-10-10,NASDAQ,Non-Energy Minerals,Precious Metals,1084.8,14.71,13.22,1.84,-10.06,29.72,0.03,4.74,0.36,3,16.19,393.6,855.2,0.46,-0.1,0.0,23,39.78,36.42,25.25,-9.76,-35.27,93.04,-42.78,False,False,,,,,,,,,,filing-other,
CRML,2025-10-13,NASDAQ,Non-Energy Minerals,Precious Metals,1084.8,14.98,14.89,55.41,35.27,39.65,0.94,4.85,0.43,3,17.44,275.4,593.5,0.44,-10.6,0.0,22,74.14,12.84,13.77,-24.64,-40.09,86.81,-44.63,False,True,23.28,27.19,0.0,2,0.0,2,0.0,2,0.0,filing-other,
CRML,2025-10-14,NASDAQ,Non-Energy Minerals,Precious Metals,1084.8,23.28,29.94,28.74,-0.93,29.9,0.71,5.24,0.53,3,18.88,467.8,812.9,0.44,27.8,0.0,22,-24.89,-31.04,-46.21,-60.33,-67.7,-7.44,-68.5,False,False,,,,,,,,,,filing-other,
CRML,2026-01-06,NASDAQ,Non-Energy Minerals,Precious Metals,1084.8,9.4,8.83,25.64,15.44,22.14,0.91,4.49,0.18,16,10.32,-18.9,207.2,0.37,-68.2,47.4,62,34.41,46.38,32.16,49.27,27.37,113.69,19.55,True,True,11.81,16.81,1.743,10,1.108,16,0.0,21,1.693,none,
CRML,2026-04-17,NASDAQ,Non-Energy Minerals,Precious Metals,1084.8,9.27,22.01,35.49,11.05,23.32,0.54,9.83,0.46,26,9.53,-46.3,-59.2,0.59,-64.8,52.3,100,5.57,4.86,1.77,9.99,-1.15,28.29,-8.58,False,True,12.56,11.23,-1.0,2,-1.0,2,-1.0,2,-1.0,none,
VOR,2025-05-12,NASDAQ,Health Technology,Biotechnology,1084.4,3.02,18.54,14.57,-3.35,12.5,0.65,6.28,0.37,5,14.98,-89.1,-82.4,0.41,-90.1,77.8,55,-10.61,-4.47,-1.68,-2.79,28.49,53.07,-14.53,False,False,,,,,,,,,,filing-other,
VOR,2025-06-24,NASDAQ,Health Technology,Biotechnology,1084.4,5.8,13.45,9.66,-3.34,50.16,0.03,19.22,1.95,3,14.5,-67.2,-67.4,0.13,-81.7,32.1,46,68.39,222.19,334.65,672.04,535.26,900.0,-11.85,False,False,,,,,,,,,,none,
VOR,2025-06-26,NASDAQ,Health Technology,Biotechnology,1084.4,11.08,80.51,60.65,-11.0,76.97,0.32,20.64,1.64,3,21.97,-31.6,-36.1,0.03,-44.4,7.6,72,6.0,43.0,91.0,150.0,120.0,229.0,-9.5,True,False,,,,,,,,,,agreement,"1.01,1.02,3.02,5.02,7.01,9.01"
VOR,2025-12-09,NASDAQ,Health Technology,Biotechnology,1084.4,8.36,26.26,28.23,1.56,43.27,0.46,50.81,2.96,7,10.79,-76.8,81.7,0.32,-84.0,67.8,58,-2.13,18.52,49.88,28.19,21.08,59.17,-6.87,True,True,10.72,16.53,1.693,13,0.519,16,-0.22,1,1.465,filing-other,5.02
DLX,2026-01-29,NYSE,Commercial Services,Commercial Printing/Forms,1077.6,23.9,12.47,13.47,0.89,6.65,0.92,3.96,1.25,2,3.01,25.2,47.0,0.89,7.1,0.0,100,-1.79,1.79,3.94,-3.72,3.24,6.4,-6.03,False,True,27.12,5.75,0.0,7,0.0,7,0.0,7,0.051,earnings,"2.02,9.01"
MNKD,2025-09-02,NASDAQ,Health Technology,Pharmaceuticals: Major,1074.0,4.59,32.03,25.05,-5.28,10.32,0.21,8.0,2.91,0,4.75,7.0,-10.5,0.94,-20.6,31.6,100,-9.08,-8.58,-9.08,-11.39,-11.39,-0.99,-14.36,False,False,,,,,,,,,,none,
MNKD,2026-05-06,NASDAQ,Health Technology,Pharmaceuticals: Major,1074.0,2.86,20.28,24.48,3.49,26.18,0.18,8.62,1.01,6,4.42,-50.5,-47.8,0.67,-47.2,72.5,100,3.2,-2.33,-6.69,-5.52,2.33,14.53,-14.83,False,True,3.56,4.49,-1.0,1,-1.0,1,-1.0,1,-1.0,earnings,"2.02,9.01"
REAL,2025-08-08,NASDAQ,Retail Trade,Internet Retail,1069.5,5.51,27.95,16.15,-9.22,16.61,0.08,5.64,0.98,3,6.4,-24.4,-35.5,0.95,-38.0,28.2,100,-6.95,10.64,9.65,7.94,16.74,25.62,-8.65,True,False,,,,,,,,,,earnings,"2.02,9.01"
REAL,2025-11-11,NASDAQ,Retail Trade,Internet Retail,1069.5,11.21,21.23,38.09,13.91,21.56,0.97,6.73,1.39,2,5.9,43.7,103.8,0.56,5.9,0.0,73,8.68,1.91,0.52,6.55,7.8,19.5,-8.46,False,True,15.48,17.31,-0.847,6,-1.0,8,-1.0,8,-0.767,earnings,"2.02,9.01"
REAL,2026-02-27,NASDAQ,Retail Trade,Internet Retail,1069.5,12.39,12.91,-1.05,-12.37,18.31,0.17,3.8,0.54,2,6.83,-14.4,62.4,0.79,-19.6,18.4,100,-15.15,-13.3,-19.16,-31.67,-38.74,-11.37,-39.42,False,False,,,,,,,,,,earnings,"2.02,9.01"
CSTL,2025-08-05,NASDAQ,Health Technology,Medical Specialties,1065.6,15.32,29.57,32.83,2.52,14.2,0.63,4.8,1.3,2,4.47,-18.3,-46.7,0.84,-44.6,63.8,100,-0.45,-2.47,-2.57,0.25,16.88,23.48,-5.24,True,True,20.35,8.21,1.551,25,0.641,27,1.072,52,0.836,earnings,"2.02,7.01,9.01"
BBNX,2025-10-29,NASDAQ,Health Technology,Medical Specialties,1047.1,24.28,15.73,10.34,-4.66,14.68,0.06,3.45,0.41,3,7.26,44.6,119.7,0.62,5.4,0.0,70,-4.7,-1.41,-5.66,0.21,9.82,16.41,-13.42,False,False,,,,,,,,,,earnings,"2.02,9.01"
PRCT,2026-04-30,NASDAQ,Health Technology,Medical Specialties,1043.5,21.71,10.92,10.73,-0.17,20.41,0.53,3.28,0.45,5,5.49,-25.4,-41.2,0.97,-64.0,91.9,100,2.28,4.57,5.65,9.55,9.34,23.01,-3.82,True,False,,,,,,,,,,earnings,"2.02,9.01"
ANRO,2025-10-20,NYSE,Health Technology,Biotechnology,1043.1,6.08,11.02,80.92,62.96,81.4,0.78,7.72,0.29,1,12.67,117.1,162.1,0.51,-55.1,42.4,25,60.74,65.63,81.48,80.3,104.44,124.89,44.15,True,True,11.0,38.91,0.273,10,0.0,11,0.0,11,0.196,agreement,"1.01,1.02,3.02,8.01,9.01"
TRUP,2026-08-06,NASDAQ,Finance,Multi-Line Insurance,1035.8,24.39,13.12,15.46,2.07,11.32,0.62,5.38,1.41,2,3.98,-2.1,-24.6,1.0,-51.6,61.3,100,-2.17,10.58,12.36,11.2,4.35,16.31,-3.77,True,True,28.16,6.61,1.091,14,0.532,17,0.0,18,1.148,earnings,"2.02,8.01,9.01"
FTK,2025-05-07,NYSE,Industrial Services,Oilfield Services/Equipment,1032.3,7.14,8.54,42.16,30.97,34.19,0.91,6.64,0.77,3,6.66,-20.7,40.8,0.7,-25.1,63.1,100,43.35,62.97,89.55,94.06,86.58,113.81,28.26,True,True,10.15,23.65,1.813,13,1.767,21,1.304,44,1.553,earnings,"2.02,7.01,9.01"
FTK,2026-08-05,NYSE,Industrial Services,Oilfield Services/Equipment,1032.3,28.21,18.65,27.86,7.77,14.27,0.72,4.57,1.01,0,6.9,67.3,55.6,0.81,16.7,0.0,85,8.84,12.4,11.05,-24.8,-30.18,18.52,-33.82,False,True,36.07,9.29,0.0,6,0.0,6,0.0,6,0.154,earnings,"2.02,7.01,9.01"
UTI,2026-05-22,NYSE,Commercial Services,Miscellaneous Commercial Services,1026.4,36.6,8.03,9.45,1.32,6.45,0.46,5.29,1.11,1,5.62,13.8,24.1,1.0,-4.8,2.4,100,1.09,-1.29,4.68,8.65,0.53,15.68,-8.65,False,True,40.06,2.87,-1.0,1,-1.0,1,-1.0,1,-1.0,none,
SLBT,2026-04-09,NASDAQ,Consumer Non-Durables,Household/Personal Care,1026.2,6.175,13.36,19.03,5.0,47.89,0.35,5.34,0.06,12,10.75,-41.6,-40.4,0.67,-51.1,97.2,100,8.14,10.71,2.57,17.14,12.86,58.14,-11.43,False,True,7.35,14.42,-1.0,1,-1.0,1,-1.0,1,-1.0,none,
SLBT,2026-06-11,NASDAQ,Consumer Non-Durables,Household/Personal Care,1026.2,9.21,15.64,19.65,3.47,24.25,0.39,4.48,0.18,4,10.88,2.4,-12.3,0.68,-25.6,4.8,100,-45.54,-16.53,-45.63,-64.79,-59.34,36.15,-71.83,False,True,11.02,8.71,-1.0,1,-1.0,1,-1.0,1,-1.0,filing-other,
SLBT,2026-06-16,NASDAQ,Consumer Non-Durables,Household/Personal Care,1026.2,3.33,236.64,166.97,-20.7,92.05,0.19,180.11,8.44,3,25.68,-59.6,-68.4,0.63,-21.7,1.5,81,-43.09,-59.68,-66.55,-60.3,-61.37,-37.64,-71.19,False,False,,,,,,,,,,filing-other,
PCRX,2025-04-08,NASDAQ,Health Technology,Pharmaceuticals: Major,1022.5,22.91,20.47,14.67,-4.82,8.35,0.36,4.07,1.17,2,4.5,23.0,38.7,0.92,0.0,0.0,100,-6.38,-11.01,-9.86,-8.7,-8.77,-0.94,-19.86,False,False,,,,,,,,,,agreement,"1.01,7.01,9.01"
RSKD,2026-08-12,NYSE,Technology Services,Packaged Software,1018.0,5.27,14.99,19.92,4.29,14.03,0.97,8.71,1.95,3,2.67,15.1,16.9,1.0,10.5,0.0,100,6.44,3.96,-0.66,-1.49,-1.49,15.18,-4.46,True,True,6.32,12.03,0.0,3,0.0,3,0.0,3,-0.009,filing-other,
UPWK,2025-05-06,NASDAQ,Commercial Services,Personnel Services,1011.7,13.32,10.36,18.02,6.94,12.38,0.61,6.03,0.69,5,4.62,-14.4,-1.8,0.76,-19.0,56.8,100,10.68,14.83,19.05,11.97,3.74,20.75,2.04,True,True,15.72,7.0,0.755,9,0.0,13,0.0,13,0.855,earnings,"2.02,9.01"
UPWK,2025-08-07,NASDAQ,Commercial Services,Personnel Services,1011.7,11.95,14.06,13.64,-0.37,10.79,0.87,3.38,0.63,1,3.21,-26.6,-24.1,0.76,-24.9,58.1,100,-3.37,0.29,0.51,8.51,18.78,26.12,-6.09,True,False,,,,,,,,,,earnings,"2.01,2.02,9.01"
UPWK,2025-11-04,NASDAQ,Commercial Services,Personnel Services,1011.7,15.63,20.47,13.24,-6.0,17.02,0.58,4.59,1.06,3,3.99,30.8,-0.6,0.75,-8.3,5.3,100,-13.01,-7.33,-4.67,-9.29,4.78,13.54,-17.1,False,False,,,,,,,,,,earnings,"2.02,9.01"
GHM,2025-06-09,NYSE,Producer Manufacturing,Industrial Machinery,1011.1,42.0,17.86,6.33,-9.78,15.29,0.07,6.53,0.64,8,3.75,38.0,-5.8,0.67,-4.8,1.6,100,-6.06,-5.07,-4.38,-2.65,6.63,8.79,-11.01,False,False,,,,,,,,,,earnings,"2.02,7.01,9.01"
RXT,2026-02-20,NASDAQ,Technology Services,Data Processing Services,1004.2,1.225,11.02,37.14,23.53,60.0,0.49,9.36,0.38,1,17.94,10.4,7.5,0.65,-55.1,72.3,100,9.56,-0.74,43.38,52.21,24.26,101.47,-3.68,True,True,1.68,22.62,0.842,11,0.237,17,0.0,19,0.272,none,
RXT,2026-02-23,NASDAQ,Technology Services,Data Processing Services,1004.2,1.68,15.18,-11.31,-23.0,31.76,0.02,3.29,0.18,2,20.58,60.0,43.6,0.63,-36.1,1.7,81,-24.55,17.83,14.73,3.36,-20.93,41.6,-32.3,False,False,,,,,,,,,,filing-other,
RXT,2026-02-26,NASDAQ,Technology Services,Data Processing Services,1004.2,1.35,25.56,68.89,34.51,70.55,0.8,4.55,0.28,2,22.51,33.7,9.8,0.59,-37.5,2.7,100,15.04,45.13,40.41,2.65,-31.56,61.65,-36.28,False,True,2.28,35.96,-0.341,7,-0.622,13,-1.0,18,-0.154,earnings,"2.02,9.01"
RXT,2026-05-07,NASDAQ,Technology Services,Data Processing Services,1004.2,2.27,75.11,55.07,-11.45,37.5,0.13,27.55,0.36,11,15.72,404.4,51.3,0.29,45.1,0.0,42,38.11,59.25,83.4,8.93,18.36,92.45,-7.42,True,False,,,,,,,,,,earnings,"2.02,9.01"
RXT,2026-05-08,NASDAQ,Technology Services,Data Processing Services,1004.2,3.52,9.52,55.97,42.41,60.0,0.77,11.68,0.28,7,16.88,682.2,127.1,0.32,-16.6,0.0,17,21.66,49.68,50.97,7.65,16.99,98.44,-4.54,False,True,5.49,31.69,0.0,6,0.0,6,0.0,6,0.054,earnings,"2.02,9.01"
GLUE,2025-09-15,NASDAQ,Health Technology,Biotechnology,1001.6,4.81,50.1,44.07,-4.02,22.11,0.65,87.13,0.33,11,4.71,-2.0,-23.3,0.84,-41.8,55.8,100,-10.39,-4.02,-9.56,1.25,44.04,44.6,-14.68,True,False,,,,,,,,,,agreement,"1.01,7.01,9.01"
GLUE,2026-01-07,NASDAQ,Health Technology,Biotechnology,1001.6,16.01,36.85,45.41,6.25,19.14,0.54,21.68,0.73,4,8.09,116.9,202.6,0.56,14.3,0.0,28,15.52,8.26,9.81,5.07,-13.74,17.62,-13.95,False,True,23.28,9.32,0.0,3,0.0,3,0.0,3,0.068,equity-sale,"7.01,8.01,9.01"
HRTG,2026-08-06,NYSE,Finance,Property/Casualty Insurance,995.7,30.23,14.26,16.47,1.94,17.17,0.76,3.02,0.55,2,3.4,5.3,13.9,0.84,8.0,0.0,100,-5.21,-6.83,-3.68,-2.63,1.16,3.14,-7.56,True,True,35.21,11.53,-0.463,9,-0.261,31,,,-0.557,earnings,"2.02,9.01"
FUBO,2025-07-30,NYSE,Technology Services,Internet Software/Services,992.6,42.48,12.57,17.51,4.39,12.69,0.61,4.68,0.09,12,5.85,14.2,-10.4,0.89,-38.2,38.0,100,-0.13,-0.63,-6.15,-5.65,-14.43,10.41,-18.44,False,True,49.92,7.21,-1.0,2,-1.0,2,-1.0,2,-1.0,earnings,"2.02,9.01"
FUBO,2025-10-29,NYSE,Technology Services,Internet Software/Services,992.6,43.68,18.13,1.37,-14.19,19.95,0.04,6.32,0.11,5,5.19,-8.5,21.3,0.92,-33.3,28.4,100,-14.88,-19.53,-5.12,-8.6,-30.0,-2.33,-30.0,False,False,,,,,,,,,,agreement,"1.01,2.01,3.02,3.03,5.01,5.02,5.03,7.01,8.01,9.01"
FUBO,2026-04-06,NYSE,Technology Services,Internet Software/Services,992.6,9.77,12.08,23.54,10.23,17.92,0.74,4.57,1.13,5,7.94,-68.6,-79.4,0.44,-80.7,93.3,65,13.79,9.95,7.21,21.37,17.35,32.76,0.27,True,True,12.07,11.68,0.142,13,-0.262,4,0.277,1,0.088,earnings,"2.02,9.01"
CRVS,2025-05-09,NASDAQ,Health Technology,Pharmaceuticals: Major,989.3,3.35,25.97,32.24,4.98,14.25,0.89,8.86,0.63,2,6.2,-35.7,-63.7,0.54,-57.8,70.0,87,-3.91,-14.22,-14.45,-17.3,-4.27,7.35,-19.91,False,True,4.43,11.29,-1.0,1,-1.0,1,-1.0,1,-1.0,earnings,"2.02,7.01,8.01,9.01"
CRVS,2026-01-20,NASDAQ,Health Technology,Pharmaceuticals: Major,989.3,8.05,67.83,165.96,58.48,74.15,0.93,49.06,9.48,3,6.97,14.3,80.9,0.94,40.7,0.0,100,63.95,85.79,63.43,57.96,33.9,99.48,27.79,True,True,21.41,40.73,0.0,4,0.0,4,0.0,4,0.141,equity-sale,"7.01,8.01,9.01"
RCAT,2025-07-11,NASDAQ,Technology Services,Packaged Software,985.0,6.78,19.47,26.4,5.8,17.51,0.64,4.59,0.86,2,7.88,-9.0,-48.1,0.63,-47.0,51.7,100,27.53,41.48,39.14,16.79,15.19,57.65,-3.83,True,True,8.57,10.04,0.477,7,0.0,12,0.0,12,1.438,none,
RCAT,2025-09-11,NASDAQ,Technology Services,Packaged Software,985.0,8.52,8.86,29.11,18.6,21.58,0.89,4.92,0.62,6,7.15,1.1,72.1,0.67,-39.3,35.9,100,18.49,16.77,8.25,9.65,58.06,80.05,3.07,True,True,11.0,16.18,-0.348,9,0.416,26,0.0,28,-0.264,filing-other,
RCAT,2026-03-02,NASDAQ,Technology Services,Packaged Software,985.0,11.65,8.93,17.34,7.72,21.87,0.39,3.27,0.9,2,11.68,58.9,28.9,0.37,-29.6,20.4,66,15.84,18.83,11.07,22.46,-8.67,47.99,-11.9,False,True,13.67,7.86,0.0,6,0.0,6,0.0,6,0.437,none,
RCAT,2026-05-28,NASDAQ,Technology Services,Packaged Software,985.0,10.67,16.26,32.61,14.07,25.97,0.71,7.12,1.36,6,6.87,-17.9,47.6,0.54,-33.9,39.0,100,16.89,20.52,18.82,-3.18,-25.19,27.29,-28.54,False,True,14.15,15.51,-0.67,6,-1.0,8,-1.0,8,-0.325,filing-other,
TRIP,2026-06-15,NASDAQ,Consumer Services,Other Consumer Services,984.5,12.41,9.59,1.21,-7.65,13.15,0.01,3.48,0.58,0,5.24,30.4,-19.4,0.98,-32.5,46.2,100,-5.81,-4.63,-8.9,0.81,7.35,8.9,-11.25,False,False,,,,,,,,,,agreement,"1.01,7.01,9.01"
MLTX,2025-06-03,NASDAQ,Health Technology,Pharmaceuticals: Major,974.5,41.16,16.18,17.95,1.53,6.01,0.55,10.6,1.48,4,5.27,2.1,-24.1,0.98,-17.9,26.6,100,6.75,-1.97,-3.66,-10.08,0.08,10.58,-11.71,False,True,48.55,3.19,-1.0,3,-1.0,3,-1.0,3,-1.026,none,
MLTX,2026-01-08,NASDAQ,Health Technology,Pharmaceuticals: Major,974.5,11.29,43.4,27.02,-11.43,19.55,0.24,14.4,0.31,11,5.54,24.1,-76.9,0.54,-74.2,21.5,87,14.21,5.62,0.99,-2.04,-4.2,16.12,-10.62,True,False,,,,,,,,,,other-8k,"8.01,9.01"
AEVA,2025-12-03,NASDAQ,Electronic Technology,Semiconductors,973.8,10.89,9.18,25.71,15.14,19.27,0.95,3.5,0.71,1,9.25,-17.7,-47.0,0.63,-69.4,73.4,100,33.56,26.91,29.86,8.33,7.23,45.75,6.9,True,True,13.69,15.49,0.321,8,0.0,9,0.0,9,0.434,other-8k,"7.01,8.01,9.01"
AEVA,2026-01-06,NASDAQ,Electronic Technology,Semiconductors,973.8,13.09,25.74,34.38,6.87,21.41,0.74,10.96,2.24,2,8.04,-23.3,-56.4,0.48,-57.6,36.8,99,3.22,20.72,20.9,10.51,-23.63,37.42,-25.88,False,True,17.59,13.7,0.0,4,0.0,4,0.0,4,0.315,filing-other,
AEVA,2026-08-06,NASDAQ,Electronic Technology,Semiconductors,973.8,19.61,31.57,28.81,-2.09,24.92,0.44,4.65,0.39,6,8.77,18.3,56.0,0.49,-17.6,5.1,100,3.18,-6.74,-13.1,-26.86,-40.85,9.69,-43.98,False,False,,,,,,,,,,earnings,"2.02,5.02,9.01"
ALMS,2026-01-06,NASDAQ,Health Technology,Pharmaceuticals: Major,973.2,8.31,167.15,95.31,-26.89,46.04,0.14,52.05,4.89,1,8.38,101.7,138.8,0.14,78.5,0.0,4,-19.28,-11.89,-0.41,20.18,18.69,27.43,-24.77,True,False,,,,,,,,,,equity-sale,"8.01,9.01"
NPKI,2025-05-02,NYSE,Producer Manufacturing,Building Products,968.0,6.04,27.81,25.66,-1.68,8.79,0.67,3.15,1.02,1,6.31,-12.7,-10.1,0.83,-9.3,11.8,100,2.72,2.59,8.68,5.96,4.4,12.18,-4.15,True,False,,,,,,,,,,earnings,"2.02,7.01,9.01"
KURA,2026-08-25,NASDAQ,Health Technology,Biotechnology,961.2,12.4,9.6,9.6,0.0,8.17,0.7,3.33,1.01,3,6.31,19.1,48.0,0.83,5.3,0.0,100,-3.9,-6.84,-5.15,-11.04,-18.76,0.52,-20.35,False,False,,,,,,,,,,filing-other,
VPG,2026-01-29,NYSE,Electronic Technology,Electronic Components,955.1,44.37,9.31,13.55,3.88,5.33,0.93,3.98,0.74,1,5.33,19.7,64.6,0.79,-4.0,0.0,100,3.26,8.91,7.3,-3.75,-5.01,15.98,-9.26,False,True,50.38,4.74,0.0,9,0.0,9,0.0,9,0.34,none,
VPG,2026-05-12,NYSE,Electronic Technology,Electronic Components,955.1,66.6,26.04,28.48,1.94,11.03,0.74,4.59,1.02,3,5.26,24.3,102.1,0.76,21.9,0.0,99,18.66,15.94,16.69,50.01,45.64,62.27,7.23,True,True,85.57,7.5,4.975,17,6.581,31,3.564,37,3.927,earnings,"2.02,9.01"
LAC,2025-09-24,NYSE,Non-Energy Minerals,Other Metals/Minerals,954.8,3.07,64.66,95.77,18.89,26.51,0.78,33.86,4.67,2,4.8,18.1,4.4,0.92,-2.8,0.0,100,45.8,13.55,39.27,55.69,32.34,108.11,3.46,True,True,6.01,17.14,0.0,3,0.0,3,0.0,3,-0.087,none,
LAC,2025-09-25,NYSE,Non-Energy Minerals,Other Metals/Minerals,954.8,6.01,12.81,22.63,8.7,18.21,0.86,11.94,0.74,2,5.93,117.0,110.9,0.9,7.6,0.0,59,-6.64,-15.78,1.18,18.58,-4.42,55.16,-22.86,False,True,7.37,13.57,-1.0,1,-1.0,1,-1.0,1,-1.0,none,
LAC,2025-10-01,NYSE,Non-Energy Minerals,Other Metals/Minerals,954.8,5.71,30.82,23.29,-5.76,14.74,0.47,7.0,0.75,2,8.19,110.7,106.9,0.87,-0.8,0.0,59,-8.17,13.12,5.35,26.37,-23.03,40.83,-23.96,False,False,,,,,,,,,,other-8k,"7.01,8.01,9.01"
CBLL,2025-12-09,NASDAQ,Health Technology,Medical Specialties,954.1,20.22,9.84,4.95,-4.46,15.04,0.04,4.47,0.76,3,5.62,76.7,14.1,0.83,-32.2,16.5,77,-9.14,-5.76,-0.99,-4.14,3.87,5.35,-10.54,False,False,,,,,,,,,,other-8k,"8.01,9.01"
LZ,2025-05-08,NASDAQ,Technology Services,Internet Software/Services,950.5,7.25,18.76,23.59,4.07,11.54,0.45,3.1,0.65,1,4.4,-21.5,1.4,0.65,-18.8,44.1,100,4.88,10.45,6.85,11.03,6.5,13.07,-0.23,True,True,8.96,4.94,0.722,11,0.0,16,0.0,16,0.895,earnings,"2.02,7.01,8.01,9.01"
LZ,2025-08-08,NASDAQ,Technology Services,Internet Software/Services,950.5,8.37,28.43,31.18,2.14,11.7,0.24,7.36,1.36,3,2.91,-6.6,-9.3,1.0,1.4,0.0,100,3.16,-0.19,-0.28,2.14,-3.72,5.86,-4.47,False,True,10.98,2.73,-1.0,2,-1.0,2,-1.0,2,-1.0,earnings,"2.02,7.01,9.01"
LZ,2025-11-06,NASDAQ,Technology Services,Internet Software/Services,950.5,10.175,19.21,7.42,-9.89,18.38,0.24,3.34,0.53,3,3.27,-7.3,13.6,1.0,1.7,0.0,100,-16.74,-16.57,-17.81,-25.64,-22.67,-10.31,-26.71,False,False,,,,,,,,,,earnings,"2.02,7.01,9.01"
FEIM,2025-06-17,NASDAQ,Electronic Technology,Telecommunications Equipment,948.6,19.6,12.19,13.98,1.59,13.47,0.17,6.94,0.97,3,5.94,27.4,16.3,0.97,4.7,0.0,100,-0.82,5.68,1.96,-3.91,-7.32,11.41,-14.96,False,True,22.34,2.28,-1.0,1,-1.0,1,-1.0,1,-1.0,none,
NXDR,2025-07-22,NYSE,Technology Services,Internet Software/Services,947.8,2.05,18.05,-0.49,-15.7,22.55,0.0,4.06,0.56,4,4.94,43.4,-15.3,0.94,-19.2,31.4,100,-19.42,-22.31,-24.79,-28.51,-18.18,-11.98,-31.82,False,False,,,,,,,,,,none,
NXDR,2025-11-06,NYSE,Technology Services,Internet Software/Services,947.8,1.72,20.35,-2.91,-19.32,26.67,0.05,5.21,0.44,8,4.37,-17.3,22.0,0.98,-30.9,34.3,100,-14.01,-16.91,-18.84,-23.67,-5.8,-1.93,-24.64,False,False,,,,,,,,,,earnings,"2.02,5.02,7.01,9.01"
NXDR,2025-12-10,NYSE,Technology Services,Internet Software/Services,947.8,2.01,34.33,25.87,-6.3,35.29,0.41,23.55,3.77,2,5.18,-2.0,26.4,0.87,-3.6,2.6,100,2.59,-20.0,-22.59,-19.26,-26.67,37.78,-26.67,False,False,,,,,,,,,,filing-other,
NXDR,2025-12-11,NYSE,Technology Services,Internet Software/Services,947.8,2.53,16.6,9.49,-6.1,35.27,0.02,15.76,1.19,1,6.72,21.6,63.2,0.86,-1.3,0.0,100,-19.66,-24.41,-28.81,-27.46,-32.88,-0.68,-34.58,False,False,,,,,,,,,,filing-other,
NXDR,2026-05-07,NYSE,Technology Services,Internet Software/Services,947.8,1.63,10.43,17.79,6.67,10.56,0.63,3.85,0.13,11,3.99,-4.1,-9.9,1.0,-51.6,56.1,100,12.22,7.78,15.56,12.22,15.0,24.44,3.06,True,True,1.92,6.25,0.0,2,0.0,2,0.0,2,0.0,earnings,"2.02,8.01,9.01"
RHLD,2025-11-03,NYSE,Commercial Services,Miscellaneous Commercial Services,939.7,73.66,79.22,96.81,9.82,25.09,0.88,4.47,0.6,9,7.88,78.5,182.5,0.67,46.7,0.0,36,11.84,27.84,32.38,14.7,36.4,45.03,6.95,True,True,144.97,18.07,0.246,10,1.583,41,1.754,55,0.467,earnings,"2.02,7.01,9.01"
KODK,2025-11-07,NYSE,Producer Manufacturing,Industrial Machinery,938.9,5.85,11.97,33.16,18.93,24.53,0.89,7.91,0.82,9,4.55,-13.7,8.5,1.0,-20.5,42.4,100,32.06,28.09,12.82,10.08,45.5,47.33,3.05,True,True,7.79,17.84,0.0,2,0.0,2,0.0,2,0.0,earnings,"2.02,9.01"
KODK,2026-03-13,NYSE,Producer Manufacturing,Industrial Machinery,938.9,6.89,9.29,1.16,-7.44,15.13,0.03,3.86,0.22,19,4.02,-25.6,14.8,0.92,-24.4,21.1,100,-3.98,5.31,3.98,25.63,58.7,65.47,-7.44,True,False,,,,,,,,,,earnings,"2.02,9.01"
KODK,2026-08-05,NYSE,Producer Manufacturing,Industrial Machinery,938.9,8.93,12.32,10.41,-1.69,7.97,0.77,3.08,0.24,6,4.06,-36.7,21.7,0.87,-32.5,15.5,100,-5.78,-0.4,1.0,-2.99,-8.37,2.79,-13.16,False,False,,,,,,,,,,earnings,"2.02,9.01"
KFRC,2025-11-04,NYSE,Commercial Services,Personnel Services,929.1,24.54,19.4,28.69,7.78,19.39,0.4,4.48,1.12,1,3.37,-24.5,-34.3,0.94,-53.3,89.5,100,5.77,2.83,6.48,-0.89,2.66,8.74,-5.67,False,True,31.58,7.22,-1.0,8,-1.0,8,-1.0,8,-0.879,earnings,"2.02,9.01"
KFRC,2026-04-28,NYSE,Commercial Services,Personnel Services,929.1,32.01,24.96,43.3,14.67,19.11,0.88,6.51,1.45,2,4.45,-6.2,15.1,0.84,-15.8,12.9,100,16.8,10.07,9.77,1.8,7.43,18.75,-3.52,False,True,45.87,14.45,-0.567,9,-1.0,11,-1.0,11,-0.471,earnings,"2.02,9.01"
ABUS,2026-08-21,NASDAQ,Health Technology,Pharmaceuticals: Major,929.1,4.77,9.01,9.22,0.19,7.07,0.33,11.95,1.52,12,3.76,7.4,11.7,1.0,-3.3,0.7,100,0.0,-0.19,-2.5,-0.96,-3.85,1.54,-4.23,False,True,5.21,2.3,-1.0,5,-1.0,5,-1.0,5,-0.722,other-8k,"8.01,9.01"
SBGI,2025-08-12,NASDAQ,Consumer Services,Broadcasting,922.8,12.56,18.63,19.19,0.47,10.21,0.68,5.26,1.31,4,4.12,-21.0,-14.6,0.98,-19.2,47.0,100,-1.01,-4.77,-8.66,-5.1,-10.07,3.09,-11.48,False,True,14.97,6.48,-1.0,4,-0.804,3,-1.0,4,-0.935,none,
SBGI,2025-11-06,NASDAQ,Consumer Services,Broadcasting,922.8,13.63,9.83,17.9,7.35,14.87,0.93,4.1,0.68,6,2.99,14.2,-8.8,1.0,-18.9,27.7,100,9.62,10.22,9.15,3.54,-4.28,19.44,-4.81,True,True,16.07,12.13,0.0,6,0.0,6,0.0,6,0.074,earnings,"2.02,9.01"
TBLA,2025-08-06,NASDAQ,Technology Services,Internet Software/Services,921.2,3.21,15.26,5.3,-8.65,15.24,0.2,3.08,0.33,10,2.49,3.9,-17.7,1.0,-14.0,13.7,100,-7.57,-14.32,-10.54,-12.43,-9.19,-5.0,-15.95,False,False,,,,,,,,,,earnings,"2.02,7.01,9.01"
TBLA,2025-11-05,NASDAQ,Technology Services,Internet Software/Services,921.2,3.33,10.51,11.41,0.82,10.6,0.87,4.1,0.47,10,3.31,-2.6,8.8,1.0,-14.4,12.6,100,2.45,3.26,13.32,6.79,7.61,15.76,-1.63,True,True,3.71,8.49,0.73,9,0.794,20,1.206,50,0.582,earnings,"2.02,7.01,9.01"
TBLA,2026-05-06,NASDAQ,Technology Services,Internet Software/Services,921.2,3.81,11.81,24.67,11.5,18.23,0.93,7.0,1.35,6,2.97,1.9,8.9,0.95,-8.3,3.2,100,22.3,20.42,20.42,15.73,11.27,23.47,6.06,True,True,4.75,14.53,0.261,10,0.0,18,0.0,18,0.358,earnings,"2.02,7.01,9.01"
PLOW,2026-05-05,NYSE,Producer Manufacturing,Trucks/Construction/Farm Machinery,919.6,44.58,8.75,13.82,4.66,10.35,0.68,3.2,1.14,0,3.12,14.2,47.5,1.0,0.0,0.0,100,-6.31,-6.58,-7.3,-11.43,-7.63,7.1,-13.02,False,True,50.74,6.54,-1.0,1,-1.0,1,-1.0,1,-1.0,earnings,"2.02,9.01"
RIGL,2025-05-07,NASDAQ,Health Technology,Pharmaceuticals: Major,913.3,18.26,23.49,1.15,-18.09,41.22,0.06,3.54,0.45,8,6.17,-20.1,28.6,0.9,-24.4,19.6,100,-16.19,-17.47,-18.94,-7.14,-7.01,-4.57,-25.14,False,False,,,,,,,,,,earnings,"2.02,9.01"
RIGL,2025-08-06,NASDAQ,Health Technology,Pharmaceuticals: Major,913.3,24.24,12.13,22.98,9.68,17.04,0.86,9.46,1.46,3,4.95,32.7,16.2,0.97,-8.9,3.5,100,11.99,23.11,34.58,52.17,47.65,60.85,6.25,True,True,29.81,12.78,2.604,15,1.606,23,0.0,34,2.055,earnings,"2.02,9.01"
RIGL,2025-11-05,NASDAQ,Health Technology,Pharmaceuticals: Major,913.3,28.38,22.87,33.37,8.55,15.03,0.67,4.35,1.01,1,5.75,-6.8,53.7,0.63,-20.2,20.8,100,3.58,-0.92,14.54,19.53,35.88,49.81,-2.49,False,True,37.85,9.14,-1.0,3,-1.0,3,-1.0,3,-0.985,earnings,"2.02,9.01"
KRO,2026-08-06,NYSE,Process Industries,Chemicals: Specialty,911.6,6.21,14.33,32.53,15.92,22.82,0.7,6.14,1.76,1,5.66,-18.0,0.6,1.0,-10.0,6.2,100,20.99,17.89,21.83,14.51,19.01,29.15,9.15,True,True,8.23,13.73,-0.265,8,0.195,20,0.0,24,-0.135,earnings,"2.02,7.01,9.01"
IBTA,2026-02-26,NYSE,Technology Services,Packaged Software,910.1,20.5,19.61,28.54,7.46,23.22,0.38,6.12,0.4,9,6.41,-8.0,-19.5,1.0,-64.2,74.3,100,1.84,4.61,-2.57,-5.95,19.94,21.9,-10.85,False,True,26.35,8.16,-1.0,1,-1.0,1,-1.0,1,-1.0,earnings,"2.02,9.01"
IBTA,2026-08-04,NYSE,Technology Services,Packaged Software,910.1,24.58,24.53,51.91,21.99,24.71,0.91,7.35,0.29,14,6.71,-31.1,15.4,0.86,-24.4,28.0,100,15.39,25.51,20.09,20.48,21.76,30.38,7.45,True,True,37.34,18.4,-0.204,9,0.0,22,,,-0.084,earnings,"2.02,9.01"
BXBL,2026-07-20,NASDAQ,Consumer Durables,Homebuilding,903.2,8.3,38.78,18.31,-14.75,25.29,0.1,9.36,1.26,5,10.18,-18.1,-17.8,0.97,-23.9,3.2,100,-30.46,-53.12,-65.8,-57.98,-62.67,-20.13,-72.39,False,False,,,,,,,,,,filing-other,
MTA,2025-08-28,AMEX,Finance,Financial Conglomerates,899.4,5.02,9.56,3.39,-5.64,8.53,0.07,6.22,1.32,2,4.2,64.1,80.6,0.92,9.1,0.0,86,-0.55,1.45,1.82,3.64,12.18,13.09,-6.0,True,False,,,,,,,,,,none,
BZH,2026-05-11,NYSE,Consumer Durables,Homebuilding,890.0,18.77,34.79,34.04,-0.55,6.22,0.71,12.68,2.25,1,4.72,-25.5,-14.9,0.75,-10.7,14.9,100,-7.79,-9.13,-13.44,-3.16,6.88,6.96,-16.96,False,False,,,,,,,,,,none,
BZH,2026-07-08,NYSE,Consumer Durables,Homebuilding,890.0,27.42,14.15,13.09,-0.93,3.74,0.2,4.06,0.32,3,4.15,38.3,32.5,0.79,5.0,0.0,100,0.35,0.61,4.57,5.43,8.85,10.35,-0.8,True,False,,,,,,,,,,none,
PCT,2025-06-17,NASDAQ,Industrial Services,Environmental Services,890.0,11.87,15.84,18.96,2.69,14.76,0.32,6.31,1.44,1,6.92,54.2,-1.5,0.51,-11.7,7.8,79,-0.44,-4.65,0.87,0.44,20.0,21.45,-9.96,False,True,14.12,4.53,-1.0,1,-1.0,1,-1.0,1,-1.0,agreement,"1.01,3.02,5.02,7.01,9.01"
PCT,2025-11-07,NASDAQ,Industrial Services,Environmental Services,890.0,9.61,18.11,9.68,-7.14,14.72,0.4,3.04,0.48,1,7.43,-24.9,31.8,0.94,-34.7,52.9,100,-10.31,-15.42,-19.03,-26.96,-19.56,-3.26,-32.86,False,False,,,,,,,,,,earnings,"1.01,2.02,7.01,9.01"
PCT,2026-05-14,NASDAQ,Industrial Services,Environmental Services,890.0,10.2,13.38,21.47,7.13,12.57,0.65,3.92,0.69,2,7.39,17.0,3.1,0.49,-33.4,34.1,100,8.86,6.27,-2.03,7.13,-23.22,22.74,-30.74,False,True,12.39,7.51,-1.0,5,-1.0,5,-1.0,5,-0.703,filing-other,
NNNN,2026-08-17,NASDAQ,Health Technology,Medical Specialties,886.4,8.74,16.36,-2.92,-16.57,94.92,0.21,29.21,2.0,7,16.36,-67.6,-63.9,0.16,-81.5,94.6,48,-17.9,-27.93,-22.32,-28.22,-45.82,-11.7,-48.38,False,False,,,,,,,,,,none,
LAR,2025-08-11,NYSE,Non-Energy Minerals,Other Metals/Minerals,886.1,2.81,12.1,30.6,16.51,17.89,0.96,5.95,2.54,0,5.94,31.9,12.4,0.6,-20.5,28.5,100,14.92,6.98,4.44,3.17,-2.54,19.37,-3.81,False,True,3.67,14.71,-1.0,7,-1.0,7,-1.0,7,-0.852,filing-other,
LAR,2025-10-06,NYSE,Non-Energy Minerals,Other Metals/Minerals,886.1,4.13,10.17,7.02,-2.86,10.14,0.42,3.54,0.87,2,7.3,76.5,116.2,0.73,7.1,0.0,49,11.43,6.59,19.12,-8.35,-11.65,20.22,-15.6,False,False,,,,,,,,,,none,
LAR,2025-10-07,NYSE,Non-Energy Minerals,Other Metals/Minerals,886.1,4.42,8.82,14.71,5.41,12.9,0.56,4.79,1.3,2,7.43,88.1,136.4,0.73,3.0,0.0,39,0.62,-7.07,7.9,-14.97,-22.66,13.72,-23.49,False,True,5.07,6.71,-1.0,2,-1.0,2,-1.0,2,-1.0,none,
RZLV,2025-04-28,NASDAQ,Technology Services,Packaged Software,883.8,2.09,8.13,11.48,3.1,23.15,0.64,3.29,0.17,23,13.41,-20.8,-58.2,0.35,-76.1,66.9,91,7.52,-3.1,-6.64,-4.87,-5.31,13.72,-15.04,False,True,2.33,12.88,-1.0,5,-1.0,5,-1.0,5,-0.822,none,
RZLV,2025-06-24,NASDAQ,Technology Services,Packaged Software,883.8,2.04,10.78,36.27,23.01,26.55,0.87,10.45,0.62,17,6.65,24.4,-45.6,0.57,-76.1,60.2,100,26.11,21.24,27.43,10.18,50.0,59.29,5.75,True,True,2.78,18.71,0.0,6,0.0,6,0.0,6,-0.026,none,
RZLV,2025-06-25,NASDAQ,Technology Services,Packaged Software,883.8,2.78,9.71,2.52,-6.56,16.04,0.4,4.42,0.34,12,7.69,93.1,-8.6,0.57,-67.7,34.4,59,-3.28,0.82,-9.18,-14.1,-0.33,18.03,-21.64,False,False,,,,,,,,,,none,
RZLV,2025-10-01,NASDAQ,Technology Services,Packaged Software,883.8,4.98,21.49,1.61,-16.36,26.11,0.09,4.49,1.3,0,13.49,79.8,283.1,0.57,-36.0,15.3,29,3.72,8.35,3.14,-9.75,-28.43,25.29,-32.89,False,False,,,,,,,,,,equity-sale,
RZLV,2025-12-16,NASDAQ,Technology Services,Packaged Software,883.8,2.32,29.09,28.02,-0.83,19.12,0.48,5.72,0.8,5,9.3,-67.4,17.2,0.27,-64.6,63.4,70,-19.87,-14.86,-6.51,-14.19,54.59,60.6,-26.88,False,False,,,,,,,,,,filing-other,
RZLV,2026-03-30,NASDAQ,Technology Services,Packaged Software,883.8,2.39,19.67,5.44,-11.89,19.92,0.23,5.21,0.73,13,7.11,-16.1,-59.8,0.65,-66.2,60.7,100,-10.49,8.74,0.7,-9.44,-11.89,14.86,-18.18,False,False,,,,,,,,,,filing-other,
RZLV,2026-08-25,NASDAQ,Technology Services,Packaged Software,883.8,2.43,13.58,21.81,7.25,18.16,0.73,11.0,1.04,31,4.84,-6.5,2.5,0.95,-67.3,57.7,100,5.43,7.61,-13.41,-16.67,-17.39,10.51,-22.1,False,True,2.96,11.66,-1.0,5,-1.0,5,-1.0,5,-0.657,none,
ACEL,2026-03-04,NYSE,Consumer Services,Movies/Entertainment,883.4,11.07,17.43,17.98,0.46,7.86,0.74,3.89,1.02,2,2.81,7.2,-2.9,1.0,-2.1,0.0,100,-6.23,-11.69,-12.46,-17.08,-15.38,0.46,-18.04,False,True,13.06,5.51,-1.0,1,-1.0,1,-1.0,1,-1.0,earnings,"2.02,7.01,9.01"
KOPN,2025-07-17,NASDAQ,Electronic Technology,Semiconductors,882.9,1.94,8.25,12.89,4.29,20.77,0.28,4.59,0.16,7,6.5,133.7,67.2,0.84,-3.2,0.0,73,3.33,-1.43,3.81,-14.76,-9.05,10.48,-20.95,False,True,2.19,5.48,-1.0,3,-1.0,3,-1.0,3,-1.0,filing-other,
KOPN,2026-01-16,NASDAQ,Electronic Technology,Semiconductors,882.9,2.96,11.49,11.49,0.0,9.88,0.19,4.47,0.17,9,6.67,-18.9,36.4,0.7,-20.7,12.6,100,-4.24,-5.15,-20.0,-21.52,-32.73,-0.3,-35.76,False,False,,,,,,,,,,none,
KOPN,2026-05-12,NASDAQ,Electronic Technology,Semiconductors,882.9,4.97,13.88,7.65,-5.48,35.22,0.35,4.76,0.98,1,12.05,111.5,75.0,0.59,3.9,0.0,54,-11.31,-10.78,-22.79,-2.65,-18.73,16.78,-25.8,False,False,,,,,,,,,,earnings,"2.02,9.01"
KOPN,2026-08-11,NASDAQ,Electronic Technology,Semiconductors,882.9,4.21,13.3,23.52,9.01,18.24,0.64,3.39,0.34,11,8.49,-15.3,78.4,0.57,-27.8,22.2,97,5.24,15.3,5.66,1.26,-10.69,15.93,-13.21,False,True,5.2,10.38,-0.574,7,-1.0,13,-1.0,13,-0.197,earnings,"2.02,9.01"
CYRX,2025-08-06,NASDAQ,Transportation,Air Freight/Couriers,877.2,6.74,27.6,29.82,1.74,13.47,0.46,19.79,5.13,3,5.47,21.7,-3.6,0.92,-4.1,0.9,100,-4.65,-5.93,5.58,0.7,2.91,10.23,-12.67,False,True,8.75,5.83,-1.0,1,-1.0,1,-1.0,1,-1.0,earnings,"2.02,9.01"
NX,2025-06-06,NYSE,Producer Manufacturing,Building Products,876.7,17.09,21.71,10.59,-9.13,15.88,0.02,5.49,0.56,7,3.54,-15.5,-41.1,0.95,-35.5,54.0,100,-8.56,-4.18,-7.16,-10.87,-3.32,2.74,-14.37,False,False,,,,,,,,,,earnings,"2.02,9.01"
NX,2025-12-12,NYSE,Producer Manufacturing,Building Products,876.7,15.08,32.63,9.55,-17.4,25.66,0.06,5.03,1.02,0,4.79,0.3,-21.9,0.97,-32.6,29.2,100,-19.65,-20.65,-22.8,-22.55,-10.95,-10.3,-26.6,False,False,,,,,,,,,,earnings,"2.02,9.01"
SANA,2026-04-14,NASDAQ,Health Technology,Biotechnology,871.1,3.21,24.3,8.41,-12.78,19.65,0.1,5.54,0.46,8,6.66,-29.9,-25.7,0.4,-39.1,43.0,94,-13.78,-11.78,-7.27,-16.04,-18.3,-0.5,-23.68,False,False,,,,,,,,,,equity-sale,"8.01,9.01"
OI,2025-11-05,NYSE,Process Industries,Containers/Packaging,866.6,11.8,11.19,14.15,2.67,8.78,0.64,3.31,0.62,2,3.26,-11.7,-8.3,1.0,-18.2,27.3,100,0.61,-2.13,-1.6,-3.2,5.79,7.39,-4.65,False,True,13.47,5.35,-1.0,3,-1.0,3,-1.0,3,-0.958,earnings,"2.02,9.01"
BW,2025-06-05,NYSE,Electronic Technology,Electronic Equipment/Instruments,865.5,0.809,28.55,66.87,29.81,72.72,0.43,27.91,6.23,3,17.12,-20.7,-58.9,0.19,-65.2,54.0,81,21.15,26.92,7.69,-6.54,-4.71,38.94,-11.54,False,True,1.35,23.7,-0.875,6,-1.0,8,-1.0,8,-0.615,agreement,"1.01,7.01,8.01,9.01"
BW,2025-11-05,NYSE,Electronic Technology,Electronic Equipment/Instruments,865.5,3.74,28.21,28.34,0.1,17.09,0.07,14.35,0.6,6,10.66,185.5,801.2,0.38,16.4,0.0,18,7.4,43.9,45.99,37.23,40.77,62.04,-3.02,False,True,4.8,1.25,-1.0,2,-1.0,2,-1.0,2,-1.0,earnings,"1.01,2.02,3.02,7.01,8.01,9.01"
BW,2026-03-04,NYSE,Electronic Technology,Electronic Equipment/Instruments,865.5,8.1,20.12,45.68,21.27,29.63,0.92,7.3,0.39,5,9.44,32.4,234.7,0.37,-15.9,3.5,60,36.59,38.64,51.7,45.63,53.85,66.91,4.62,True,True,11.8,21.36,0.0,7,0.0,7,0.0,7,0.224,earnings,"1.01,2.02,2.03,7.01,8.01,9.01"
BW,2026-05-11,NYSE,Electronic Technology,Electronic Equipment/Instruments,865.5,14.54,14.86,30.06,13.23,22.04,0.98,3.08,0.19,10,8.55,52.7,182.3,0.54,-11.2,3.6,52,18.26,27.07,20.66,17.66,-7.25,31.92,-12.2,False,True,18.91,17.72,0.0,4,0.0,4,0.0,4,0.23,earnings,"2.02,7.01,9.01"
BW,2026-08-11,NYSE,Electronic Technology,Electronic Equipment/Instruments,865.5,8.88,33.56,3.49,-22.51,34.22,0.06,5.77,0.69,6,8.46,-53.0,-6.7,0.22,-46.2,35.5,76,-17.62,-13.24,-22.93,-33.98,-37.35,-10.62,-43.09,False,False,,,,,,,,,,earnings,"2.02,7.01,9.01"
SABR,2026-02-18,NASDAQ,Technology Services,Packaged Software,859.6,0.938,33.16,24.73,-6.33,24.53,0.42,4.52,0.47,4,7.76,-44.8,-47.9,0.68,-73.0,91.2,100,-14.33,-27.94,-25.54,59.33,17.69,60.13,-35.15,False,False,,,,,,,,,,earnings,"2.02,9.01"
SABR,2026-03-02,NASDAQ,Technology Services,Packaged Software,859.6,1.18,10.17,36.44,23.85,24.62,0.97,3.15,0.5,2,13.18,-26.3,-34.1,0.67,-69.7,81.2,100,38.46,24.62,25.38,19.62,7.69,53.85,0.0,True,True,1.61,19.25,0.0,3,0.0,3,0.0,3,0.011,agreement,"1.01,3.03,5.03,8.01,9.01"
SABR,2026-05-07,NASDAQ,Technology Services,Packaged Software,859.6,1.83,18.58,13.11,-4.61,15.36,0.51,4.47,0.26,17,6.85,66.4,-8.5,0.48,-38.4,20.2,66,-5.07,-15.67,-27.19,-28.11,-23.5,1.61,-31.57,False,False,,,,,,,,,,earnings,"2.02,9.01"
SIBN,2025-05-06,NASDAQ,Health Technology,Medical Specialties,858.3,14.25,11.16,15.44,3.85,12.22,0.91,3.71,0.78,2,5.87,-20.5,3.3,0.75,-17.3,29.0,100,10.29,16.73,17.36,24.43,16.73,26.58,4.42,True,True,16.45,9.97,1.201,12,1.244,20,0.14,30,1.215,earnings,"2.02,9.01"
SIBN,2026-05-12,NASDAQ,Health Technology,Medical Specialties,858.3,11.61,8.79,19.72,10.06,15.66,0.97,4.79,1.33,1,5.54,-24.6,-26.4,0.94,-42.3,95.6,100,12.11,12.11,17.5,14.49,21.69,25.02,6.18,True,True,13.9,13.17,0.0,10,0.0,10,0.0,10,0.047,earnings,"2.02,9.01"
PUBM,2025-11-11,NASDAQ,Technology Services,Internet Software/Services,856.3,7.65,20.26,43.4,19.24,21.36,0.94,11.27,1.97,1,3.93,-9.8,-33.9,1.0,-48.1,62.8,100,3.97,2.5,1.14,-2.39,-0.27,19.24,-6.85,False,True,10.97,16.77,-1.0,2,-1.0,2,-1.0,2,-1.0,earnings,"2.02,9.01"
PUBM,2026-08-07,NASDAQ,Technology Services,Internet Software/Services,856.3,13.48,28.78,31.9,2.42,8.03,0.52,6.32,0.44,6,3.92,31.6,114.6,0.84,23.6,0.0,97,2.3,-1.04,1.32,-5.47,-4.95,4.84,-9.91,False,True,17.78,3.99,-1.0,1,-1.0,1,-1.0,1,-1.0,earnings,"2.02,5.02,9.01"
EVLV,2025-05-16,NASDAQ,Electronic Technology,Electronic Equipment/Instruments,853.1,4.2,13.1,30.0,14.95,17.48,0.94,9.09,0.88,2,7.1,4.5,68.7,0.71,2.2,0.0,100,20.84,25.26,20.21,13.47,8.84,29.58,4.21,True,True,5.46,14.1,0.0,8,0.0,8,0.0,8,0.212,filing-other,
EVLV,2025-08-15,NASDAQ,Electronic Technology,Electronic Equipment/Instruments,853.1,7.37,9.36,5.16,-3.85,16.47,0.08,4.97,0.56,2,5.23,75.5,83.3,0.76,6.5,0.0,65,-0.87,-0.99,3.85,2.23,4.59,9.31,-6.82,False,False,,,,,,,,,,earnings,"2.02,5.02,9.01"
EGBN,2026-01-22,NASDAQ,Finance,Regional Banks,852.3,24.03,9.45,16.02,6.01,11.25,0.53,4.58,0.83,5,3.22,23.5,11.8,0.67,-2.8,0.7,100,2.24,-0.68,0.91,3.23,0.8,8.02,-3.35,False,True,27.88,5.67,-1.0,2,-1.0,2,-1.0,2,-1.0,earnings,"2.02,7.01,9.01"
SMPL,2026-07-09,NASDAQ,Consumer Non-Durables,Food: Major Diversified,850.1,12.84,17.06,1.32,-13.44,22.86,0.26,3.21,0.42,4,4.03,-10.9,-33.0,0.97,-56.0,58.1,100,-15.04,-17.83,-19.69,-31.6,-25.68,-10.51,-34.3,False,False,,,,,,,,,,earnings,"2.02,9.01"
NNE,2025-05-23,NASDAQ,Producer Manufacturing,Electrical Products,847.9,27.57,9.21,30.07,19.1,28.2,0.83,11.55,1.1,38,7.65,3.4,9.1,0.78,-37.3,31.4,100,15.88,3.42,2.72,3.45,31.19,33.18,-6.74,False,True,35.86,19.02,-1.0,4,-1.0,4,-1.0,4,-0.897,filing-other,
NNE,2026-05-06,NASDAQ,Producer Manufacturing,Electrical Products,847.9,22.77,9.18,27.67,16.93,19.42,0.96,3.67,0.36,12,8.23,-18.1,-49.7,0.87,-59.2,88.0,100,7.4,14.04,8.81,-2.21,5.23,27.07,-12.64,False,True,29.07,15.69,-0.91,7,-0.91,7,-1.0,8,-0.659,none,
ARDX,2025-08-05,NASDAQ,Health Technology,Pharmaceuticals: Major,844.7,4.39,15.6,16.86,1.08,10.69,0.32,3.83,0.77,2,4.48,17.5,-17.0,0.9,-27.9,40.8,100,2.46,2.66,10.34,15.47,28.28,30.94,-1.38,True,True,5.13,3.31,8.235,28,6.235,30,2.412,37,5.647,earnings,"2.02,5.02,5.03,9.01"
ARDX,2025-10-31,NASDAQ,Health Technology,Pharmaceuticals: Major,844.7,5.01,28.34,20.96,-5.75,14.85,0.23,5.58,0.91,4,3.76,14.1,21.3,0.84,-5.2,3.3,100,-7.93,-7.47,-13.06,-8.86,-13.06,-0.62,-17.57,False,False,,,,,,,,,,earnings,"2.02,9.01"
DAKT,2025-09-10,NASDAQ,Producer Manufacturing,Miscellaneous Manufacturing,837.3,17.43,14.23,20.37,5.37,12.83,0.5,8.3,0.98,13,2.95,22.1,42.8,0.95,0.1,0.0,100,11.55,20.74,14.16,6.43,0.2,22.45,-4.32,False,True,20.98,6.01,0.873,9,0.0,11,0.0,11,1.392,earnings,"2.02,9.01"
DAKT,2025-12-10,NASDAQ,Producer Manufacturing,Miscellaneous Manufacturing,837.3,17.97,8.51,16.3,7.18,14.36,0.92,3.98,0.63,7,3.45,-19.1,26.0,0.92,-20.0,19.2,100,5.18,-2.0,-2.46,-5.03,6.67,9.13,-7.13,False,True,20.9,11.72,-0.849,7,-1.0,8,-0.869,2,-0.81,earnings,"2.02,8.01,9.01"
AVTX,2025-09-29,NASDAQ,Health Technology,Pharmaceuticals: Major,835.6,10.8,23.15,20.56,-2.11,12.56,0.33,13.26,1.98,7,9.75,116.4,27.7,0.41,-16.9,2.0,50,-4.44,-2.26,5.26,2.78,35.26,45.94,-6.7,False,False,,,,,,,,,,none,
AVTX,2026-05-06,NASDAQ,Health Technology,Pharmaceuticals: Major,835.6,16.26,40.22,34.13,-4.34,34.03,0.68,24.4,4.82,2,8.85,13.2,-2.5,0.78,10.0,0.0,100,0.31,-11.18,-12.94,-28.55,-40.31,6.45,-41.73,False,False,,,,,,,,,,earnings,"1.01,2.02,7.01,8.01,9.01"
SCZM,2026-01-26,NASDAQ,Non-Energy Minerals,Precious Metals,834.6,15.67,12.6,-0.7,-11.82,14.65,0.08,5.06,1.94,0,8.59,162.9,306.5,0.24,8.5,0.0,9,-8.42,-21.05,-35.22,-32.5,-31.54,-5.98,-49.45,False,False,,,,,,,,,,filing-other,
CODI,2025-10-10,NYSE,Finance,Investment Managers,830.6,7.35,15.24,13.61,-1.42,19.36,0.59,11.37,0.72,6,4.19,17.2,-55.2,1.0,-65.2,19.7,100,0.12,-4.25,-13.81,-5.55,-29.75,9.09,-31.52,False,False,,,,,,,,,,agreement,"1.01,8.01,9.01"
CODI,2026-08-11,NYSE,Finance,Investment Managers,830.6,11.08,10.47,11.19,0.65,9.69,0.21,3.67,0.23,17,3.95,-9.3,57.6,0.95,-3.2,0.4,100,-1.39,3.84,-2.94,-5.88,-8.33,8.25,-8.5,False,True,12.32,2.03,-1.0,1,-1.0,1,-1.0,1,-1.0,earnings,"1.01,2.02,9.01"
BLZE,2026-05-05,NASDAQ,Electronic Technology,Computer Peripherals,828.2,4.64,60.13,63.58,2.15,18.26,0.36,57.74,6.94,7,4.9,8.9,-55.0,0.97,-31.6,23.4,100,-0.4,0.67,-5.38,1.08,7.0,27.25,-9.89,False,True,7.59,6.19,-1.0,1,-1.0,1,-1.0,1,-1.0,earnings,"2.02,9.01"
BLZE,2026-06-23,NASDAQ,Electronic Technology,Computer Peripherals,828.2,8.12,26.97,43.6,13.09,23.13,0.92,23.62,0.95,3,7.58,122.5,76.5,0.38,-5.0,2.6,41,16.1,41.22,53.83,59.26,30.16,77.0,2.04,True,True,11.66,17.5,2.221,13,1.015,16,0.0,22,1.955,agreement,"1.01,3.02,7.01,9.01"
ADSE,2025-06-04,NASDAQ,Producer Manufacturing,Electrical Products,827.0,9.0,8.22,8.78,0.51,9.29,0.82,3.17,0.28,12,9.4,-37.6,-36.2,0.95,-40.4,99.3,100,-0.41,7.8,7.49,25.31,25.77,42.71,-3.49,True,True,9.79,7.05,-0.13,1,-0.13,1,-0.13,1,-0.13,none,
ODD,2025-04-30,NASDAQ,Technology Services,Packaged Software,825.6,47.13,8.68,30.36,19.95,26.1,0.95,15.95,4.08,2,7.45,3.6,24.0,1.0,0.4,0.0,100,24.74,25.2,31.28,21.55,41.19,43.83,13.33,True,True,61.44,19.88,0.0,9,0.0,9,0.0,9,0.073,filing-other,
HIVE,2026-05-18,NASDAQ,Technology Services,Information Technology Services,825.6,2.69,33.83,28.62,-3.89,19.88,0.29,6.48,1.36,12,7.41,26.9,-26.5,0.75,-54.1,31.1,100,-6.94,6.94,13.89,26.11,13.06,39.44,-13.61,False,False,,,,,,,,,,other-8k,"8.01,9.01"
HIVE,2026-08-17,NASDAQ,Technology Services,Information Technology Services,825.6,2.69,11.9,14.13,1.99,11.27,0.72,3.74,0.56,8,7.26,0.0,21.7,0.49,-61.6,66.8,100,-7.64,3.99,-4.98,-7.64,-3.99,9.97,-13.62,False,True,3.07,7.49,-1.0,1,-1.0,1,-1.0,1,-1.0,earnings,"2.02,9.01"
QNST,2026-02-06,NASDAQ,Commercial Services,Advertising/Marketing Services,824.3,11.06,26.4,10.67,-12.45,20.0,0.1,4.0,0.79,0,5.23,-25.8,-31.7,0.95,-45.2,90.3,100,-14.31,-23.18,-19.53,-21.32,-14.45,-9.73,-26.39,False,False,,,,,,,,,,earnings,"2.02,9.01"
QNST,2026-08-07,NASDAQ,Commercial Services,Advertising/Marketing Services,824.3,15.22,29.37,38.5,7.06,10.78,0.9,6.92,1.94,1,4.03,13.9,37.6,0.62,9.3,0.0,100,11.83,5.59,4.11,4.72,-4.88,13.2,-7.21,False,True,21.08,8.87,0.0,2,0.0,2,0.0,2,0.0,earnings,"2.02,9.01"
TRNS,2025-05-20,NASDAQ,Electronic Technology,Electronic Equipment/Instruments,819.6,81.18,10.43,16.24,5.25,11.6,0.73,4.78,1.22,2,4.11,-3.0,-24.9,1.0,-32.8,43.0,100,0.83,1.86,-0.35,-10.86,-9.55,6.4,-16.93,False,True,94.36,7.81,-1.0,7,-1.0,7,-1.0,7,-0.804,earnings,"2.02,9.01"
INMD,2026-01-26,NASDAQ,Health Technology,Medical Specialties,818.3,13.95,12.54,10.61,-1.72,4.61,0.33,5.22,0.26,6,2.6,-9.9,-5.2,1.0,-20.6,24.3,100,-2.87,2.04,5.86,-3.69,-10.96,6.18,-11.4,False,False,,,,,,,,,,none,
INMD,2026-06-24,NASDAQ,Health Technology,Medical Specialties,818.3,13.35,11.35,10.79,-0.5,3.93,0.3,4.21,0.27,5,1.6,-2.6,-7.0,1.0,-11.2,26.3,100,-0.37,-0.84,-1.24,0.98,1.51,5.42,-3.33,False,False,,,,,,,,,,filing-other,
NAK,2025-07-07,AMEX,Non-Energy Minerals,Other Metals/Minerals,815.1,1.4,21.43,27.86,5.29,9.7,0.88,3.98,0.83,4,9.06,33.3,141.4,0.65,6.9,0.0,76,5.88,28.24,27.65,-46.47,-54.12,41.18,-57.06,False,True,1.79,7.82,0.0,8,0.0,8,0.0,8,0.929,filing-other,
NAK,2025-07-10,AMEX,Non-Energy Minerals,Other Metals/Minerals,815.1,2.09,8.13,4.31,-3.54,13.74,0.24,3.81,1.02,3,9.73,161.2,211.9,0.59,5.6,0.0,30,-4.42,-4.42,-27.88,-61.06,-62.39,5.75,-67.7,False,False,,,,,,,,,,none,
NAK,2025-09-26,AMEX,Non-Energy Minerals,Other Metals/Minerals,815.1,1.06,12.26,7.55,-4.2,10.0,0.36,3.1,0.12,19,6.13,-31.2,-8.6,0.71,-50.4,28.4,100,5.04,-0.84,10.92,70.59,71.43,150.42,-5.04,True,False,,,,,,,,,,filing-other,
NAK,2025-10-06,AMEX,Non-Energy Minerals,Other Metals/Minerals,815.1,1.32,11.36,14.39,2.72,16.9,0.38,7.63,0.36,16,7.52,-26.7,50.0,0.71,-38.8,18.4,100,27.89,33.33,80.95,39.46,26.53,102.72,17.69,True,True,1.51,5.96,6.0,9,4.333,15,0.778,31,5.667,filing-other,
NAK,2025-10-07,AMEX,Non-Energy Minerals,Other Metals/Minerals,815.1,1.51,31.79,24.5,-5.53,16.18,0.54,7.55,0.44,13,8.24,-27.8,75.6,0.71,-17.1,7.0,100,-2.01,2.01,38.69,-2.51,-10.05,49.75,-12.56,True,False,,,,,,,,,,filing-other,
NAK,2025-10-13,AMEX,Non-Energy Minerals,Other Metals/Minerals,815.1,2.03,8.37,31.03,20.91,34.47,0.85,4.53,0.42,8,9.97,-6.0,109.3,0.71,-8.3,0.9,93,25.45,1.82,-6.82,-13.64,-17.73,35.45,-25.45,False,True,2.66,22.56,-1.0,4,-1.0,4,-1.0,4,-0.9,none,
NAK,2026-01-26,AMEX,Non-Energy Minerals,Other Metals/Minerals,815.1,2.13,11.27,12.68,1.27,14.66,0.24,6.21,0.37,20,7.17,12.7,139.3,0.84,-20.5,7.0,90,5.91,-4.64,-15.19,-11.81,-35.86,10.13,-53.59,False,True,2.4,3.33,-1.0,1,-1.0,1,-1.0,1,-1.0,none,
GRPN,2025-05-08,NASDAQ,Retail Trade,Internet Retail,812.9,16.98,10.13,42.58,29.47,30.27,0.97,5.08,0.74,3,6.74,44.5,59.1,0.59,-7.5,8.9,92,33.64,41.44,39.36,42.62,76.15,76.74,26.26,True,True,24.21,22.76,1.76,33,1.677,35,1.31,55,1.309,earnings,"2.02,9.01"
GRPN,2025-08-07,NASDAQ,Retail Trade,Internet Retail,812.9,30.67,27.16,20.28,-5.41,20.23,0.15,3.69,0.38,8,5.18,80.6,164.6,0.79,-5.5,0.0,43,-15.44,-22.21,-24.74,-30.41,-38.44,-4.97,-41.92,False,False,,,,,,,,,,earnings,"2.02,9.01"
GRPN,2026-04-21,NASDAQ,Retail Trade,Internet Retail,812.9,14.95,16.92,11.44,-4.69,18.97,0.32,4.72,1.06,0,8.09,-7.9,-26.2,0.75,-59.4,64.3,100,-8.87,-16.08,-18.25,-13.73,-0.4,8.7,-23.63,False,False,,,,,,,,,,none,
DSP,2025-11-11,NASDAQ,Technology Services,Packaged Software,809.3,8.74,14.42,19.91,4.8,17.67,0.85,3.77,0.58,8,4.5,-11.9,-44.0,1.0,-62.0,77.6,100,8.6,3.5,-3.8,4.0,22.8,24.8,-6.8,True,True,10.48,13.07,-0.628,5,0.818,35,0.613,56,-0.45,earnings,"2.02,9.01"
DSP,2026-03-12,NASDAQ,Technology Services,Packaged Software,809.3,11.09,8.21,13.62,5.0,13.57,0.83,3.1,0.57,4,6.66,-6.3,13.5,0.83,-26.2,43.8,100,2.67,-2.08,-3.25,-9.17,-20.83,9.21,-20.92,False,True,12.6,10.17,-1.0,5,-1.0,5,-1.0,5,-0.888,earnings,"2.02,9.01"
ARI,2026-01-28,NYSE,Finance,Real Estate Investment Trusts,800.8,10.12,10.57,5.53,-4.56,6.86,0.26,5.19,1.44,2,1.87,-1.3,3.3,1.0,0.7,0.0,100,-2.14,-3.66,-2.86,-4.56,-4.2,-1.52,-6.79,False,False,,,,,,,,,,agreement,"1.01,7.01,9.01"
FDMT,2025-08-01,NASDAQ,Health Technology,Biotechnology,800.5,4.5,17.33,42.67,21.59,34.07,0.84,73.13,6.65,20,6.02,30.8,-19.6,0.79,-52.5,49.0,100,-0.76,8.52,6.63,37.5,16.67,43.75,-3.22,True,True,6.42,22.27,0.0,12,0.0,12,0.0,12,-0.161,none,
FDMT,2025-10-24,NASDAQ,Health Technology,Biotechnology,800.5,10.0,8.3,13.4,4.71,18.09,0.47,3.15,0.07,3,8.06,115.5,199.4,0.51,-7.0,0.8,25,13.3,5.36,6.19,-3.05,0.09,13.94,-9.7,False,True,11.34,7.85,0.0,3,0.0,3,0.0,3,0.026,filing-other,
MTW,2026-08-07,NYSE,Producer Manufacturing,Trucks/Construction/Farm Machinery,797.7,14.21,20.62,32.37,9.74,15.52,0.63,5.4,1.27,2,4.06,4.3,-2.1,1.0,10.2,0.0,100,10.21,17.62,20.65,14.82,24.91,25.44,7.06,True,True,18.81,8.88,0.0,9,0.0,9,0.0,9,0.269,earnings,"2.02,9.01"
LWLG,2025-05-16,NASDAQ,Process Industries,Chemicals: Specialty,797.0,1.14,9.65,20.18,9.6,21.85,0.69,4.11,0.56,9,8.69,-24.0,-69.2,0.7,-70.4,70.6,97,6.4,-18.4,-16.0,-24.0,1.6,23.2,-26.4,False,True,1.37,13.14,-1.0,2,-1.0,2,-1.0,2,-1.0,none,
LWLG,2025-07-16,NASDAQ,Process Industries,Chemicals: Specialty,797.0,1.43,11.89,27.27,13.75,18.75,0.73,3.48,0.32,1,7.54,49.0,-24.7,0.51,-62.2,41.9,83,15.62,28.75,55.0,45.0,35.0,78.12,9.37,True,True,1.82,12.09,2.273,10,1.0,15,12.091,88,1.879,filing-other,
LWLG,2026-03-12,NASDAQ,Process Industries,Chemicals: Specialty,797.0,5.02,19.52,41.04,18.0,27.97,0.72,14.15,1.85,6,10.46,21.8,65.1,0.6,-4.2,0.0,100,26.83,22.67,17.33,30.67,76.67,77.0,0.17,True,True,7.08,16.67,0.0,11,0.0,11,0.0,11,0.079,filing-other,
WEST,2026-05-08,NASDAQ,Consumer Non-Durables,Food: Specialty/Candy,792.7,5.9,16.44,39.83,20.09,25.47,0.79,14.62,2.78,3,5.63,18.0,38.5,0.65,-13.3,8.8,100,27.37,21.98,23.0,21.54,9.75,30.66,5.68,True,True,8.25,16.73,0.0,3,0.0,3,0.0,3,0.031,earnings,"2.02,9.01"
ACHV,2025-07-14,NASDAQ,Health Technology,Pharmaceuticals: Major,791.3,2.32,12.93,18.53,4.96,15.04,0.78,6.94,0.55,1,9.22,11.0,-34.1,0.46,-50.7,52.4,98,0.76,4.96,1.53,2.67,-6.49,8.78,-6.49,False,True,2.75,10.55,-1.0,1,-1.0,1,-1.0,1,-1.0,none,
ACHV,2025-08-25,NASDAQ,Health Technology,Pharmaceuticals: Major,791.3,2.92,8.22,13.36,4.75,11.86,0.51,5.24,0.43,2,5.8,-3.9,-6.7,0.56,-40.5,24.2,100,-1.27,0.0,-7.59,-1.27,-3.8,5.7,-15.19,False,True,3.31,5.74,-1.0,1,-1.0,1,-1.0,1,-1.0,none,
ACHV,2025-10-17,NASDAQ,Health Technology,Pharmaceuticals: Major,791.3,3.08,28.9,36.36,5.79,19.68,0.67,16.51,1.22,4,5.15,15.8,54.8,0.95,-25.2,4.4,100,25.94,28.72,25.94,28.97,10.33,45.59,6.55,True,True,4.2,11.67,1.245,12,0.51,16,0.0,24,1.449,none,
ACHV,2026-04-16,NASDAQ,Health Technology,Pharmaceuticals: Major,791.3,3.55,14.08,35.49,18.77,31.91,0.65,18.81,0.88,12,8.04,-36.7,12.0,0.63,-32.8,40.2,100,25.93,3.95,2.47,8.4,42.96,51.85,-2.96,False,True,4.81,17.26,-1.0,6,-1.0,6,-1.0,6,-0.908,agreement,"1.01,3.02,5.02,7.01,9.01"
DSGN,2026-05-18,NASDAQ,Health Technology,Biotechnology,789.8,14.37,9.67,-25.54,-32.11,69.5,0.1,14.43,2.84,3,8.22,42.0,103.5,0.67,-8.6,4.6,82,-33.44,-30.14,-27.66,-35.47,-31.98,-24.62,-37.37,False,False,,,,,,,,,,other-8k,8.01
ABX,2025-11-07,NYSE,Finance,Investment Managers,788.2,5.28,8.14,22.16,12.96,15.3,0.97,3.28,0.26,5,6.26,-8.7,-40.2,0.92,-40.6,72.4,100,14.71,18.21,14.71,1.75,29.42,30.74,-2.45,False,True,6.45,12.87,-0.398,7,-1.0,9,-1.0,9,-0.145,earnings,"2.02,7.01,8.01,9.01"
JBSS,2025-10-30,NASDAQ,Consumer Non-Durables,Food: Specialty/Candy,787.4,59.5,10.47,15.26,4.34,7.65,0.72,4.47,0.65,1,2.04,-6.2,-5.4,1.0,-30.5,58.5,100,-4.49,3.42,3.48,3.23,10.5,12.2,-6.68,False,True,68.58,5.22,-1.0,1,-1.0,1,-1.0,1,-1.0,earnings,"2.02,5.07,8.01,9.01"
FOXF,2025-05-09,NASDAQ,Producer Manufacturing,Auto Parts: OEM,786.0,21.35,13.58,11.38,-1.94,9.65,0.19,3.25,0.64,3,5.47,-17.2,-37.6,0.68,-43.0,81.7,100,6.23,8.54,7.38,-0.91,12.54,13.73,-4.49,False,False,,,,,,,,,,earnings,"2.02,5.07,9.01"
FOXF,2026-08-07,NASDAQ,Producer Manufacturing,Auto Parts: OEM,786.0,18.86,12.57,12.04,-0.47,8.6,0.81,3.38,0.6,3,4.99,1.6,2.7,1.0,-30.9,20.8,100,-0.94,2.31,-0.99,2.92,1.37,4.05,-6.59,True,False,,,,,,,,,,earnings,"2.02,9.01"
VREX,2025-08-08,NASDAQ,Health Technology,Medical Specialties,784.3,7.81,9.99,21.38,10.36,18.05,0.7,5.76,0.92,13,5.12,-9.7,-48.6,1.0,-49.3,65.8,100,13.74,24.45,26.54,35.27,35.86,39.12,9.43,True,True,9.48,11.18,1.453,17,1.396,22,1.255,44,1.349,earnings,"2.02,9.01"
VREX,2026-08-10,NASDAQ,Health Technology,Medical Specialties,784.3,12.41,48.19,48.75,0.38,0.68,0.76,30.42,6.68,3,4.18,26.2,-11.4,0.94,26.3,0.0,100,1.03,0.6,0.38,0.71,0.54,1.31,0.16,True,True,18.46,0.51,0.211,12,0.316,20,,,0.281,earnings,"1.01,2.02,5.02,7.01,9.01"
CSIQ,2025-10-29,NASDAQ,Electronic Technology,Semiconductors,784.2,15.16,9.23,15.9,6.1,12.83,0.5,3.72,0.72,1,8.3,31.9,68.1,0.62,-3.0,0.0,100,8.33,37.5,50.97,71.86,63.59,108.88,-2.29,False,True,17.57,5.98,-1.0,1,-1.0,1,-1.0,1,-1.0,filing-other,
CSIQ,2025-11-03,NASDAQ,Electronic Technology,Semiconductors,784.2,20.76,11.8,9.68,-1.9,9.78,0.12,3.03,0.74,2,9.19,73.0,126.1,0.62,9.0,0.0,42,-5.26,15.21,39.6,22.66,11.42,49.03,-12.67,False,False,,,,,,,,,,none,
CSIQ,2025-11-05,NASDAQ,Electronic Technology,Semiconductors,784.2,21.99,13.51,13.69,0.16,8.62,0.35,3.41,0.92,1,9.76,83.2,145.2,0.59,1.1,0.0,30,7.13,29.81,14.02,5.69,-0.92,38.58,-18.79,False,True,25.0,2.96,1.932,9,0.0,10,0.0,10,4.621,none,
CSIQ,2025-11-13,NASDAQ,Electronic Technology,Semiconductors,784.2,28.46,10.12,0.56,-8.68,17.8,0.28,3.02,1.18,0,10.0,126.8,166.2,0.52,-7.1,2.2,26,7.15,-15.67,-31.62,-13.37,-27.73,10.37,-35.32,False,False,,,,,,,,,,filing-other,
ANNX,2025-11-19,NASDAQ,Health Technology,Pharmaceuticals: Major,783.0,3.2,11.87,26.87,13.41,20.0,0.8,5.23,1.33,1,8.69,47.5,62.4,0.7,-44.8,18.8,95,19.27,25.98,20.67,25.42,34.64,49.16,12.01,True,True,4.06,13.79,0.0,8,0.0,8,0.0,8,0.268,filing-other,
ANNX,2025-11-20,NASDAQ,Health Technology,Pharmaceuticals: Major,783.0,4.06,8.37,5.17,-2.95,19.43,0.03,3.55,0.78,2,9.23,75.8,97.1,0.68,-29.3,12.5,55,-2.95,0.91,2.27,4.77,17.5,23.07,-8.86,False,False,,,,,,,,,,filing-other,
ACRS,2026-01-20,NASDAQ,Health Technology,Pharmaceuticals: Major,777.2,2.62,12.6,69.08,50.17,65.76,0.76,30.79,3.02,5,5.72,37.9,59.8,0.73,-15.1,7.6,100,49.83,52.54,31.19,17.63,7.46,64.07,5.42,True,True,4.43,33.41,-0.622,6,-0.703,12,-0.838,18,-0.399,filing-other,
GYRE,2025-05-27,NASDAQ,Health Technology,Pharmaceuticals: Major,776.2,8.68,17.51,17.28,-0.2,18.47,0.21,11.3,0.94,3,9.38,-24.1,-32.8,0.54,-46.3,48.9,100,-7.45,-11.08,-19.41,-11.76,-27.35,2.45,-28.82,False,False,,,,,,,,,,filing-other,
GYRE,2025-10-10,NASDAQ,Health Technology,Pharmaceuticals: Major,776.2,7.15,8.39,11.33,2.71,9.68,0.28,3.62,0.16,16,4.18,-6.0,-1.9,1.0,-59.2,73.8,100,8.26,14.45,7.1,5.42,-6.97,21.55,-8.13,False,True,7.96,2.64,0.0,8,0.0,8,0.0,8,1.444,none,
LYTS,2025-08-21,NASDAQ,Producer Manufacturing,Building Products,776.2,19.3,15.85,5.7,-8.77,15.4,0.11,5.85,0.6,7,3.01,22.2,-4.2,1.0,-12.3,3.6,100,5.81,3.58,2.59,4.16,4.56,6.84,-5.9,True,False,,,,,,,,,,earnings,"2.02,7.01,9.01"
LYTS,2026-04-23,NASDAQ,Producer Manufacturing,Building Products,776.2,20.71,8.35,9.46,1.02,5.67,0.65,3.17,0.32,2,3.68,-10.9,-11.1,1.0,-9.3,22.7,100,-1.52,3.83,8.33,8.82,0.67,11.36,-4.77,False,True,22.67,3.57,-1.0,1,-1.0,1,-1.0,1,-1.0,earnings,"2.02,7.01,9.01"
MNTN,2026-02-11,NYSE,Technology Services,Packaged Software,775.7,8.13,41.45,37.15,-3.04,14.41,0.59,14.41,0.81,5,5.67,-41.5,-64.6,0.67,-64.6,90.8,94,-4.78,-9.65,-10.96,-12.0,-14.7,-1.17,-20.96,False,False,,,,,,,,,,earnings,"2.02,9.01"
SLDB,2026-03-06,NASDAQ,Health Technology,Biotechnology,767.7,5.61,11.41,20.32,8.0,17.3,0.97,4.3,0.68,3,8.68,8.1,0.9,0.95,-15.2,14.2,100,28.32,23.44,16.96,12.48,23.84,39.52,2.4,True,True,6.75,14.37,0.0,3,0.0,3,0.0,3,0.332,earnings,"1.01,2.02,3.02,8.01,9.01"
GILT,2025-08-06,NASDAQ,Electronic Technology,Telecommunications Equipment,765.7,7.35,8.84,24.49,14.37,17.5,0.82,8.09,2.1,3,3.63,15.4,0.7,0.79,-6.4,1.1,100,12.37,11.87,13.37,11.25,23.63,26.13,6.5,True,True,9.15,12.57,-0.391,8,0.0,18,0.0,18,-0.319,filing-other,
BUUU,2026-05-06,NASDAQ,Commercial Services,Miscellaneous Commercial Services,762.4,18.17,9.58,25.48,14.52,39.27,0.71,58.54,0.17,73,6.01,91.5,142.6,0.81,-4.1,0.0,44,-7.68,-11.6,2.61,-5.88,-17.68,30.59,-23.41,False,True,22.8,21.9,-1.0,2,-1.0,2,-1.0,2,-1.0,none,
TASK,2025-05-09,NASDAQ,Commercial Services,Miscellaneous Commercial Services,754.6,14.38,13.49,17.18,3.25,4.73,0.74,24.87,5.59,6,3.58,-12.3,2.6,0.92,-16.7,19.0,100,3.43,2.33,1.72,2.63,2.21,3.92,0.92,True,True,16.85,3.38,-0.526,12,-0.298,20,0.561,84,-0.438,earnings,"1.01,2.02,7.01,8.01,9.01"
TASK,2026-08-06,NASDAQ,Commercial Services,Miscellaneous Commercial Services,754.6,6.32,11.39,23.73,11.08,17.17,0.66,3.97,0.95,2,5.63,-5.4,-41.8,0.89,-61.7,57.3,100,3.69,-1.99,3.27,10.23,14.77,19.74,-6.68,False,True,7.82,10.23,-1.0,2,-1.0,2,-1.0,2,-1.0,earnings,"2.02,9.01"
IMMX,2026-06-18,NASDAQ,Health Technology,Pharmaceuticals: Major,754.0,9.13,8.65,-4.49,-12.1,18.08,0.06,5.35,1.06,2,8.43,-5.7,53.7,0.95,-14.6,7.2,100,-5.24,1.21,0.6,5.34,-11.29,22.38,-12.6,True,False,,,,,,,,,,none,
WGO,2025-10-22,NYSE,Consumer Durables,Recreational Products,753.6,31.62,14.83,28.53,11.93,13.38,0.96,6.54,0.66,4,3.62,0.6,-1.1,1.0,-44.7,43.8,100,8.48,13.47,2.62,2.95,-10.27,15.31,-11.65,False,True,40.64,11.34,-0.803,8,-1.0,9,-1.0,9,-0.495,earnings,"2.02,9.01"
WGO,2025-12-19,NYSE,Consumer Durables,Recreational Products,753.6,40.33,18.18,8.43,-8.25,11.59,0.19,3.79,0.39,5,4.7,21.2,28.7,0.89,-14.1,11.2,100,-10.97,-10.64,-14.71,-10.39,1.34,1.47,-17.48,False,False,,,,,,,,,,earnings,"2.02,9.01"
GOOS,2025-05-21,NYSE,Consumer Non-Durables,Apparel/Footwear,753.0,8.92,15.7,19.62,3.39,13.44,0.35,16.82,4.19,2,2.77,-14.6,-5.2,0.86,-19.2,24.2,100,10.56,21.22,18.51,8.33,8.53,23.73,1.26,True,True,10.67,4.5,2.146,9,0.729,16,0.583,48,2.708,filing-other,
GOOS,2025-08-27,NYSE,Consumer Non-Durables,Apparel/Footwear,753.0,12.17,10.93,16.19,4.74,7.03,0.81,7.6,0.77,2,4.19,-3.5,15.2,0.79,-12.5,6.3,100,-2.37,-2.96,-2.81,8.37,-1.56,14.05,-5.11,False,True,14.14,5.37,-1.0,1,-1.0,1,-1.0,1,-1.0,none,
APEI,2025-05-13,NASDAQ,Consumer Services,Other Consumer Services,752.0,26.04,10.94,5.88,-4.57,11.78,0.21,3.02,0.76,2,6.32,16.9,50.1,0.97,1.9,0.0,100,-4.57,-3.6,-0.38,2.56,-5.57,4.95,-10.7,False,False,,,,,,,,,,earnings,"2.02,9.01"
CTKB,2025-11-14,NASDAQ,Health Technology,Medical Specialties,748.7,4.57,9.19,20.35,10.22,22.72,0.74,7.94,2.28,5,5.61,12.6,71.2,0.89,-31.6,21.1,100,6.01,5.41,17.84,6.81,-7.01,23.85,-7.62,False,True,5.5,14.36,0.0,9,0.0,9,0.0,9,-0.101,none,
CTKB,2025-11-17,NASDAQ,Health Technology,Medical Specialties,748.7,5.5,12.36,-3.82,-14.4,18.62,0.08,4.56,0.7,1,6.45,36.1,104.5,0.87,-15.3,9.7,99,-10.52,-15.7,-5.5,-12.78,-23.95,-3.8,-26.21,False,False,,,,,,,,,,filing-other,
MITK,2025-05-09,NASDAQ,Technology Services,Information Technology Services,748.6,8.81,29.28,10.56,-14.49,17.67,0.04,3.75,0.36,7,3.0,-15.9,2.0,0.89,-3.3,1.8,100,-14.22,-15.72,-14.22,-17.03,-9.22,-8.96,-20.46,False,False,,,,,,,,,,earnings,"1.01,2.02,2.03,9.01"
MITK,2025-12-12,NASDAQ,Technology Services,Information Technology Services,748.6,9.24,18.94,8.87,-8.46,13.02,0.12,7.73,0.88,4,3.02,-7.3,-4.9,1.0,-6.7,6.3,100,-12.19,-6.82,-4.73,-4.55,-4.82,-1.82,-14.29,False,False,,,,,,,,,,earnings,"2.02,9.01"
MITK,2026-02-06,NASDAQ,Technology Services,Information Technology Services,748.6,9.82,12.02,20.47,7.55,10.4,0.85,6.04,0.79,6,3.2,5.6,7.6,1.0,-3.4,1.1,100,7.36,1.45,21.82,12.64,35.27,41.91,0.27,True,True,11.83,8.11,0.583,10,2.125,24,2.219,52,0.156,earnings,"1.02,2.02,5.02,7.01,8.01,9.01"
APOG,2025-06-27,NASDAQ,Producer Manufacturing,Building Products,747.9,39.67,23.17,5.85,-14.06,21.66,0.1,8.08,1.57,4,2.39,-16.6,-44.3,0.84,-44.4,52.6,100,-16.91,-11.56,-13.81,-10.91,-12.44,-7.7,-21.9,False,False,,,,,,,,,,earnings,"2.02,9.01"
OLMA,2025-11-18,NASDAQ,Health Technology,Pharmaceuticals: Major,747.2,8.52,210.5,136.38,-23.87,50.03,0.22,69.34,15.02,2,7.49,56.3,67.7,0.6,115.8,0.0,79,-26.55,-12.42,-1.46,3.01,23.23,37.06,-27.54,True,False,,,,,,,,,,equity-sale,"8.01,9.01"
GSM,2025-11-18,NASDAQ,Non-Energy Minerals,Other Metals/Minerals,745.6,3.76,11.44,12.5,0.95,9.9,0.22,4.04,0.39,1,5.2,-9.0,-2.1,0.76,-27.0,37.0,100,-1.91,-5.49,-2.39,14.08,11.93,14.32,-11.22,False,True,4.23,2.13,-1.0,1,-1.0,1,-1.0,1,-1.0,none,
GSM,2026-08-05,NASDAQ,Non-Energy Minerals,Other Metals/Minerals,745.6,3.42,14.62,21.35,5.87,10.24,0.87,3.26,0.8,3,4.38,-28.5,-32.3,0.83,-31.7,74.0,100,5.36,18.11,13.52,3.32,15.31,20.41,-4.34,False,True,4.15,8.19,0.412,8,0.0,9,0.0,9,0.745,filing-other,
SSYS,2025-05-08,NASDAQ,Electronic Technology,Computer Peripherals,745.4,9.72,9.05,14.51,5.0,9.9,0.6,4.58,0.44,6,3.76,-24.4,36.3,0.84,-17.7,20.5,100,3.77,3.87,4.34,-1.32,-1.42,8.4,-6.51,False,True,11.13,5.57,-0.871,9,-1.0,10,-1.0,10,-0.645,filing-other,
BWMN,2026-08-10,NASDAQ,Industrial Services,Engineering & Construction,738.2,27.23,55.53,55.78,0.17,0.78,0.76,20.0,2.43,1,4.45,-21.7,-22.9,0.97,-7.6,9.3,100,0.05,-0.35,0.05,0.43,0.52,1.85,-0.47,False,True,42.42,0.59,-1.0,4,-1.0,4,-1.0,4,-0.96,earnings,"1.01,2.02,5.02,7.01,9.01"
BLDP,2025-09-23,NASDAQ,Producer Manufacturing,Electrical Products,737.3,2.88,8.68,1.39,-6.71,9.31,0.07,3.4,0.82,15,6.16,95.9,121.5,0.84,8.3,0.0,51,-4.47,-12.14,-13.1,15.97,6.39,30.99,-15.65,False,False,,,,,,,,,,none,
BLDP,2025-10-06,NASDAQ,Producer Manufacturing,Electrical Products,737.3,3.53,9.07,3.4,-5.19,11.92,0.51,3.09,1.0,0,7.95,107.6,226.9,0.79,6.9,0.0,43,-5.71,-6.75,-9.35,-5.45,-7.53,6.49,-18.44,False,False,,,,,,,,,,none,
PRAA,2026-02-27,NASDAQ,Commercial Services,Miscellaneous Commercial Services,731.9,12.67,20.6,24.31,3.08,13.86,0.62,5.01,0.86,1,5.65,-20.7,-25.9,0.67,-31.5,53.4,100,9.62,11.58,18.78,9.49,10.27,25.0,-1.57,True,True,15.75,7.94,0.888,9,0.88,20,1.112,50,0.939,earnings,"2.02,7.01,9.01"
QDEL,2025-05-08,NASDAQ,Health Technology,Medical Specialties,726.6,25.85,10.87,41.04,27.22,30.48,0.91,4.38,1.61,0,5.94,-38.6,-33.9,0.41,-42.0,75.9,95,26.8,23.9,15.25,5.3,3.04,36.04,1.4,True,True,36.46,21.72,-0.491,7,-0.869,9,-0.869,9,-0.367,earnings,"2.02,9.01"
QDEL,2026-06-29,NASDAQ,Health Technology,Medical Specialties,726.6,13.79,23.28,32.2,7.24,18.35,0.49,3.69,0.47,3,7.65,-6.7,-52.3,0.75,-52.2,62.2,100,3.06,7.35,0.0,3.88,-1.94,12.76,-8.88,False,True,18.23,8.23,-1.0,6,-1.0,6,-1.0,6,-0.662,filing-other,
PAYS,2026-03-25,NASDAQ,Commercial Services,Miscellaneous Commercial Services,725.5,3.77,16.71,36.6,17.05,23.0,0.91,21.06,2.41,7,5.74,-29.7,-33.3,0.59,-50.5,76.2,100,21.14,30.91,32.27,25.68,38.41,48.86,12.27,True,True,5.15,17.28,0.427,10,0.0,11,0.0,11,0.513,earnings,"2.02,9.01"
PAYS,2026-08-06,NASDAQ,Commercial Services,Miscellaneous Commercial Services,725.5,9.59,8.03,29.3,19.69,24.66,0.83,5.65,0.35,7,5.1,46.9,159.2,0.6,7.9,0.0,61,20.46,21.91,25.68,33.4,25.1,39.29,16.02,True,True,12.4,16.94,0.395,14,0.0,17,0.0,17,0.3,earnings,"2.02,9.01"
FTH,2025-10-30,NASDAQ,Health Technology,Biotechnology,725.3,9.375,21.6,0.85,-17.06,33.95,0.06,5.88,0.04,5,14.35,-9.2,17.2,0.68,-37.9,8.8,100,-19.56,-23.86,-18.07,-20.88,-26.14,-9.04,-33.68,False,False,,,,,,,,,,other-8k,"7.01,9.01"
FTH,2025-12-05,NASDAQ,Health Technology,Biotechnology,725.3,10.56,19.03,-7.95,-22.67,77.99,0.39,20.37,0.15,7,11.61,33.2,53.5,0.81,-31.5,1.5,100,-34.45,-31.82,-31.98,-29.51,-13.44,-8.91,-39.78,True,False,,,,,,,,,,filing-other,
FTH,2026-02-18,NASDAQ,Health Technology,Biotechnology,725.3,9.13,206.68,187.51,-6.25,44.72,0.42,228.88,1.72,9,8.81,14.1,10.4,0.81,52.6,0.0,100,-2.79,16.54,22.25,12.25,9.04,31.29,-12.04,True,False,,,,,,,,,,agreement,"1.01,2.01,3.02,5.02,5.03,7.01,9.01"
FTH,2026-06-15,NASDAQ,Health Technology,Biotechnology,725.3,13.0,17.0,6.54,-8.94,20.1,0.03,5.4,0.02,24,16.72,-56.5,44.4,0.43,-58.6,69.0,86,-4.47,17.16,57.79,64.37,106.9,149.18,-11.7,False,False,,,,,,,,,,other-8k,"1.02,5.02,5.03,7.01,8.01,9.01"
COLL,2025-11-06,NASDAQ,Health Technology,Pharmaceuticals: Major,723.7,35.85,11.66,13.42,1.57,6.99,0.58,5.46,0.8,1,3.13,2.6,31.5,1.0,0.2,0.0,100,5.67,12.02,15.86,9.79,19.69,20.83,1.4,True,True,40.66,3.89,2.411,9,4.095,36,3.127,48,2.489,earnings,"2.02,7.01,9.01"
SWIM,2026-03-04,NASDAQ,Producer Manufacturing,Miscellaneous Manufacturing,722.3,6.44,23.29,11.8,-9.32,25.05,0.02,4.25,0.68,3,5.13,-10.1,-17.3,1.0,-6.1,4.8,100,-18.64,-20.53,-19.65,-27.46,-32.49,-8.56,-35.01,False,False,,,,,,,,,,earnings,"2.02,9.01"
SWIM,2026-08-05,NASDAQ,Producer Manufacturing,Miscellaneous Manufacturing,722.3,5.7,22.28,28.07,4.73,15.76,0.88,5.16,0.61,6,4.51,-2.7,-8.7,0.95,-22.3,28.7,100,3.59,4.88,12.34,3.16,-1.43,12.84,-9.33,False,True,7.3,12.19,0.0,8,0.0,8,0.0,8,0.004,earnings,"2.02,9.01"
NRGV,2025-07-24,NYSE,Producer Manufacturing,Electrical Products,721.9,1.19,10.92,13.45,2.27,33.33,0.29,6.3,0.62,8,9.33,84.2,-42.2,0.75,-51.0,42.1,70,0.0,-9.85,-12.88,6.06,21.97,28.03,-22.73,False,True,1.35,8.89,-1.0,1,-1.0,1,-1.0,1,-1.0,none,
NRGV,2025-08-07,NYSE,Producer Manufacturing,Electrical Products,721.9,1.17,8.55,19.66,10.24,43.22,0.43,7.04,0.86,5,11.92,54.6,-31.2,0.71,-52.9,44.3,91,14.17,12.6,23.62,26.77,62.99,83.46,-5.51,True,True,1.4,15.71,0.0,9,0.0,9,0.0,9,0.045,earnings,"2.02,8.01,9.01"
NRGV,2025-11-11,NYSE,Producer Manufacturing,Electrical Products,721.9,3.55,16.34,20.85,3.87,20.65,0.33,4.82,0.81,3,10.68,143.2,225.7,0.49,-9.4,2.0,25,-16.71,-24.94,-23.0,-21.79,12.83,15.01,-30.75,False,True,4.29,6.29,-1.0,1,-1.0,1,-1.0,1,-1.0,earnings,"2.02,9.01"
NUAI,2025-06-16,NASDAQ,Industrial Services,Engineering & Construction,720.3,0.543,10.87,9.58,-1.16,22.08,0.31,6.92,0.27,2,18.14,-75.1,-89.6,0.41,-95.1,27.5,59,-6.15,-11.96,-13.62,-24.42,-18.44,-0.33,-30.9,False,False,,,,,,,,,,none,
NUAI,2025-09-22,NASDAQ,Industrial Services,Engineering & Construction,720.3,0.544,20.77,11.58,-7.61,37.72,0.17,7.88,0.34,5,15.55,-1.4,-75.3,0.84,-94.7,11.8,100,28.61,110.05,280.52,172.45,758.45,845.21,21.77,True,False,,,,,,,,,,none,
NUAI,2025-09-23,NASDAQ,Industrial Services,Engineering & Construction,720.3,0.607,36.41,39.21,2.05,43.75,0.13,19.63,1.08,5,16.83,16.7,-66.5,0.84,-93.3,8.4,100,11.23,122.22,122.22,101.69,422.95,650.0,3.86,True,True,0.845,5.33,18.333,10,79.0,35,70.111,54,19.592,none,
NUAI,2025-09-25,NASDAQ,Industrial Services,Engineering & Construction,720.3,0.921,14.01,49.84,31.43,39.81,0.85,4.0,0.36,5,18.9,90.3,-36.0,0.83,-91.5,5.9,75,75.24,75.24,80.95,169.52,276.19,491.43,40.0,True,True,1.38,25.36,0.829,8,8.629,33,7.486,52,0.991,filing-other,
NUAI,2025-09-26,NASDAQ,Industrial Services,Engineering & Construction,720.3,1.38,24.64,33.33,6.98,56.44,0.23,7.17,0.71,6,20.42,168.5,-1.4,0.81,-86.0,5.3,74,45.35,9.3,-7.56,51.16,240.7,261.05,-14.53,False,True,1.84,11.41,0.0,2,0.0,2,0.0,2,0.0,filing-other,
NUAI,2026-01-20,NASDAQ,Industrial Services,Engineering & Construction,720.3,4.33,15.94,26.79,9.36,26.4,0.37,3.6,0.1,27,18.95,-4.8,774.7,0.48,-33.9,12.2,69,36.45,45.32,51.39,32.77,-5.78,88.15,-17.93,False,True,5.49,8.93,1.265,9,0.0,12,0.0,12,2.071,agreement,"1.01,2.01,2.03,3.02,7.01,9.01"
WYFI,2026-05-11,NASDAQ,Technology Services,Data Processing Services,719.9,21.25,10.54,26.96,14.86,27.47,0.68,5.42,0.33,1,8.49,7.1,-24.2,0.68,-42.4,22.7,100,11.07,27.67,1.19,33.76,-0.85,41.29,-7.25,False,True,26.98,15.68,0.0,4,0.0,4,0.0,4,0.237,none,
WVE,2025-12-08,NASDAQ,Health Technology,Biotechnology,717.3,7.49,71.3,147.26,44.35,54.09,0.84,47.46,8.49,2,7.11,0.1,6.2,0.97,-18.4,5.2,100,66.1,30.55,25.57,40.06,20.27,69.37,12.7,True,True,18.52,31.32,0.0,3,0.0,3,0.0,3,-0.102,equity-sale,"7.01,8.01,9.01"
HYLN,2025-05-21,AMEX,Producer Manufacturing,Auto Parts: OEM,716.2,1.26,42.86,-2.38,-31.67,50.41,0.03,36.25,6.29,3,7.49,-37.3,-50.4,0.75,-56.0,68.1,100,-36.67,-36.67,-10.56,-16.67,-25.56,4.44,-38.33,False,False,,,,,,,,,,filing-other,5.07
HYLN,2025-05-28,AMEX,Producer Manufacturing,Auto Parts: OEM,716.2,1.14,8.77,50.0,37.9,47.92,0.89,8.91,0.58,1,10.51,-38.7,-69.3,0.79,-69.7,80.9,100,29.84,15.32,25.0,28.23,10.48,51.61,6.45,True,True,1.71,29.82,-0.392,11,-0.549,3,-0.549,3,-0.444,filing-other,
HYLN,2026-08-12,AMEX,Producer Manufacturing,Auto Parts: OEM,716.2,3.92,29.85,-0.77,-23.58,42.67,0.04,4.14,0.59,5,9.79,46.3,86.7,0.54,-40.0,30.0,77,-19.25,-19.65,-27.9,-34.77,-24.95,-6.09,-38.7,False,False,,,,,,,,,,earnings,"2.02,9.01"
KRNT,2026-02-11,NASDAQ,Process Industries,Chemicals: Specialty,711.1,14.24,8.99,20.65,10.7,15.32,0.71,3.04,0.47,6,3.93,10.3,-6.3,1.0,-48.3,40.8,100,4.7,1.16,-0.19,0.52,-9.54,15.72,-10.05,False,True,17.18,9.78,-1.0,5,-1.0,5,-1.0,5,-0.96,filing-other,
KRNT,2026-05-13,NASDAQ,Process Industries,Chemicals: Specialty,711.1,16.08,13.0,2.49,-9.3,20.88,0.03,6.19,0.67,11,3.3,-6.4,24.6,1.0,-22.6,18.9,100,-12.88,-19.7,-20.91,-12.82,-12.88,-7.95,-22.84,False,False,,,,,,,,,,filing-other,
LPTH,2025-09-03,NASDAQ,Electronic Technology,Electronic Components,701.8,4.91,22.61,13.65,-7.31,17.09,0.09,9.74,2.42,2,8.98,69.3,128.4,0.75,10.1,0.0,52,-4.98,-11.79,-11.96,11.13,27.57,40.03,-14.12,False,False,,,,,,,,,,none,
LPTH,2025-09-15,NASDAQ,Electronic Technology,Electronic Components,701.8,5.49,8.93,25.87,15.55,17.26,0.98,3.47,0.54,1,9.69,77.1,163.9,0.75,-7.1,0.0,42,1.84,5.85,16.39,36.29,48.83,69.9,-3.85,False,True,6.91,14.47,-1.0,1,-1.0,1,-1.0,1,-1.0,agreement,"1.01,3.02,7.01,9.01"
NGVC,2025-05-09,NYSE,Retail Trade,Food Retail,700.4,45.87,12.23,30.24,16.05,18.37,0.88,4.09,1.19,1,4.64,-7.4,50.0,0.84,-2.3,0.0,100,4.2,-3.07,0.12,-3.03,-14.24,18.92,-16.76,False,True,59.74,13.96,-1.0,2,-1.0,2,-1.0,2,-1.0,earnings,"2.02,9.01"
GDOT,2025-05-09,NYSE,Finance,Finance/Rental/Leasing,699.8,8.7,28.39,25.75,-2.06,15.53,0.44,5.05,0.33,1,4.01,-3.9,-25.2,0.86,-17.7,9.3,100,-3.49,-9.58,-15.49,-18.98,-8.06,1.07,-19.87,False,False,,,,,,,,,,earnings,"2.02,9.01"
GDOT,2025-08-12,NYSE,Finance,Finance/Rental/Leasing,699.8,9.93,20.64,35.25,12.1,16.34,0.88,5.91,0.34,4,3.38,-7.9,8.9,1.0,-11.8,1.1,100,17.53,10.85,14.61,12.1,14.11,24.37,9.43,True,True,13.43,12.51,0.0,3,0.0,3,0.0,3,-0.03,earnings,"2.02,9.01"
TSAT,2026-08-04,NASDAQ,Communications,Specialty Telecommunications,697.2,40.18,9.51,36.26,24.43,28.76,0.94,6.32,1.32,4,6.89,-17.4,37.6,0.62,-25.6,33.7,100,16.55,33.91,35.18,7.52,-2.41,39.86,-5.14,False,True,54.75,21.24,0.0,7,0.0,7,0.0,7,0.12,filing-other,
BLMN,2026-05-06,NASDAQ,Consumer Services,Restaurants,690.1,5.76,22.57,40.97,15.01,22.46,0.72,5.45,0.69,1,5.29,-10.4,-14.8,0.95,-34.0,44.1,100,12.61,18.56,17.28,11.33,1.13,24.36,0.85,True,True,8.12,13.92,-0.416,8,-0.274,18,0.0,40,-0.204,earnings,"2.02,9.01"
BLMN,2026-08-05,NASDAQ,Consumer Services,Restaurants,690.1,8.92,35.87,32.85,-2.23,10.79,0.37,5.46,0.67,4,4.77,54.9,44.1,0.98,30.6,0.0,100,-10.23,-9.08,-6.02,-12.46,-18.07,0.25,-20.05,False,False,,,,,,,,,,earnings,"2.02,9.01"
OABI,2026-08-17,NASDAQ,Commercial Services,Miscellaneous Commercial Services,689.2,3.38,23.82,13.02,-8.72,15.48,0.18,29.12,3.24,4,7.54,55.0,98.8,0.83,15.1,0.0,81,-6.33,2.75,12.54,4.66,3.94,29.75,-9.46,True,False,,,,,,,,,,none,
IRWD,2025-08-07,NASDAQ,Health Technology,Pharmaceuticals: Major,687.4,0.81,13.58,8.64,-4.35,31.03,0.04,3.73,0.17,19,10.4,2.5,-61.6,0.76,-82.1,64.0,100,-2.17,6.52,16.3,28.26,26.09,48.91,-11.96,False,False,,,,,,,,,,earnings,"2.02,9.01"
IRWD,2025-10-31,NASDAQ,Health Technology,Pharmaceuticals: Major,687.4,1.5,10.0,28.0,16.36,20.5,0.94,3.76,0.14,21,9.81,100.0,61.3,0.52,-67.8,36.9,56,12.73,24.85,16.36,90.3,112.12,138.18,6.67,True,True,1.92,16.15,3.903,17,4.677,32,6.581,75,2.753,none,
IRWD,2025-11-10,NASDAQ,Health Technology,Pharmaceuticals: Major,687.4,1.92,27.08,31.77,3.69,28.57,0.33,14.02,0.67,15,9.71,95.9,163.0,0.63,-52.4,18.5,33,18.44,38.11,28.28,36.07,47.95,61.07,-1.64,True,True,2.53,8.7,2.727,11,3.818,26,6.5,69,3.091,earnings,"2.02,9.01"
IRWD,2026-01-02,NASDAQ,Health Technology,Pharmaceuticals: Major,687.4,3.37,36.5,26.71,-7.17,37.62,0.04,36.32,2.82,3,7.12,109.3,337.7,0.46,-3.8,0.0,23,-0.22,-11.3,-11.74,-2.17,7.39,21.09,-15.87,False,False,,,,,,,,,,earnings,"2.02,9.01"
INDI,2025-06-25,NASDAQ,Electronic Technology,Semiconductors,686.2,3.29,16.41,16.41,0.0,15.92,0.44,3.12,0.34,5,8.28,47.5,-20.5,0.48,-31.2,42.6,83,0.26,-7.05,-3.39,0.78,11.49,32.9,-12.79,False,False,,,,,,,,,,none,
INDI,2026-02-20,NASDAQ,Electronic Technology,Semiconductors,686.2,3.43,11.95,5.83,-5.47,14.37,0.45,3.24,0.61,7,7.1,-0.3,-20.6,0.87,-36.5,47.9,100,-10.42,-6.25,-4.69,-32.55,-33.33,-3.65,-39.58,False,False,,,,,,,,,,earnings,"2.02,7.01,9.01"
GEMI,2026-05-15,NASDAQ,Finance,Investment Banks/Brokers,685.9,5.26,28.23,6.08,-17.27,28.41,0.1,9.57,0.52,11,7.09,-30.4,-61.9,0.56,-85.3,76.2,88,-20.39,-25.57,-23.5,-23.5,-23.94,-16.68,-38.55,False,False,,,,,,,,,,earnings,"1.01,2.02,3.02,7.01,9.01"
GPRK,2025-10-30,NYSE,Energy Minerals,Oil & Gas Production,682.1,6.6,22.27,24.39,1.73,5.48,0.86,3.3,1.29,0,4.48,3.3,-2.4,1.0,-31.1,26.2,100,0.25,-2.85,2.85,-2.23,1.12,5.58,-7.06,False,True,8.21,4.51,-1.0,2,-1.0,2,-1.0,2,-1.0,filing-other,
MDXG,2025-07-31,NASDAQ,Health Technology,Medical Specialties,680.7,6.52,16.56,10.28,-5.39,12.38,0.09,3.21,0.53,1,4.56,-5.2,-28.0,1.0,-25.0,45.3,100,-5.79,-8.29,-6.45,-5.92,-5.53,-1.97,-10.79,False,False,,,,,,,,,,earnings,"2.02,7.01,9.01"
MG,2025-11-05,NYSE,Industrial Services,Engineering & Construction,679.9,9.57,12.64,23.2,9.37,10.2,0.92,3.31,0.57,8,2.86,8.7,1.4,1.0,-1.6,1.5,100,7.88,21.24,20.41,8.44,9.55,24.58,3.25,True,True,11.79,8.57,0.287,8,0.0,9,0.0,9,0.614,earnings,"2.02,9.01"
MG,2026-08-11,NYSE,Industrial Services,Engineering & Construction,679.9,15.79,9.18,17.73,7.83,15.23,0.61,3.15,0.49,2,3.93,-11.1,5.7,1.0,-12.2,22.0,100,1.22,4.99,5.57,10.15,15.89,17.17,-1.62,False,True,18.59,8.5,-1.0,1,-1.0,1,-1.0,1,-1.0,earnings,"2.02,9.01"
EVC,2025-11-05,NYSE,Consumer Services,Broadcasting,677.4,1.98,26.77,43.94,13.55,32.35,0.61,64.95,5.39,12,4.03,-16.5,3.1,0.86,-8.1,11.0,100,15.54,16.33,16.33,3.59,11.16,21.51,1.99,True,True,2.85,16.49,0.0,6,0.0,6,0.0,6,0.05,earnings,"2.02,9.01"
EVC,2026-03-06,NYSE,Consumer Services,Broadcasting,677.4,3.02,19.87,14.57,-4.42,13.23,0.49,8.14,0.15,5,3.58,8.2,20.3,1.0,5.2,0.0,100,-12.71,-19.06,-17.4,-17.13,-16.57,-5.25,-20.44,False,False,,,,,,,,,,earnings,"2.02,9.01"
EVC,2026-05-06,NYSE,Consumer Services,Broadcasting,677.4,3.98,63.07,93.22,18.49,31.08,0.67,80.19,3.54,4,3.72,33.1,100.0,0.83,60.2,0.0,100,7.09,36.67,37.44,26.5,39.75,55.93,-4.47,False,True,7.69,17.17,-1.0,2,-1.0,2,-1.0,2,-1.0,earnings,"2.02,9.01"
SMWB,2026-08-12,NYSE,Technology Services,Packaged Software,673.6,7.25,10.34,21.24,9.87,17.62,0.79,6.63,0.45,5,5.97,132.4,55.2,0.29,-25.6,14.3,42,12.63,7.0,4.38,13.25,1.25,18.75,-2.88,True,True,8.79,12.17,-0.589,6,-0.383,18,-1.0,30,-0.464,filing-other,
ZVRA,2025-05-14,NASDAQ,Health Technology,Pharmaceuticals: Major,673.4,7.87,8.01,3.43,-4.24,9.4,0.51,3.44,0.66,3,4.84,1.9,-12.6,1.0,-12.9,23.6,100,-0.82,4.82,1.88,1.41,10.24,13.18,-7.06,True,False,,,,,,,,,,earnings,"2.02,9.01"
ZVRA,2026-03-10,NASDAQ,Health Technology,Pharmaceuticals: Major,673.4,9.12,20.07,21.27,1.0,8.47,0.62,11.85,1.31,19,4.04,4.7,9.5,1.0,-16.8,16.4,100,-4.93,-8.86,-9.59,-16.44,-12.42,-0.91,-20.46,False,True,11.06,4.97,-1.0,1,-1.0,1,-1.0,1,-1.0,earnings,"2.02,5.02,9.01"
PZZA,2025-10-15,NASDAQ,Consumer Services,Restaurants,669.3,48.68,10.93,9.39,-1.39,6.25,0.47,3.93,0.49,5,4.82,10.5,59.9,1.0,-11.1,3.8,100,-1.8,-1.24,-2.07,-2.85,-24.52,3.22,-29.17,False,False,,,,,,,,,,none,
PZZA,2026-05-15,NASDAQ,Consumer Services,Restaurants,669.3,32.72,10.3,6.14,-3.77,6.68,0.39,3.1,0.25,9,4.85,2.9,-19.7,1.0,-35.3,76.8,100,-8.59,-10.39,-7.45,-5.57,-8.12,-2.74,-14.93,False,False,,,,,,,,,,filing-other,
EVER,2026-05-05,NASDAQ,Technology Services,Internet Software/Services,666.4,14.61,30.66,63.04,24.78,32.12,0.97,8.86,2.69,2,5.38,-23.4,-32.2,0.98,-33.6,58.6,100,7.75,7.39,0.16,-3.2,-5.92,24.1,-9.64,False,True,23.82,23.8,-1.0,6,-1.0,6,-1.0,6,-0.862,earnings,"2.02,7.01,9.01"
KE,2025-05-07,NASDAQ,Electronic Technology,Electronic Production Equipment,664.8,14.71,11.01,24.95,12.55,13.32,0.94,4.12,1.26,1,4.81,-18.3,-19.0,0.79,-24.1,78.4,100,12.0,14.08,11.39,7.29,13.53,17.02,5.14,True,True,18.38,11.15,-0.39,8,0.463,46,0.195,53,-0.219,earnings,"2.02,9.01"
KE,2025-08-14,NASDAQ,Electronic Technology,Electronic Production Equipment,664.8,20.97,8.11,17.84,9.0,12.38,0.97,5.5,0.71,4,2.66,15.3,24.1,1.0,5.3,0.0,100,13.9,19.89,21.92,27.3,34.94,36.08,8.82,True,True,24.71,10.68,2.443,27,1.932,29,1.042,40,1.941,earnings,"2.02,9.01"
THM,2025-10-15,AMEX,Non-Energy Minerals,Precious Metals,664.6,2.76,9.42,-3.26,-11.59,26.21,0.29,4.18,0.65,1,11.12,155.6,324.6,0.57,6.0,0.0,29,-25.83,-29.8,-37.42,-38.41,-41.39,-9.27,-50.0,False,False,,,,,,,,,,none,
THM,2026-01-26,AMEX,Non-Energy Minerals,Precious Metals,664.6,2.54,13.39,-3.15,-14.58,20.5,0.14,4.07,0.58,3,8.58,33.7,124.8,0.78,-8.0,0.0,87,-0.35,3.82,-14.58,-7.99,3.12,26.74,-23.61,False,False,,,,,,,,,,agreement,"1.01,3.02,8.01,9.01"
THM,2026-01-28,AMEX,Non-Energy Minerals,Precious Metals,664.6,2.87,8.01,7.32,-0.65,34.19,0.39,6.88,1.15,5,10.05,68.8,149.6,0.75,-1.0,0.0,50,-3.55,-20.65,-16.45,-10.65,8.06,10.0,-29.03,False,False,,,,,,,,,,agreement,"1.01,3.02,8.01,9.01"
HNRG,2025-11-11,NASDAQ,Utilities,Electric Utilities,664.2,20.01,17.44,18.99,1.32,14.61,0.72,4.29,0.74,9,5.53,12.6,8.5,0.9,4.7,0.0,100,-3.32,-13.45,-13.06,-16.38,-6.26,2.13,-19.66,False,True,23.81,9.49,-1.0,2,-1.0,2,-1.0,2,-1.0,earnings,"2.02,9.01"
FAC,2026-06-09,NASDAQ,Finance,Financial Conglomerates,663.5,13.8,44.93,15.94,-20.0,74.69,0.14,14.81,0.71,5,9.19,34.5,36.4,0.87,26.7,0.0,100,9.7,-23.35,-30.4,-40.55,-51.2,25.0,-56.5,False,False,,,,,,,,,,agreement,"1.01,2.01,3.02,3.03,4.01,5.01,5.02,5.03,5.05,5.06,7.01,8.01,9.01"
FAC,2026-06-10,NASDAQ,Finance,Financial Conglomerates,663.5,16.0,12.0,37.13,22.43,41.79,0.74,3.8,0.27,4,12.91,55.8,58.1,0.86,-29.3,0.0,98,-3.63,-13.23,-18.64,-38.67,-47.99,39.51,-51.45,False,True,21.94,23.66,-1.0,1,-1.0,1,-1.0,1,-1.0,agreement,"1.01,2.01,3.02,3.03,4.01,5.01,5.02,5.03,5.05,5.06,7.01,8.01,9.01"
CLYM,2025-06-06,NASDAQ,Health Technology,Biotechnology,660.5,1.24,12.9,12.1,-0.71,15.75,0.6,7.41,0.3,36,7.31,-15.6,-60.6,0.98,-76.1,80.0,100,-4.29,-10.0,-10.0,-14.29,-10.0,3.57,-17.14,False,False,,,,,,,,,,filing-other,5.07
CLYM,2025-08-04,NASDAQ,Health Technology,Biotechnology,660.5,1.45,17.24,17.24,0.0,7.23,0.33,14.32,1.3,6,7.48,14.2,-23.7,0.9,-71.0,53.2,100,2.35,-1.18,-2.94,24.12,31.18,48.24,-8.82,False,False,,,,,,,,,,none,
STTK,2025-08-05,NASDAQ,Health Technology,Biotechnology,656.4,0.743,34.59,33.24,-1.0,25.96,0.32,255.6,7.91,5,8.82,-25.6,-42.2,0.7,-74.7,79.4,100,-18.1,-24.4,-23.7,3.0,28.0,53.0,-28.8,False,False,,,,,,,,,,agreement,"1.01,3.02,7.01,9.01"
HELE,2026-04-23,NASDAQ,Consumer Durables,Home Furnishings,655.7,19.77,25.49,20.49,-3.99,11.86,0.55,3.86,0.4,5,5.44,3.9,2.1,0.92,-32.2,23.6,100,-4.8,-5.48,-6.69,4.03,-0.08,8.95,-18.22,False,False,,,,,,,,,,earnings,"2.02,9.01"
WOOF,2025-08-29,NASDAQ,Retail Trade,Internet Retail,653.0,3.23,23.22,23.53,0.25,13.24,0.59,5.93,0.84,5,5.02,-12.0,20.1,0.78,-36.7,28.6,100,-9.05,-14.07,-5.03,-12.81,-8.79,-1.01,-17.96,False,True,3.99,7.27,-1.0,1,-1.0,1,-1.0,1,-1.0,earnings,"2.02,7.01,9.01"
WOOF,2025-11-26,NASDAQ,Retail Trade,Internet Retail,653.0,2.97,19.87,14.48,-4.49,9.79,0.41,6.18,0.57,12,4.92,-8.0,-17.0,0.87,-43.4,36.9,100,-10.11,-12.08,-14.04,-13.76,-17.7,-4.8,-21.35,False,False,,,,,,,,,,earnings,"2.02,7.01,9.01"
WOOF,2026-03-12,NASDAQ,Retail Trade,Internet Retail,653.0,2.4,22.08,34.58,10.24,14.78,0.74,11.5,0.81,9,5.01,-22.6,-33.0,0.94,-35.0,68.7,100,23.55,15.36,6.48,-6.14,-4.78,29.01,-10.75,False,True,3.23,9.91,0.0,4,0.0,4,0.0,4,0.156,earnings,"2.02,7.01,9.01"
SOC,2025-05-19,NYSE,Energy Minerals,Integrated Oil,652.4,28.86,13.79,14.41,0.55,11.75,0.46,4.37,1.29,1,6.0,-7.8,26.6,0.44,1.6,0.0,97,-0.24,-1.67,0.27,-26.8,-31.06,5.33,-32.13,False,True,33.02,5.15,-1.0,3,-1.0,3,-1.0,3,-0.81,other-8k,"7.01,9.01"
SOC,2025-09-10,NYSE,Energy Minerals,Integrated Oil,652.4,20.06,10.77,22.58,10.67,18.17,0.98,4.04,0.85,5,6.18,-12.5,-13.0,0.62,-36.5,70.7,100,4.19,-0.95,10.22,-2.07,-10.31,12.33,-22.37,False,True,24.59,15.17,-0.386,1,-0.386,1,-0.386,1,-0.386,none,
SOC,2025-12-18,NYSE,Energy Minerals,Integrated Oil,652.4,5.28,52.46,56.25,2.48,20.64,0.25,6.92,2.57,0,11.96,-77.6,-76.2,0.05,-77.0,71.4,35,-3.35,28.7,5.96,31.43,36.89,52.73,-9.19,False,True,8.25,4.85,-1.0,1,-1.0,1,-1.0,1,-1.0,other-8k,"7.01,9.01"
SOC,2025-12-23,NYSE,Energy Minerals,Integrated Oil,652.4,7.6,16.18,36.32,17.33,36.33,0.86,5.06,0.9,1,13.16,-65.1,-65.2,0.1,-74.8,65.8,46,11.66,-1.13,2.15,5.66,18.12,50.74,-9.06,True,True,10.36,23.75,0.0,7,0.0,7,0.0,7,-0.221,other-8k,"7.01,9.01"
SOC,2026-03-05,NYSE,Energy Minerals,Integrated Oil,652.4,10.09,9.02,37.26,25.91,34.79,0.84,3.38,0.4,4,11.84,123.7,-55.7,0.54,-68.6,48.0,57,30.64,31.0,58.64,55.82,39.73,75.0,22.73,True,True,13.85,22.6,0.776,11,0.272,19,0.0,22,0.577,filing-other,
SOC,2026-07-01,NYSE,Energy Minerals,Integrated Oil,652.4,3.08,25.97,42.86,13.4,15.28,0.92,12.46,0.94,3,10.81,-81.4,-64.7,0.79,-87.9,93.7,78,9.54,9.02,6.7,6.7,15.46,23.71,-5.8,False,True,4.4,12.27,-1.0,1,-1.0,1,-1.0,1,-1.0,agreement,"1.01,2.03,7.01,9.01"
CD,2025-06-11,NASDAQ,Technology Services,Information Technology Services,651.2,4.14,13.04,1.93,-9.83,31.75,0.55,25.93,0.24,9,13.77,-13.6,-40.8,0.62,-47.2,42.8,100,-12.39,-17.09,-17.09,-13.25,-4.7,-1.5,-30.13,False,False,,,,,,,,,,filing-other,
CD,2025-07-21,NASDAQ,Technology Services,Information Technology Services,651.2,5.16,16.09,-57.36,-63.27,342.03,0.17,13.35,0.42,4,10.99,-11.8,-29.1,0.48,-32.4,19.7,99,-64.94,-48.75,-41.24,-31.72,-24.71,-13.19,-73.96,True,False,,,,,,,,,,filing-other,
CD,2025-07-22,NASDAQ,Technology Services,Information Technology Services,651.2,2.2,10.41,-4.55,-13.54,21.57,0.14,8.95,0.4,4,27.41,-61.1,-70.5,0.48,-72.6,61.5,71,-17.46,11.57,77.85,61.38,84.85,114.08,-35.78,False,False,,,,,,,,,,filing-other,
STLN,2025-05-15,NASDAQ,Health Services,Medical/Nursing Services,650.9,2.37,19.41,28.27,7.42,22.43,0.52,5.35,0.39,7,17.17,161.0,811.5,0.16,-19.1,3.6,5,5.65,-1.77,5.65,12.72,-12.72,23.32,-14.49,False,True,3.04,10.53,-0.813,3,-0.813,3,-1.0,4,-0.813,earnings,"2.02,9.01"
STLN,2026-03-13,NASDAQ,Health Services,Medical/Nursing Services,650.9,2.62,19.85,8.4,-9.55,22.83,0.13,5.89,1.1,4,8.04,-25.1,-17.4,0.57,-35.7,56.3,100,8.6,14.65,5.73,-5.73,5.1,21.02,-12.74,False,False,,,,,,,,,,earnings,"2.02,7.01,9.01"
STLN,2026-08-07,NASDAQ,Health Services,Medical/Nursing Services,650.9,4.99,30.86,28.46,-1.84,17.11,0.38,3.41,0.68,2,7.19,22.6,103.7,0.76,-2.1,0.0,98,-5.67,-3.22,-1.23,-1.0,-9.19,4.13,-11.79,False,False,,,,,,,,,,earnings,"2.02,9.01"
TRON,2025-06-16,NASDAQ,Consumer Durables,Recreational Products,649.9,1.45,280.69,533.79,66.49,152.09,0.75,383.94,0.99,17,16.27,261.6,95.2,0.56,232.5,0.0,44,40.04,100.0,43.12,26.99,86.59,131.88,9.06,True,True,9.19,53.21,0.0,5,0.0,5,0.0,5,0.126,agreement,"1.01,3.02,3.03,5.02,5.03,7.01,9.01"
TRON,2025-06-20,NASDAQ,Consumer Durables,Recreational Products,649.9,8.2,15.61,34.63,16.46,42.06,0.54,5.38,0.22,4,25.86,1944.9,1177.3,0.51,-12.5,0.0,25,-0.53,-8.44,-18.99,-10.97,-6.86,35.02,-36.5,False,True,11.04,18.39,-1.0,2,-1.0,2,-1.0,2,-1.0,other-8k,8.01
TRON,2025-09-08,NASDAQ,Consumer Durables,Recreational Products,649.9,2.7,10.0,21.48,10.44,30.98,0.34,3.6,0.04,12,11.81,233.7,614.3,0.4,-76.8,48.0,19,5.72,25.93,1.18,-9.09,-1.01,30.2,-37.04,False,True,3.28,9.45,-0.452,1,-0.452,1,-0.452,1,-0.452,none,
NFGC,2025-12-22,AMEX,Non-Energy Minerals,Precious Metals,647.1,2.77,11.91,14.8,2.58,10.54,0.6,3.61,0.51,2,6.51,28.2,88.4,0.62,-5.3,0.0,96,0.65,4.52,-0.32,0.0,12.26,12.26,-9.03,False,True,3.18,5.97,-1.0,4,-1.0,4,-1.0,4,-0.561,none,
HPP,2025-06-12,NYSE,Finance,Real Estate Investment Trusts,646.9,17.36,12.9,8.06,-4.29,7.69,0.4,21.57,1.43,4,6.99,-6.4,-29.5,0.67,-44.2,66.5,100,-2.14,-1.43,1.07,-3.57,1.79,5.71,-8.57,False,False,,,,,,,,,,agreement,"1.01,3.02,3.03,5.02,5.03,7.01,8.01,9.01"
ANGO,2025-07-15,NASDAQ,Health Technology,Medical Specialties,644.8,9.63,9.03,-10.18,-17.62,25.14,0.01,4.46,0.69,4,4.67,3.7,-21.7,0.95,-22.2,28.4,100,-18.1,-17.24,-13.05,-13.14,-15.81,-10.76,-20.38,False,False,,,,,,,,,,earnings,"2.02,7.01,9.01"
ANGO,2025-10-02,NASDAQ,Health Technology,Medical Specialties,644.8,11.07,15.0,6.05,-7.78,12.42,0.28,8.06,0.73,10,3.27,15.6,1.9,0.89,-5.7,3.6,100,-8.56,-13.2,-12.49,-7.93,-4.63,-1.34,-15.32,False,False,,,,,,,,,,earnings,"2.02,7.01,9.01"
PRTH,2025-11-10,NASDAQ,Technology Services,Packaged Software,642.5,4.87,14.99,14.37,-0.54,12.32,0.07,7.9,0.77,3,6.27,-34.6,-33.1,0.95,-55.1,97.5,100,-0.89,-4.82,-3.39,2.68,-0.18,9.11,-9.82,False,False,,,,,,,,,,other-8k,"8.01,9.01"
PRTH,2026-05-11,NASDAQ,Technology Services,Packaged Software,642.5,5.62,8.36,5.69,-2.46,10.56,0.43,4.09,0.22,19,4.05,-0.2,15.9,1.0,-31.5,54.8,100,1.31,-1.81,-2.3,-3.12,-0.49,10.84,-9.2,False,False,,,,,,,,,,earnings,"2.02,7.01,9.01"
YEXT,2025-06-04,NYSE,Technology Services,Data Processing Services,641.4,6.82,15.25,31.52,14.12,16.93,0.86,11.35,1.73,4,2.96,4.0,-17.4,1.0,-10.2,10.1,100,11.96,11.32,6.74,2.8,5.09,13.99,0.13,True,True,8.97,12.76,-0.742,7,-0.655,19,-1.0,26,-0.559,earnings,"2.02,9.01"
YEXT,2026-02-10,NYSE,Technology Services,Data Processing Services,641.4,4.91,14.66,14.26,-0.36,3.66,0.75,5.97,1.01,3,3.84,-42.1,-36.5,0.9,-38.8,92.2,100,-1.78,-1.07,-1.78,-1.42,-2.84,2.31,-5.86,False,False,,,,,,,,,,filing-other,
SCHL,2025-07-25,NASDAQ,Consumer Services,Publishing: Books/Magazines,640.6,21.55,14.99,23.9,7.75,13.57,0.9,4.66,0.51,3,3.49,24.4,8.3,0.92,-23.5,17.8,100,5.81,-1.61,0.69,-1.01,2.54,7.91,-2.95,True,True,26.7,10.86,-0.621,8,-0.714,19,-1.0,39,-0.681,earnings,"2.02,9.01"
SCHL,2026-03-20,NASDAQ,Consumer Services,Publishing: Books/Magazines,640.6,34.24,10.28,8.79,-1.35,5.47,0.16,6.14,1.03,3,3.79,19.5,24.3,0.94,4.2,0.0,100,1.77,3.52,2.6,3.05,5.3,6.33,0.05,True,False,,,,,,,,,,earnings,"2.02,8.01,9.01"
FWRG,2025-08-05,NASDAQ,Consumer Services,Restaurants,640.6,17.24,12.91,3.54,-8.3,16.8,0.41,3.18,0.47,3,4.5,-7.4,-17.7,1.0,-14.3,19.9,100,-3.26,-9.27,-8.55,-11.23,-5.63,0.33,-12.72,True,False,,,,,,,,,,earnings,"2.02,7.01,9.01"
TROX,2025-12-09,NYSE,Process Industries,Chemicals: Specialty,637.2,3.75,24.0,25.6,1.29,22.09,0.43,8.06,1.11,2,6.97,-21.2,-38.7,0.7,-62.5,53.0,100,-2.8,0.43,-5.16,-9.03,14.19,18.92,-12.26,False,True,4.71,8.7,-1.0,1,-1.0,1,-1.0,1,-1.0,none,
TROX,2026-02-19,NYSE,Process Industries,Chemicals: Specialty,637.2,7.75,8.52,-10.32,-17.36,30.12,0.15,3.36,0.45,3,7.42,148.4,90.0,0.35,-4.4,0.0,34,-18.55,-14.86,-14.86,-13.44,-12.37,-5.83,-26.52,False,False,,,,,,,,,,earnings,"2.02,9.01"
ABTC,2025-05-12,NASDAQ,Technology Services,Data Processing Services,635.0,39.0,325.0,173.08,-35.75,115.44,0.04,218.19,2.92,4,20.84,74.5,-21.6,0.27,100.9,0.0,46,-42.08,-51.58,-39.82,-47.96,-48.42,-26.7,-68.78,False,False,,,,,,,,,,agreement,"1.01,7.01,9.01"
ABTC,2025-05-13,NASDAQ,Technology Services,Data Processing Services,635.0,106.5,12.68,-9.86,-20.0,29.6,0.08,5.37,0.2,2,26.13,389.7,116.8,0.27,-45.4,0.0,18,-53.06,-13.12,-19.37,-31.25,-32.5,-3.75,-56.88,False,False,,,,,,,,,,agreement,"1.01,7.01,9.01"
ABTC,2025-07-02,NASDAQ,Technology Services,Data Processing Services,635.0,67.575,35.41,29.86,-4.1,36.68,0.48,11.54,0.33,8,10.46,466.7,98.5,0.19,-58.4,41.9,21,7.38,13.11,20.49,9.02,-11.48,25.41,-18.03,True,False,,,,,,,,,,filing-other,9.01
ABTC,2025-08-28,NASDAQ,Technology Services,Data Processing Services,635.0,90.75,10.74,42.15,28.36,47.54,0.86,10.52,0.18,15,10.81,21.7,320.1,0.67,-54.3,28.9,80,14.93,20.0,10.45,17.76,-1.79,116.72,-6.87,True,True,129.0,29.07,-0.876,4,-0.876,4,-0.764,19,-0.659,other-8k,"5.02,5.07,7.01,9.01"
ABTC,2025-09-03,NASDAQ,Technology Services,Data Processing Services,635.0,103.5,33.62,16.52,-12.8,116.72,0.17,21.2,0.56,11,13.33,23.2,409.2,0.68,-37.1,0.0,81,-30.48,-9.54,-3.8,-16.49,-21.91,11.06,-32.32,False,False,,,,,,,,,,agreement,"1.01,1.02,2.01,3.02,3.03,5.01,5.02,5.03,5.05,7.01,8.01,9.01"
ABTC,2025-09-05,NASDAQ,Technology Services,Data Processing Services,635.0,96.15,8.42,15.44,6.47,15.03,0.9,3.99,0.22,9,20.1,20.9,436.4,0.67,-52.6,31.3,80,20.0,27.63,13.53,2.3,0.43,47.34,-7.48,False,True,111.0,11.89,0.557,5,0.0,6,0.0,6,0.928,filing-other,
SWBI,2026-03-06,NASDAQ,Electronic Technology,Aerospace & Defense,630.4,11.79,9.25,18.66,8.62,9.98,1.0,7.63,0.47,16,2.51,32.8,43.6,0.97,6.0,0.0,100,10.56,8.77,7.14,10.09,14.6,19.57,5.98,True,True,13.99,9.08,0.315,16,0.0,23,0.0,23,0.215,earnings,"2.02,9.01"
SWBI,2026-06-18,NASDAQ,Electronic Technology,Aerospace & Defense,630.4,13.73,15.08,17.12,1.77,12.35,0.23,7.85,0.63,3,3.13,-3.2,28.3,1.0,0.1,0.0,100,4.11,2.03,-3.61,-2.78,-5.0,10.76,-8.1,False,True,16.08,2.8,-1.0,1,-1.0,1,-1.0,1,-1.0,earnings,"2.02,9.01"
CGNT,2026-03-25,NASDAQ,Technology Services,Packaged Software,626.9,7.88,11.74,7.23,-4.03,13.64,0.21,3.2,0.76,2,5.11,-18.3,-6.5,0.81,-24.5,51.2,100,-8.35,-9.94,-7.33,-3.8,7.33,17.55,-13.23,False,False,,,,,,,,,,filing-other,
RSVR,2026-02-26,NASDAQ,Commercial Services,Miscellaneous Commercial Services,626.3,7.58,15.44,17.94,2.17,9.5,0.78,10.52,1.01,6,2.22,4.8,-4.4,1.0,3.4,0.0,100,2.51,2.86,13.83,11.89,5.37,17.94,1.14,True,True,8.94,6.94,1.21,13,0.565,18,1.839,82,0.839,none,
RSVR,2026-03-04,NASDAQ,Commercial Services,Miscellaneous Commercial Services,626.3,9.0,12.11,8.33,-3.37,10.02,0.39,6.42,0.92,3,2.64,21.0,15.1,0.94,9.8,0.0,100,-1.29,-2.38,-2.58,-6.44,-4.36,1.09,-9.71,False,False,,,,,,,,,,filing-other,
UAMY,2025-06-05,NYSE,Non-Energy Minerals,Other Metals/Minerals,625.6,2.75,19.27,9.09,-8.54,15.7,0.15,3.01,0.52,6,9.95,95.0,287.3,0.46,-15.0,9.5,23,2.74,-10.37,-7.93,-16.77,-31.1,8.54,-40.85,False,False,,,,,,,,,,none,
UAMY,2025-09-23,NYSE,Non-Energy Minerals,Other Metals/Minerals,625.6,6.45,9.61,13.18,3.25,16.88,0.26,4.41,1.32,2,8.48,150.0,189.2,0.33,5.8,0.0,15,-5.66,-11.6,-12.31,23.06,75.25,178.78,-15.84,False,True,7.3,4.25,-1.0,1,-1.0,1,-1.0,1,-1.0,other-8k,"7.01,9.01"
UAMY,2025-10-10,NYSE,Non-Energy Minerals,Other Metals/Minerals,625.6,10.88,10.29,12.22,1.75,21.98,0.31,3.62,1.24,0,11.52,263.9,326.7,0.38,9.4,0.0,18,39.25,14.67,-6.75,0.08,-30.67,64.25,-48.0,False,True,12.21,6.47,0.0,4,0.0,4,0.0,4,0.654,equity-sale,
UAMY,2025-10-13,NYSE,Non-Energy Minerals,Other Metals/Minerals,625.6,12.21,20.31,36.86,13.75,29.27,0.86,4.18,1.28,1,12.05,271.1,337.6,0.38,5.5,0.0,18,18.92,-14.5,-8.58,-34.85,-47.79,34.17,-57.52,False,True,16.71,20.05,-1.0,2,-1.0,2,-1.0,2,-1.0,agreement,"1.01,7.01,8.01,9.01"
UAMY,2025-10-14,NYSE,Non-Energy Minerals,Other Metals/Minerals,625.6,16.71,16.7,4.55,-10.41,27.82,0.48,4.37,1.17,1,13.26,346.8,432.2,0.38,12.9,0.0,18,-29.44,-42.62,-36.46,-53.13,-58.62,-14.31,-68.0,False,False,,,,,,,,,,agreement,"1.01,7.01,8.01,9.01"
PHR,2026-05-28,NYSE,Technology Services,Packaged Software,621.3,9.13,18.07,3.5,-12.34,18.23,0.11,3.99,0.34,4,4.7,-26.0,-55.0,0.62,-67.1,74.0,100,-8.53,-3.9,-10.11,-16.05,-6.59,-1.11,-18.74,False,False,,,,,,,,,,earnings,"2.02,9.01"
DGICB,2026-07-22,NASDAQ,Finance,Multi-Line Insurance,618.7,21.81,9.03,5.36,-3.36,9.84,0.62,4.57,0.16,7,4.92,19.7,25.5,0.75,-20.7,2.6,100,-14.68,-9.17,-7.91,-0.55,-2.02,4.08,-14.72,False,False,,,,,,,,,,none,
CRMD,2025-06-23,NASDAQ,Health Technology,Biotechnology,618.1,13.61,23.0,21.68,-1.08,10.67,0.48,4.12,0.38,4,4.64,24.7,59.4,0.38,8.8,0.0,93,-6.09,-10.63,-26.4,-32.62,-33.93,0.9,-36.08,False,False,,,,,,,,,,other-8k,"7.01,9.01"
CRMD,2025-10-20,NASDAQ,Health Technology,Biotechnology,618.1,10.18,15.72,19.45,3.23,11.94,0.7,3.12,0.3,6,4.38,-8.0,25.1,0.84,-32.4,40.5,100,-1.1,-3.99,-6.2,-2.04,-15.28,9.42,-16.72,False,True,12.16,7.73,-1.0,2,-1.0,2,-0.543,1,-1.0,earnings,"2.02,9.01"
CRMD,2026-05-14,NASDAQ,Health Technology,Biotechnology,618.1,7.5,14.0,5.73,-7.25,13.74,0.06,4.35,0.16,42,3.92,1.9,-33.0,1.0,-50.9,73.0,100,-11.7,-8.54,-5.73,-1.29,2.22,6.32,-12.16,False,False,,,,,,,,,,earnings,"2.02,9.01"
CRMD,2026-08-13,NASDAQ,Health Technology,Biotechnology,618.1,7.1,18.17,14.65,-2.98,15.72,0.31,6.59,0.23,27,4.25,-5.3,-4.4,1.0,-43.9,61.6,100,-10.13,-2.62,-1.91,-0.95,-6.67,4.29,-11.08,False,False,,,,,,,,,,earnings,"2.02,9.01"
OIO,2026-07-16,NASDAQ,Finance,Financial Conglomerates,616.0,1.97,11.17,-3.55,-13.24,18.38,0.15,3.1,0.11,11,15.38,-78.5,-83.6,0.73,-83.1,36.7,76,-3.65,-1.37,-5.02,-7.31,-8.22,4.57,-29.22,False,False,,,,,,,,,,none,
ARRY,2025-05-13,NASDAQ,Producer Manufacturing,Electrical Products,614.5,6.84,11.84,20.61,7.84,18.11,0.54,3.28,0.75,4,8.36,-0.4,10.3,0.51,-1.7,0.0,100,8.63,0.39,0.26,-10.2,1.57,11.76,-27.84,False,True,8.25,8.97,-1.0,4,-1.0,4,-1.0,4,-0.923,none,
FWDI,2025-09-08,NASDAQ,Finance,Financial Conglomerates,611.1,16.36,86.43,58.68,-14.89,55.19,0.47,54.43,0.15,5,14.49,148.6,282.2,0.29,82.4,0.0,12,-5.02,13.05,27.87,-8.56,-16.62,50.82,-26.89,True,False,,,,,,,,,,agreement,"1.01,3.02,5.03,5.07,7.01,8.01,9.01"
FWDI,2025-09-11,NASDAQ,Finance,Financial Conglomerates,611.1,25.2,15.08,36.83,18.9,40.61,0.87,6.07,0.06,3,17.81,280.7,573.8,0.32,-9.3,0.0,14,24.48,28.79,8.76,-0.62,-16.97,58.62,-23.1,False,True,34.48,26.16,-0.447,6,-0.884,12,-1.0,13,-0.192,agreement,"1.01,1.02,3.02,5.02,7.01,8.01,9.01"
FWDI,2025-09-12,NASDAQ,Finance,Financial Conglomerates,611.1,34.48,29.35,4.7,-19.06,58.08,0.41,7.04,0.08,3,18.63,432.1,899.4,0.29,24.6,0.0,12,-12.56,-24.87,-31.73,-34.46,-54.28,-2.47,-54.66,False,False,,,,,,,,,,agreement,"1.01,1.02,3.02,5.02,7.01,8.01,9.01"
FLGT,2025-08-01,NASDAQ,Health Services,Medical/Nursing Services,607.5,17.18,12.05,7.86,-3.74,6.5,0.18,4.26,0.24,7,3.3,-0.4,1.1,1.0,-15.8,31.5,100,-4.62,7.38,5.77,10.44,15.17,16.0,-8.94,False,False,,,,,,,,,,earnings,"2.02,7.01,9.01"
MAMA,2025-12-09,NASDAQ,Consumer Non-Durables,Food: Meat/Fish/Dairy,606.8,11.18,24.69,28.09,2.73,17.71,0.92,11.55,2.38,5,3.91,15.7,37.3,1.0,14.9,0.0,100,-6.1,-4.38,-1.22,-3.3,-8.46,7.39,-10.47,True,True,14.32,13.98,-0.305,9,-0.694,16,0.415,67,-0.368,earnings,"2.02,9.01"
ENVX,2025-07-07,NASDAQ,Producer Manufacturing,Electrical Products,603.5,11.39,8.43,14.4,5.51,14.37,0.8,4.93,0.81,7,7.28,71.8,4.8,0.6,-23.8,5.0,69,8.83,14.33,18.62,16.84,-11.01,33.52,-19.84,False,True,13.03,10.28,1.045,10,0.351,17,0.0,19,0.968,earnings,"2.02,7.01,8.01,9.01"
CTMX,2025-05-05,NASDAQ,Health Technology,Pharmaceuticals: Major,599.2,0.802,9.48,19.83,9.45,18.62,0.75,3.63,0.09,5,12.18,-4.5,-19.2,0.67,-38.2,38.2,100,10.02,24.15,142.6,142.6,201.82,221.18,2.96,True,True,0.961,12.28,0.0,4,0.0,4,0.0,4,0.364,none,
CTMX,2025-05-09,NASDAQ,Health Technology,Pharmaceuticals: Major,599.2,1.09,18.35,-14.86,-28.06,43.17,0.05,9.51,0.31,3,11.99,29.8,9.8,0.67,-9.2,0.0,100,65.12,84.5,57.36,72.87,104.26,122.87,27.91,True,False,,,,,,,,,,none,
CTMX,2025-05-12,NASDAQ,Health Technology,Pharmaceuticals: Major,599.2,0.928,104.74,129.53,12.11,32.12,0.91,53.91,2.27,3,13.74,17.5,-7.2,0.67,33.8,0.0,100,31.58,5.26,12.11,11.84,42.11,51.32,-2.11,True,True,2.13,22.54,0.0,2,0.0,2,0.0,2,0.0,earnings,"2.02,8.01,9.01"
CTMX,2026-03-16,NASDAQ,Health Technology,Pharmaceuticals: Major,599.2,4.68,47.86,44.23,-2.46,35.93,0.33,40.05,1.06,10,6.54,15.3,134.0,0.65,9.0,0.0,79,-21.24,-30.92,-35.55,-36.27,-34.39,0.14,-41.04,False,False,,,,,,,,,,earnings,"2.02,9.01"
NTGR,2025-05-01,NASDAQ,Technology Services,Information Technology Services,599.0,24.12,16.5,16.09,-0.36,13.86,0.37,3.44,1.2,0,6.55,-13.1,18.1,0.84,-10.9,12.7,100,-1.0,-2.21,2.88,4.41,4.38,12.03,-7.01,False,False,,,,,,,,,,earnings,"2.02,9.01"
NTGR,2026-03-24,NASDAQ,Technology Services,Information Technology Services,599.0,22.06,12.19,10.88,-1.17,9.87,0.28,6.81,1.75,3,3.58,-9.6,-23.1,1.0,-32.9,57.3,100,-9.54,-12.85,-11.76,-0.97,4.85,12.16,-14.83,False,False,,,,,,,,,,none,
HTZ,2025-04-16,NASDAQ,Finance,Finance/Rental/Leasing,598.8,3.65,19.32,56.44,31.11,42.29,0.97,9.07,2.86,1,10.29,-9.0,20.5,0.9,-18.1,11.8,100,89.21,95.64,98.62,57.29,44.89,115.61,26.52,True,True,5.71,28.98,0.991,8,0.296,12,0.0,18,1.227,none,
HTZ,2025-04-17,NASDAQ,Finance,Finance/Rental/Leasing,598.8,5.71,30.12,44.31,10.9,30.84,0.76,20.54,2.92,1,12.05,41.7,95.5,0.87,28.8,0.0,98,5.38,14.06,11.71,-10.09,-10.36,26.38,-25.84,False,True,8.24,18.93,-1.0,1,-1.0,1,-1.0,1,-1.0,none,
HTZ,2025-08-20,NASDAQ,Finance,Finance/Rental/Leasing,598.8,5.2,12.31,5.96,-5.65,14.66,0.24,5.69,0.16,9,6.49,-19.6,15.6,0.71,-37.8,50.4,100,-8.05,-4.62,0.17,-7.02,15.41,16.95,-12.16,False,False,,,,,,,,,,none,
HTZ,2025-11-04,NASDAQ,Finance,Finance/Rental/Leasing,598.8,4.94,16.19,36.23,17.25,27.68,0.73,12.33,0.49,6,7.42,-11.3,-19.5,0.83,-38.9,52.3,100,16.29,14.63,11.15,-9.06,-9.06,20.91,-18.64,False,True,6.73,16.79,-0.584,7,-1.0,9,-0.956,8,-0.434,earnings,"2.02,9.01"
HTZ,2026-04-30,NASDAQ,Finance,Finance/Rental/Leasing,598.8,5.6,15.54,13.57,-1.7,14.29,0.23,3.29,0.33,2,10.74,10.2,9.6,0.59,-23.3,35.3,100,-5.1,-5.87,-4.64,-9.89,-16.54,1.7,-25.81,False,False,,,,,,,,,,agreement,"1.01,2.03,9.01"
HTZ,2026-08-06,NASDAQ,Finance,Finance/Rental/Leasing,598.8,1.56,16.67,29.49,10.99,34.36,0.7,5.32,1.2,2,8.88,-75.9,-70.1,0.41,-77.8,92.5,58,24.73,34.62,28.85,14.84,24.73,61.81,10.44,True,True,2.02,19.31,0.154,8,0.0,9,0.641,1,0.47,earnings,"2.02,9.01"
HTZ,2026-08-07,NASDAQ,Finance,Finance/Rental/Leasing,598.8,2.02,20.79,12.38,-6.97,16.9,0.39,7.3,1.46,2,10.01,-67.3,-59.1,0.41,-70.2,73.7,78,-13.11,14.75,-8.2,-7.79,-5.74,20.7,-17.62,False,False,,,,,,,,,,earnings,"2.02,9.01"
BTBT,2025-07-07,NASDAQ,Commercial Services,Miscellaneous Commercial Services,595.0,2.94,14.63,18.37,3.26,19.14,0.39,6.66,1.77,2,8.02,49.2,0.3,0.68,-41.3,33.9,94,10.98,2.97,-2.37,-1.48,-7.42,33.23,-21.07,False,True,3.48,6.9,-1.0,6,-1.0,6,-1.0,6,-0.681,none,
BTBT,2025-07-08,NASDAQ,Commercial Services,Miscellaneous Commercial Services,595.0,3.48,11.78,7.47,-3.86,17.49,0.12,4.07,0.73,2,8.36,72.7,11.5,0.67,-32.2,21.7,72,-7.71,-14.4,-15.42,-15.94,-19.02,15.42,-31.62,False,False,,,,,,,,,,none,
AGNT,2025-11-07,NASDAQ,Finance,Real Estate Development,593.3,9.7,11.55,11.34,-0.18,16.24,0.59,3.15,0.32,3,3.27,-0.5,30.0,1.0,-28.9,38.9,100,-2.13,-0.18,-0.28,2.5,-1.94,12.99,-5.78,True,False,,,,,,,,,,earnings,"2.02,7.01,9.01"
WEAV,2026-05-01,NYSE,Technology Services,Packaged Software,592.1,4.91,16.4,17.11,0.61,12.68,0.76,3.7,0.99,2,5.54,-24.5,-25.4,0.86,-49.5,73.1,100,6.56,5.16,3.94,-7.61,13.39,13.47,-12.16,False,True,5.75,8.78,0.0,6,0.0,6,0.0,6,0.172,earnings,"2.02,9.01"
WEAV,2026-08-18,NYSE,Technology Services,Packaged Software,592.1,5.53,31.83,31.65,-0.14,0.48,0.0,39.59,9.51,4,6.28,1.7,-3.3,0.79,-10.1,11.2,100,0.27,0.0,0.0,0.14,0.41,0.96,-0.14,True,False,,,,,,,,,,agreement,"1.01,8.01,9.01"
KELYB,2025-06-17,NASDAQ,Commercial Services,Personnel Services,589.4,11.44,10.14,5.86,-3.89,4.05,0.0,4.78,0.03,26,0.27,-14.6,-22.3,0.79,-40.6,87.2,100,-3.89,-3.89,-3.89,-3.89,-5.48,3.33,-6.27,False,False,,,,,,,,,,none,
KELYB,2025-07-18,NASDAQ,Commercial Services,Personnel Services,589.4,11.91,10.5,10.08,-0.38,15.02,0.39,43.45,0.25,33,0.4,4.2,-16.2,1.0,-38.0,81.4,100,-6.76,3.95,-1.67,-5.02,5.78,12.77,-9.27,False,False,,,,,,,,,,filing-other,
KELYB,2026-01-13,NASDAQ,Commercial Services,Personnel Services,589.4,9.75,12.82,15.38,2.27,14.6,0.91,62.73,0.69,15,1.38,-22.6,-22.6,0.68,-27.4,90.2,100,12.27,10.0,18.18,25.09,64.55,1036.36,-1.73,True,True,11.25,11.73,0.0,15,0.0,15,0.0,15,0.215,agreement,"1.01,3.03,7.01,9.01"
KELYB,2026-02-05,NASDAQ,Commercial Services,Personnel Services,589.4,10.81,455.04,251.16,-36.73,371.52,0.12,1251.39,88.5,3,2.86,-2.3,-13.5,0.68,296.0,0.0,100,-63.55,-69.98,-74.18,-77.45,-75.1,-45.0,-79.52,False,False,,,,,,,,,,none,
KELYB,2026-04-02,NASDAQ,Commercial Services,Personnel Services,589.4,13.34,10.04,19.94,8.99,33.57,0.45,43.72,0.2,10,4.73,53.2,-7.7,0.71,-88.3,92.0,92,0.14,1.36,6.2,9.67,9.4,20.1,-3.13,True,True,16.0,13.06,0.129,16,0.0,17,-0.622,1,-0.093,none,
OOMA,2026-03-05,NYSE,Communications,Major Telecommunications,587.6,12.99,10.39,11.62,1.12,5.4,0.57,4.18,0.79,6,3.81,18.0,0.7,1.0,-2.8,0.0,100,0.42,-0.7,-2.72,-4.46,2.58,5.65,-6.49,False,True,14.5,2.97,-1.0,2,-1.0,2,-1.0,2,-1.0,earnings,"2.02,9.01"
OOMA,2026-08-27,NYSE,Communications,Major Telecommunications,587.6,20.53,9.6,12.23,2.4,17.13,0.18,3.25,1.11,0,4.61,15.5,66.2,0.95,-1.0,0.0,100,1.82,-2.76,3.91,1.2,-3.24,5.82,-4.89,False,True,23.04,2.95,-1.0,1,-1.0,1,-1.0,1,-1.0,earnings,"2.02,9.01"
BXC,2026-05-06,NYSE,Distribution Services,Wholesale Distributors,587.5,46.19,18.86,27.08,6.92,18.37,0.67,3.16,0.5,3,5.26,-41.5,-28.8,0.65,-37.8,84.9,100,-3.53,-8.03,-11.33,-11.55,-5.92,12.93,-15.37,False,True,58.7,10.9,-0.897,1,-0.897,1,-0.897,1,-0.897,earnings,"2.02,9.01"
AQST,2025-09-04,NASDAQ,Health Technology,Pharmaceuticals: Major,586.1,3.95,8.53,28.1,18.03,20.28,0.95,10.55,1.19,4,5.88,15.8,41.6,0.92,-26.1,20.4,100,26.43,16.17,15.47,15.23,34.59,49.99,10.8,True,True,5.06,16.21,0.0,2,0.0,2,0.0,2,0.0,other-8k,"7.01,9.01"
AQST,2025-09-19,NASDAQ,Health Technology,Pharmaceuticals: Major,586.1,4.94,12.35,14.78,2.16,9.67,0.38,6.08,1.01,3,6.1,52.0,58.8,0.71,-4.3,0.8,93,-6.85,-2.34,7.93,4.5,27.57,35.32,-8.47,False,True,5.67,3.51,-1.0,1,-1.0,1,-1.0,1,-1.0,filing-other,
AQST,2025-09-26,NASDAQ,Health Technology,Pharmaceuticals: Major,586.1,5.26,11.98,13.88,1.7,10.58,0.28,4.01,0.88,4,6.96,61.8,63.9,0.7,-1.8,0.0,82,-4.07,-0.17,-1.53,11.04,16.13,28.18,-7.13,False,True,5.99,2.92,-1.0,1,-1.0,1,-1.0,1,-1.0,filing-other,
AQST,2026-02-02,NASDAQ,Health Technology,Pharmaceuticals: Major,586.1,2.95,35.59,38.98,2.5,15.83,0.52,11.8,1.4,1,7.55,-55.7,-22.8,0.75,-47.0,48.5,100,2.5,-4.0,-1.5,-3.0,3.0,7.75,-9.75,False,True,4.1,7.56,-1.0,3,-1.0,3,0.0,1,-0.946,other-8k,"7.01,9.01"
AQST,2026-05-14,NASDAQ,Health Technology,Pharmaceuticals: Major,586.1,4.13,15.01,14.53,-0.42,12.05,0.46,4.77,0.1,33,3.71,10.1,-27.4,1.0,-37.1,38.8,100,-12.21,-13.89,-10.95,-15.37,-12.21,-1.79,-18.95,False,False,,,,,,,,,,earnings,"1.01,1.02,2.02,2.03,3.02,7.01,9.01"
AQST,2026-08-10,NASDAQ,Health Technology,Pharmaceuticals: Major,586.1,3.94,10.41,8.88,-1.38,8.8,0.08,3.53,0.12,7,4.99,-8.8,-4.1,0.97,-42.4,41.7,100,1.38,-2.3,-1.38,10.34,19.77,26.09,-7.7,False,False,,,,,,,,,,earnings,"2.02,7.01,8.01,9.01"
DDD,2026-03-09,NYSE,Technology Services,Information Technology Services,584.8,1.96,9.69,28.06,16.74,19.43,0.98,4.25,0.31,11,6.46,-12.9,-7.5,0.83,-43.4,45.1,100,13.95,11.16,13.02,-5.12,-15.35,24.19,-17.21,False,True,2.51,15.94,-0.525,6,-0.925,7,-0.925,7,-0.45,earnings,"2.02,9.01"
DDD,2026-05-12,NYSE,Technology Services,Information Technology Services,584.8,2.51,15.54,23.9,7.24,19.57,0.65,9.99,0.79,7,6.86,12.1,13.1,0.84,-23.7,11.4,100,10.34,4.14,-7.93,22.07,-0.34,42.07,-10.34,False,True,3.11,11.25,-1.0,5,-1.0,5,-1.0,5,-0.752,earnings,"2.02,9.01"
DDD,2026-08-04,NYSE,Technology Services,Information Technology Services,584.8,2.83,16.96,25.8,7.55,20.37,0.48,6.64,0.7,10,6.11,20.9,28.6,0.78,-19.7,7.7,100,7.85,11.48,15.11,3.93,-0.6,17.82,-6.34,False,True,3.56,8.99,-1.0,1,-1.0,1,-1.0,1,-1.0,earnings,"2.02,5.02,7.01,9.01"
TLRY,2025-08-11,NASDAQ,Process Industries,Agricultural Commodities/Milling,583.7,6.5,21.54,41.54,16.46,27.78,1.0,6.71,2.14,1,9.53,51.2,-35.0,0.52,-57.3,51.2,82,20.25,49.37,44.3,75.95,44.3,96.2,18.99,True,True,9.2,21.74,1.65,15,1.0,19,2.3,55,1.533,none,
TLRY,2025-08-12,NASDAQ,Process Industries,Agricultural Commodities/Milling,583.7,9.2,20.65,3.26,-14.41,27.66,0.04,5.99,1.08,1,10.23,100.0,-6.1,0.51,-40.0,35.6,55,12.61,-7.21,-4.5,30.63,-1.8,39.64,-13.51,True,False,,,,,,,,,,none,
TLRY,2025-09-29,NASDAQ,Process Industries,Agricultural Commodities/Milling,583.7,11.5,18.26,60.87,36.03,38.81,0.98,6.67,1.29,3,7.68,180.5,74.2,0.27,-26.5,20.0,35,27.21,18.38,16.18,24.26,8.09,70.59,2.94,True,True,18.5,27.57,0.0,9,0.0,9,0.0,9,-0.157,none,
TLRY,2025-10-09,NASDAQ,Process Industries,Agricultural Commodities/Milling,583.7,17.2,15.7,22.09,5.53,20.21,0.44,4.12,0.81,3,10.01,196.6,224.5,0.43,5.9,0.0,21,-13.57,-19.6,-22.61,-25.63,-39.2,1.51,-39.7,False,True,21.0,8.1,-1.0,1,-1.0,1,-1.0,1,-1.0,earnings,"2.02,9.01"
TLRY,2025-12-12,NASDAQ,Process Industries,Agricultural Commodities/Milling,583.7,8.43,38.08,44.13,4.38,20.72,0.88,15.75,2.25,6,9.73,-28.6,110.8,0.38,-49.8,42.8,73,-6.1,10.65,-4.12,-20.45,-19.33,34.88,-24.48,False,True,12.15,15.39,0.0,4,0.0,4,-0.652,1,0.13,none,
TLRY,2026-04-23,NASDAQ,Process Industries,Agricultural Commodities/Milling,583.7,7.87,18.17,-11.82,-25.38,36.95,0.05,11.33,0.51,23,6.74,-13.8,-46.8,0.92,-59.9,59.2,100,-27.42,-29.46,-32.9,-39.14,-41.29,-25.16,-45.27,False,False,,,,,,,,,,filing-other,
CRD.B,2026-02-09,NYSE,Finance,Insurance Brokers/Services,582.1,10.65,8.54,-0.09,-7.96,14.85,0.31,183.86,25.33,6,4.48,5.1,20.1,1.0,-5.7,8.3,100,-8.74,-10.47,-8.74,-16.0,-14.1,-5.97,-17.04,False,False,,,,,,,,,,filing-other,
SSII,2025-04-25,NASDAQ,Health Technology,Medical Specialties,579.4,8.0,93.75,41.88,-26.77,97.53,0.0,122.3,14.23,4,12.77,10.3,113.3,0.98,29.2,0.0,100,-29.87,-29.74,-32.19,-34.9,-43.1,-7.81,-48.39,False,False,,,,,,,,,,other-8k,"8.01,9.01"
SSII,2025-04-28,NASDAQ,Health Technology,Medical Specialties,579.4,11.35,10.04,-4.23,-12.97,42.9,0.2,7.72,0.32,1,17.64,33.5,185.2,0.98,-44.3,0.0,96,-14.49,-13.49,-13.93,-18.73,-43.31,-11.93,-51.12,False,False,,,,,,,,,,none,
SSII,2025-06-20,NASDAQ,Health Technology,Medical Specialties,579.4,4.88,8.4,41.8,30.81,134.91,0.27,52.5,7.21,1,22.44,-48.1,14.8,0.62,-76.4,60.0,100,6.81,11.53,9.07,-0.38,58.79,69.75,-17.01,False,True,6.92,26.98,-0.937,8,-1.0,10,-0.68,1,-0.807,none,
SSII,2025-10-14,NASDAQ,Health Technology,Medical Specialties,579.4,6.76,9.76,34.47,22.51,38.88,0.87,8.7,0.09,13,11.09,-0.6,-28.8,0.83,-66.9,17.2,100,21.02,31.27,33.56,14.82,-9.16,34.77,-17.12,False,True,9.09,25.3,-0.054,8,-0.417,12,-0.822,17,0.058,other-8k,"7.01,9.01"
SSII,2026-02-12,NASDAQ,Health Technology,Medical Specialties,579.4,3.32,8.73,18.37,8.86,25.11,0.41,4.23,0.07,10,14.97,-50.7,-48.9,0.76,-83.9,97.6,100,19.39,21.88,33.8,31.86,23.55,45.71,7.89,True,True,3.93,9.29,1.562,11,1.041,1,1.041,1,1.471,none,
SSII,2026-06-30,NASDAQ,Health Technology,Medical Specialties,579.4,3.53,9.63,17.56,7.24,19.66,0.93,4.26,0.4,12,8.71,-28.3,-38.5,0.71,-61.3,89.8,100,1.81,-3.62,-6.98,-9.04,-0.52,7.13,-13.18,False,True,4.15,15.42,-1.0,4,-1.0,4,-0.578,2,-0.885,other-8k,"8.01,9.01"
ALT,2026-01-05,NASDAQ,Health Technology,Biotechnology,577.7,3.51,16.67,16.52,-0.12,14.39,0.23,6.22,0.31,5,7.42,-10.2,-20.8,0.7,-47.7,56.4,100,-3.3,-0.37,-1.1,3.3,33.58,57.26,-5.74,False,False,,,,,,,,,,filing-other,
IBEX,2025-05-09,NASDAQ,Commercial Services,Miscellaneous Commercial Services,576.0,25.66,9.2,19.06,9.03,15.98,0.65,5.05,0.77,7,3.74,4.8,37.9,1.0,0.7,0.0,100,0.36,0.04,2.03,2.07,5.03,10.4,-3.53,False,True,30.55,9.46,-1.0,1,-1.0,1,-1.0,1,-1.0,earnings,"2.02,8.01,9.01"
IBEX,2025-09-12,NASDAQ,Commercial Services,Miscellaneous Commercial Services,576.0,30.46,27.84,36.51,6.78,12.48,0.7,15.47,1.49,19,2.68,1.4,25.0,1.0,21.4,0.0,100,-0.23,3.67,5.14,5.32,-7.88,8.9,-8.06,False,True,41.58,8.08,-1.0,1,-1.0,1,-1.0,1,-1.0,earnings,"2.02,9.01"
MAX,2025-10-30,NYSE,Technology Services,Information Technology Services,574.7,11.12,19.06,9.98,-7.63,8.96,0.06,3.75,0.57,4,4.08,12.8,16.0,0.87,-36.7,5.7,100,-3.7,0.83,-4.0,-3.55,-3.63,4.61,-13.44,False,False,,,,,,,,,,earnings,"2.02,8.01,9.01"
SGMT,2025-06-04,NASDAQ,Health Technology,Pharmaceuticals: Major,574.6,3.63,11.43,12.4,0.87,21.1,0.31,39.74,0.46,11,7.96,-0.8,-36.2,0.65,-45.2,52.6,100,18.17,31.77,53.03,74.04,103.96,157.73,-1.11,True,True,4.08,6.13,15.16,16,19.0,31,14.36,50,11.773,other-8k,"7.01,9.01"
SGMT,2026-01-09,NASDAQ,Health Technology,Pharmaceuticals: Major,574.6,5.57,8.98,11.49,2.31,11.43,0.38,3.93,0.1,13,5.56,-35.4,-41.2,0.63,-46.8,50.8,100,2.8,4.94,1.15,-0.66,-10.21,18.62,-17.38,False,True,6.21,4.19,-1.0,6,-1.0,6,0.115,1,-0.462,none,
SGMT,2026-04-27,NASDAQ,Health Technology,Pharmaceuticals: Major,574.6,5.86,23.04,38.57,12.62,31.42,0.44,130.39,2.43,9,6.98,-2.8,-20.1,0.9,-36.8,39.7,100,21.36,11.37,9.57,6.66,0.14,27.05,-10.82,False,True,8.12,12.19,0.0,2,0.0,2,0.0,2,0.0,earnings,"1.01,2.02,7.01,8.01,9.01"
HY,2025-12-04,NYSE,Producer Manufacturing,Industrial Machinery,573.8,34.4,11.25,1.83,-8.47,15.73,0.29,4.69,1.04,1,6.02,-8.8,-15.7,0.76,-34.8,58.1,100,-11.63,-13.82,-10.63,-18.63,-17.22,-7.24,-24.67,False,False,,,,,,,,,,none,
JBI,2025-08-07,NYSE,Producer Manufacturing,Building Products,571.7,8.68,8.12,13.36,4.85,15.92,0.67,4.66,0.21,7,3.18,21.4,6.4,0.98,-12.6,10.2,100,4.53,6.77,11.03,6.13,10.5,14.01,2.08,True,True,9.84,9.65,0.242,9,0.295,18,0.0,34,0.224,earnings,"2.02,7.01,9.01"
SPT,2026-05-08,NASDAQ,Technology Services,Packaged Software,570.5,6.8,9.56,8.82,-0.67,7.08,0.68,3.38,1.16,0,6.15,-15.0,-33.7,0.81,-70.8,67.7,100,-11.95,-15.3,-16.11,-8.46,-3.83,11.54,-21.54,False,False,,,,,,,,,,earnings,"2.02,7.01,8.01,9.01"
PACB,2025-04-09,NASDAQ,Health Technology,Medical Specialties,568.8,1.2,12.5,20.83,7.41,16.41,0.81,3.19,0.62,2,9.02,-40.0,-29.4,0.65,-50.4,80.8,100,2.22,-2.22,-11.11,-15.56,-11.11,8.89,-21.48,False,True,1.45,11.72,-1.0,2,-1.0,2,-0.412,1,-1.0,earnings,"2.02,2.05,9.01"
DCBO,2025-08-08,NASDAQ,Technology Services,Packaged Software,568.3,29.08,11.76,5.09,-5.97,10.04,0.06,3.19,0.2,7,2.76,-9.2,-31.1,0.98,-39.7,39.5,100,-4.14,-0.92,-2.95,-4.28,-2.18,1.08,-9.38,False,False,,,,,,,,,,filing-other,
DCBO,2026-01-29,NASDAQ,Technology Services,Packaged Software,568.3,18.52,8.21,5.99,-2.05,4.62,0.24,7.19,0.64,1,3.55,-33.5,-39.1,0.89,-54.3,95.5,100,-1.9,-4.99,-5.09,-6.74,-13.27,-0.2,-19.81,False,False,,,,,,,,,,filing-other,
NGNE,2026-02-27,NASDAQ,Health Technology,Biotechnology,568.1,19.68,16.67,19.36,2.31,28.78,0.51,10.62,0.93,14,7.69,-5.1,-0.1,0.98,-38.4,15.0,100,-9.67,4.14,-3.44,-6.32,-11.37,10.76,-20.6,False,True,23.49,12.73,-1.0,1,-1.0,1,-1.0,1,-1.0,other-8k,"7.01,9.01"
XMAX,2025-09-08,NASDAQ,Consumer Durables,Home Furnishings,561.2,4.4,11.59,8.18,-3.05,38.55,0.29,4.42,0.17,4,18.43,260.7,714.8,0.35,5.1,0.0,16,-1.83,0.81,4.07,4.68,11.41,17.72,-6.92,True,False,,,,,,,,,,none,
PRME,2025-07-07,NASDAQ,Health Technology,Biotechnology,560.5,3.11,15.76,22.19,5.56,17.93,0.36,5.18,0.47,1,15.16,93.2,6.5,0.57,-28.3,17.9,59,13.89,30.28,33.47,26.94,25.0,43.61,-2.5,False,True,3.8,6.05,1.043,7,0.0,8,0.0,8,1.985,none,
PRME,2026-07-08,NASDAQ,Health Technology,Biotechnology,560.5,3.99,8.02,15.79,7.19,12.21,0.61,3.31,0.7,1,8.82,17.0,11.8,0.83,-37.9,26.4,100,-1.86,-18.45,-19.03,-28.31,-28.54,9.74,-36.89,False,True,4.62,6.93,-1.0,1,-1.0,1,-1.0,1,-1.0,other-8k,8.01
ALLO,2026-01-09,NASDAQ,Health Technology,Biotechnology,559.7,1.49,11.41,14.77,3.01,13.25,0.23,4.51,0.16,6,6.8,-1.3,16.4,0.87,-56.1,29.7,100,0.6,2.41,-1.81,-9.04,1.81,18.67,-12.65,False,True,1.71,2.92,-1.0,1,-1.0,1,-1.0,1,-1.0,none,
ALLO,2026-04-13,NASDAQ,Health Technology,Biotechnology,559.7,2.72,50.37,12.5,-25.18,48.17,0.03,16.27,4.23,3,10.16,59.1,80.1,0.43,38.6,0.0,62,-44.25,-42.05,-40.83,-44.99,-44.25,-24.69,-54.77,False,False,,,,,,,,,,equity-sale,8.01
HNST,2026-08-06,NASDAQ,Retail Trade,Specialty Stores,559.0,3.85,26.88,40.78,10.95,20.66,0.58,15.82,0.92,5,3.87,13.6,63.1,1.0,2.2,0.0,100,11.77,6.65,2.97,1.54,19.75,22.01,-5.22,False,True,5.42,10.7,-1.0,6,-1.0,6,-1.0,6,-0.787,earnings,"2.02,9.01"
ALOY,2025-10-08,NASDAQ,Non-Energy Minerals,Other Metals/Minerals,555.4,6.788,9.02,30.23,19.46,22.44,1.0,20.21,0.0,34,5.73,-18.7,160.1,0.83,-22.1,0.6,90,20.68,64.59,81.22,13.38,0.41,139.86,-1.62,True,True,8.84,18.33,0.728,8,0.0,10,0.0,10,1.173,none,
ALOY,2025-10-15,NASDAQ,Non-Energy Minerals,Other Metals/Minerals,555.4,14.81,16.34,-9.45,-22.17,36.07,0.08,3.42,0.0,4,15.43,77.4,354.3,0.83,1.4,0.0,47,-37.96,-41.85,-51.31,-53.22,-56.47,-22.23,-62.94,False,False,,,,,,,,,,filing-other,
ALOY,2026-03-04,NASDAQ,Non-Energy Minerals,Other Metals/Minerals,555.4,21.12,15.55,22.54,6.04,25.12,0.81,6.81,0.42,6,18.44,209.2,237.9,0.44,11.4,0.0,22,-11.12,-36.16,-30.87,-43.21,-62.67,9.16,-63.04,False,True,25.88,16.92,-1.0,1,-1.0,1,-1.0,1,-1.0,equity-sale,
DCTH,2025-05-08,NASDAQ,Health Technology,Medical Specialties,550.0,11.61,20.59,23.64,2.54,12.67,0.82,3.13,1.18,0,5.68,-29.4,7.8,0.76,-17.5,18.5,100,6.0,9.21,14.64,15.36,17.0,30.21,1.57,True,True,14.355,9.37,1.335,10,1.186,21,0.0,28,1.122,earnings,2.02
DCTH,2025-08-06,NASDAQ,Health Technology,Medical Specialties,550.0,10.52,18.16,1.14,-14.4,26.85,0.02,3.2,0.55,1,5.26,-10.2,-35.3,0.41,-31.8,50.5,95,-18.02,-15.45,-10.62,-16.89,-10.7,-8.69,-20.6,False,False,,,,,,,,,,earnings,2.02
DCTH,2026-08-06,NASDAQ,Health Technology,Medical Specialties,550.0,12.63,11.08,22.49,10.26,11.57,0.91,7.19,0.82,3,4.33,12.2,30.2,1.0,2.1,0.0,100,7.7,22.74,23.73,19.39,17.46,24.16,6.66,True,True,15.47,9.5,0.871,10,0.633,18,0.0,36,0.977,earnings,"2.02,9.01"
NVRI,2025-11-21,NYSE,Non-Energy Minerals,Other Metals/Minerals,549.7,13.57,36.7,28.22,-6.2,8.52,0.18,10.52,2.82,1,4.97,20.3,80.0,1.0,33.8,0.0,100,-1.56,-1.13,-0.81,-1.78,-1.13,1.02,-5.44,True,False,,,,,,,,,,none,
CBIO,2025-04-23,NASDAQ,Health Technology,Biotechnology,548.2,23.0,17.39,4.35,-11.11,17.39,0.25,14.22,0.0,47,8.79,-11.5,43.8,0.71,-57.1,96.7,100,-7.41,-3.7,-7.41,-11.11,-7.41,7.41,-14.81,True,False,,,,,,,,,,filing-other,
CBIO,2025-12-04,NASDAQ,Health Technology,Biotechnology,548.2,13.41,16.03,-3.13,-16.52,32.28,0.16,43.38,4.09,16,5.12,-5.8,-33.0,0.94,-57.9,19.0,100,-16.0,-10.22,-1.61,-21.47,-28.6,0.13,-30.21,False,False,,,,,,,,,,agreement,"1.01,3.02,7.01,8.01,9.01"
NRDS,2025-05-07,NASDAQ,Technology Services,Packaged Software,545.9,8.46,25.3,28.96,2.92,11.76,0.59,4.02,0.34,6,4.98,-40.3,-41.7,0.81,-35.6,64.9,100,4.62,11.79,9.25,-1.04,2.45,12.31,-2.36,True,True,10.91,6.51,0.113,9,0.0,10,0.0,10,0.517,earnings,"2.02,7.01,9.01"
NRDS,2025-11-07,NASDAQ,Technology Services,Packaged Software,545.9,11.98,12.69,13.86,1.04,8.28,0.66,3.57,0.42,3,3.4,26.5,8.0,1.0,-17.9,17.7,100,6.3,8.0,3.56,3.11,12.07,20.3,-1.92,True,True,13.64,5.21,0.0,7,0.0,7,0.0,7,0.441,earnings,"2.02,7.01,9.01"
NRDS,2026-08-07,NASDAQ,Technology Services,Packaged Software,545.9,8.84,10.18,12.1,1.75,11.81,0.93,3.03,0.6,8,3.32,-9.5,-14.2,1.0,-40.0,68.4,100,0.62,-0.92,1.03,1.44,1.44,6.06,-3.18,True,True,9.91,9.89,-0.122,13,-0.133,17,-0.551,22,-0.17,earnings,"2.02,7.01,9.01"
RYAM,2026-02-25,NYSE,Process Industries,Chemicals: Specialty,541.8,7.17,17.43,42.68,21.5,27.28,0.9,8.35,2.9,0,5.06,19.1,33.5,0.57,-5.9,3.5,100,13.42,13.54,29.69,33.02,33.25,40.74,6.18,True,True,10.23,19.75,0.0,6,0.0,6,0.0,6,-0.111,filing-other,
YDES,2026-06-03,NASDAQ,Health Technology,Medical Specialties,539.1,3.19,9.72,13.17,3.14,20.0,0.55,5.9,0.06,96,7.26,-62.2,-74.5,0.51,-86.0,99.6,72,-10.14,-15.14,-11.29,-28.0,-45.71,10.57,-51.43,False,True,3.61,9.97,-1.0,1,-1.0,1,-1.0,1,-1.0,none,
YDES,2026-06-22,NASDAQ,Health Technology,Medical Specialties,539.1,2.42,8.26,15.29,6.49,36.36,0.42,7.77,0.18,41,12.66,-55.7,-80.9,0.52,-89.5,99.6,77,-1.53,-7.63,-7.63,-23.66,-13.36,16.41,-35.11,False,True,2.79,13.26,-1.0,1,-1.0,1,-1.0,1,-1.0,none,
ROMA,2025-12-23,NASDAQ,Commercial Services,Miscellaneous Commercial Services,537.9,2.15,9.3,-5.58,-13.62,41.53,0.26,3.97,0.01,130,5.83,-25.6,-31.1,0.97,-49.6,72.5,100,-17.45,-22.55,-28.09,-42.98,-9.36,39.15,-50.64,False,False,,,,,,,,,,filing-other,
ROMA,2025-12-29,NASDAQ,Commercial Services,Miscellaneous Commercial Services,537.9,1.99,8.04,-8.54,-15.35,25.0,0.04,4.79,0.02,117,10.9,-33.9,-33.9,0.92,-53.9,73.4,100,-20.47,-25.58,-31.63,-18.6,58.14,119.07,-46.05,False,False,,,,,,,,,,none,
ROMA,2026-03-12,NASDAQ,Commercial Services,Miscellaneous Commercial Services,537.9,4.83,28.99,22.36,-5.14,138.06,0.46,16.34,0.74,2,17.13,101.2,52.4,0.62,-29.8,0.0,62,-13.32,-14.45,-17.82,26.0,-24.88,88.92,-58.11,False,False,,,,,,,,,,none,
NVEC,2026-01-22,NASDAQ,Electronic Technology,Semiconductors,537.3,68.45,13.34,12.07,-1.12,10.37,0.28,3.24,0.81,3,3.61,-6.6,-15.1,1.0,-8.3,3.7,100,-1.88,-4.64,-7.13,-18.42,-15.04,-0.39,-18.77,False,False,,,,,,,,,,earnings,"2.02,8.01"
NVEC,2026-05-11,NASDAQ,Electronic Technology,Semiconductors,537.3,90.21,10.83,5.69,-4.64,19.6,0.19,5.12,1.66,1,5.9,38.2,38.8,0.78,5.0,0.0,100,-8.09,-7.32,-15.87,-3.22,5.19,14.38,-19.5,False,False,,,,,,,,,,none,
LAES,2025-05-20,NASDAQ,Electronic Technology,Semiconductors,535.8,3.1,9.68,4.84,-4.41,13.5,0.33,5.5,0.13,42,9.16,-8.3,619.3,0.76,-69.1,48.4,86,1.47,2.35,8.82,3.82,9.12,33.53,-7.06,True,False,,,,,,,,,,equity-sale,
LAES,2026-04-15,NASDAQ,Electronic Technology,Semiconductors,535.8,2.59,8.3,8.11,-0.18,9.36,0.52,4.84,0.37,25,8.66,-39.9,-57.7,0.56,-67.8,90.7,100,-1.96,4.81,9.09,-5.88,5.53,19.79,-8.38,False,False,,,,,,,,,,filing-other,
TMQ,2025-10-07,AMEX,Non-Energy Minerals,Other Metals/Minerals,535.5,2.09,245.93,211.0,-10.1,33.89,0.27,108.09,2.55,3,7.11,35.7,54.8,0.81,191.5,0.0,100,-12.72,-17.98,46.61,-23.1,-44.67,56.15,-47.58,False,False,,,,,,,,,,agreement,"1.01,7.01,8.01,9.01"
TMQ,2025-10-08,AMEX,Non-Energy Minerals,Other Metals/Minerals,535.5,6.5,11.08,-2.92,-12.6,15.45,0.03,5.32,0.23,2,8.36,289.2,446.2,0.79,-9.5,0.0,43,-9.28,-9.14,17.17,-28.53,-44.6,56.37,-47.51,False,False,,,,,,,,,,agreement,"1.01,7.01,8.01,9.01"
TMQ,2025-10-14,AMEX,Non-Energy Minerals,Other Metals/Minerals,535.5,6.56,21.95,61.59,32.5,61.29,0.84,11.21,0.71,3,9.64,238.1,340.3,0.68,0.3,0.0,36,5.75,-19.25,-30.5,-38.63,-50.87,25.0,-53.75,False,True,10.6,33.96,-1.0,3,-1.0,3,-1.0,3,-1.05,none,
TMQ,2026-01-26,AMEX,Non-Energy Minerals,Other Metals/Minerals,535.5,6.21,15.14,4.99,-8.81,11.54,0.15,5.21,0.09,16,7.11,20.1,221.8,0.81,-36.7,17.9,89,-3.64,-15.94,-30.91,-33.57,-38.74,1.4,-52.17,False,False,,,,,,,,,,none,
SENS,2025-09-04,NASDAQ,Electronic Technology,Electronic Components,531.4,9.04,10.4,-0.88,-10.22,11.86,0.02,3.18,0.13,20,5.36,-15.5,-34.8,0.92,-64.4,64.8,100,-8.22,-11.02,-8.82,-8.82,-12.63,-1.8,-17.23,False,False,,,,,,,,,,agreement,"1.01,2.03,7.01,8.01,9.01"
SENS,2026-08-07,NASDAQ,Electronic Technology,Electronic Components,531.4,5.15,11.84,36.31,21.87,25.71,0.99,3.15,0.34,4,4.68,-3.9,-25.5,0.75,-50.3,65.7,100,30.9,37.67,35.59,68.58,67.19,76.22,18.66,True,True,7.02,20.23,1.556,16,1.197,22,,,1.251,earnings,"2.02,9.01"
EOLS,2025-11-06,NASDAQ,Health Technology,Pharmaceuticals: Major,527.7,6.81,12.85,5.43,-6.57,9.22,0.11,5.0,0.41,3,5.64,15.4,-32.5,0.92,-55.9,65.5,100,-14.64,-9.04,-4.1,-13.86,-10.87,-0.26,-17.31,False,False,,,,,,,,,,earnings,"2.02,9.01"
EOLS,2026-03-04,NASDAQ,Health Technology,Pharmaceuticals: Major,527.7,4.13,30.02,35.35,4.1,21.03,0.49,11.85,0.77,8,5.0,-39.4,-44.9,0.48,-64.1,88.5,99,5.4,-0.37,0.37,-10.06,-19.74,16.39,-28.12,False,True,5.59,9.39,-1.0,6,-1.0,6,-1.0,6,-0.819,earnings,"1.01,2.02,2.03,9.01"
EOLS,2026-08-06,NASDAQ,Health Technology,Pharmaceuticals: Major,527.7,6.18,13.11,19.9,6.01,14.98,0.89,3.84,0.21,6,5.32,-2.2,34.6,1.0,-23.6,17.1,100,8.58,19.31,14.74,19.46,29.47,30.9,2.72,True,True,7.41,11.74,1.69,22,1.333,23,,,1.483,earnings,"2.02,9.01"
WTI,2025-06-13,NYSE,Energy Minerals,Oil & Gas Production,526.8,1.94,15.98,10.82,-4.44,10.24,0.48,5.1,1.32,5,5.04,24.4,7.8,0.6,-20.8,10.9,100,-8.0,4.89,-8.89,-26.67,-24.0,10.67,-28.0,False,False,,,,,,,,,,none,
WTI,2025-06-23,NYSE,Energy Minerals,Oil & Gas Production,526.8,2.15,8.84,-4.65,-12.39,20.1,0.15,3.88,1.11,2,6.67,34.4,36.9,0.52,-17.6,10.8,97,-24.36,-26.07,-29.49,-20.94,-26.92,-15.81,-30.77,False,False,,,,,,,,,,none,
WTI,2026-03-02,NYSE,Energy Minerals,Oil & Gas Production,526.8,2.65,19.25,13.21,-5.06,11.93,0.44,3.84,0.99,4,8.38,51.4,47.2,0.65,13.7,0.0,90,-1.9,-11.08,-2.22,-1.9,13.92,27.85,-20.57,False,False,,,,,,,,,,none,
WTI,2026-03-09,NYSE,Energy Minerals,Oil & Gas Production,526.8,3.14,14.65,-1.59,-14.17,34.22,0.08,6.62,1.78,1,9.49,74.4,78.4,0.59,3.4,0.0,58,-25.28,-3.89,-13.89,-20.56,-6.11,3.61,-30.28,False,False,,,,,,,,,,earnings,"2.02,9.01"
GLAS,2025-09-29,NYSE,Process Industries,Agricultural Commodities/Milling,525.7,6.48,12.81,25.77,11.49,15.44,1.0,4.61,0.43,8,7.57,7.5,34.7,0.63,-21.9,20.6,100,2.74,8.95,10.67,19.15,0.55,33.38,0.0,True,True,8.15,13.37,0.0,14,0.0,14,0.0,14,-0.057,none,
GLAS,2025-12-12,NYSE,Process Industries,Agricultural Commodities/Milling,525.7,5.798,17.8,59.71,35.58,39.24,0.91,10.41,0.94,9,8.9,-15.7,17.4,0.78,-29.9,34.3,100,32.04,39.82,37.75,28.55,31.77,47.88,24.44,True,True,9.26,26.24,-0.198,10,-0.181,18,-0.333,40,-0.092,none,
OPFI,2026-04-29,NYSE,Finance,Finance/Rental/Leasing,518.1,9.01,8.88,2.0,-6.32,8.56,0.1,3.45,0.42,20,2.99,-6.5,-10.3,1.0,-34.7,76.8,100,-3.06,-1.43,-0.61,-9.68,-14.98,11.62,-17.84,False,False,,,,,,,,,,agreement,"1.01,1.02,3.02,7.01,9.01"
SLDP,2025-06-11,NASDAQ,Producer Manufacturing,Electrical Products,518.0,1.63,11.66,14.72,2.75,10.23,0.61,4.76,0.33,8,9.93,44.2,48.2,0.62,-32.6,25.6,94,-2.75,6.04,8.79,25.27,36.81,48.35,-6.04,False,True,1.87,5.88,-1.0,1,-1.0,1,-1.0,1,-1.0,filing-other,
SLDP,2025-11-05,NASDAQ,Producer Manufacturing,Electrical Products,518.0,5.615,11.13,51.56,36.38,47.18,0.88,5.28,1.49,1,12.84,25.3,367.9,0.48,-22.5,9.1,69,8.17,17.79,6.89,-12.34,-13.3,33.25,-26.76,False,True,8.51,29.26,-0.739,5,-1.0,6,-1.0,6,-0.648,earnings,"2.02,7.01,9.01"
SLDP,2026-04-16,NASDAQ,Producer Manufacturing,Electrical Products,518.0,3.26,15.03,0.0,-13.07,17.76,0.09,4.73,0.22,37,5.01,-43.7,-53.0,0.7,-57.7,67.3,100,-10.13,-5.6,-1.33,-8.0,-20.53,11.47,-23.47,False,False,,,,,,,,,,none,
SGHT,2025-10-17,NASDAQ,Health Technology,Medical Specialties,515.1,3.45,13.04,35.94,20.26,23.39,0.88,16.26,1.95,20,4.43,0.6,29.7,0.79,-36.7,26.4,100,19.49,31.54,35.38,29.74,82.31,106.67,15.13,True,True,4.69,17.06,0.462,10,4.138,50,3.112,57,0.491,other-8k,"7.01,8.01,9.01"
MEI,2025-09-10,NYSE,Electronic Technology,Electronic Components,511.2,7.4,15.0,12.16,-2.47,10.79,0.49,3.02,0.66,4,4.55,-14.7,15.4,0.68,-51.2,50.0,100,-3.41,-5.17,-4.94,-8.93,-12.46,0.59,-13.98,False,False,,,,,,,,,,earnings,"2.02,5.02,9.01"
MEI,2026-06-25,NYSE,Electronic Technology,Electronic Components,511.2,13.09,16.96,37.51,17.57,23.05,0.86,3.06,0.28,1,7.88,112.8,88.6,0.24,-1.5,0.0,28,25.15,23.91,-0.07,3.2,0.0,33.12,-10.12,False,True,18.0,16.61,0.0,4,0.0,4,0.0,4,0.108,earnings,"2.02,9.01"
TCMD,2025-08-05,NASDAQ,Health Technology,Medical Specialties,510.4,9.89,35.39,26.79,-6.35,25.45,0.54,5.48,0.54,12,3.7,-29.1,-43.0,0.98,-36.5,60.9,100,-10.23,-8.29,-6.12,-3.96,-1.12,1.87,-11.35,True,False,,,,,,,,,,earnings,"2.02,9.01"
TCMD,2025-11-04,NASDAQ,Health Technology,Medical Specialties,510.4,15.77,35.07,40.65,4.13,14.84,0.46,18.8,1.83,9,2.94,31.2,59.3,1.0,0.9,0.0,100,13.66,16.71,17.84,8.87,23.76,25.07,0.61,True,True,22.18,6.4,0.887,9,3.676,40,4.254,61,1.22,earnings,"2.02,8.01,9.01"
TCMD,2026-02-18,NASDAQ,Health Technology,Medical Specialties,510.4,28.05,27.42,17.83,-7.53,15.08,0.05,6.18,0.52,5,4.35,18.4,123.0,0.92,13.9,0.0,100,-20.96,-19.81,-17.15,-15.58,-24.37,-7.67,-26.43,False,False,,,,,,,,,,earnings,"2.02,7.01,9.01"
NB,2025-04-14,NASDAQ,Non-Energy Minerals,Other Metals/Minerals,509.0,2.06,14.08,18.45,3.83,25.12,0.54,10.01,2.18,2,11.98,32.1,17.0,0.65,-19.5,14.9,100,22.98,20.85,10.21,12.77,1.28,76.55,-7.23,True,True,2.44,11.89,0.517,6,0.0,11,0.0,11,0.804,none,
NB,2025-04-15,NASDAQ,Non-Energy Minerals,Other Metals/Minerals,509.0,2.44,10.66,18.44,7.04,15.29,0.87,9.36,1.22,3,12.65,60.5,36.3,0.65,-7.5,0.0,82,40.37,9.26,-4.07,-7.78,-12.59,53.67,-19.26,False,True,2.89,11.76,0.0,2,0.0,2,0.0,2,0.0,equity-sale,
NB,2025-04-16,NASDAQ,Non-Energy Minerals,Other Metals/Minerals,509.0,2.89,23.53,31.14,6.16,25.73,0.58,27.85,3.86,2,12.67,77.3,69.0,0.65,21.4,0.0,63,-20.45,-27.45,-21.57,-33.89,-34.45,-2.8,-38.94,False,True,3.79,12.93,-1.0,1,-1.0,1,-1.0,1,-1.0,equity-sale,
NB,2025-07-10,NASDAQ,Non-Energy Minerals,Other Metals/Minerals,509.0,2.41,12.03,26.97,13.33,15.3,0.93,6.15,0.37,6,7.13,21.1,52.5,0.87,-34.9,35.9,100,14.07,57.04,18.52,17.78,57.04,71.85,-2.22,False,True,3.06,12.42,0.263,8,0.0,12,0.0,12,1.21,none,
NB,2025-10-06,NASDAQ,Non-Energy Minerals,Other Metals/Minerals,509.0,7.94,13.35,7.81,-4.89,14.23,0.35,3.32,1.07,1,10.11,240.8,305.1,0.48,7.5,0.0,24,1.11,9.33,25.78,7.89,-27.44,39.78,-28.18,False,False,,,,,,,,,,filing-other,"2.01,9.01"
NB,2025-10-14,NASDAQ,Non-Energy Minerals,Other Metals/Minerals,509.0,11.32,8.97,3.09,-5.39,20.93,0.69,3.68,0.86,1,12.22,183.7,363.9,0.41,-1.9,0.0,20,-21.44,-34.25,-31.7,-38.14,-51.52,-7.74,-56.38,False,False,,,,,,,,,,earnings,"1.01,2.02,7.01,8.01,9.01"
ORBS,2025-04-30,NASDAQ,Finance,Finance/Rental/Leasing,507.1,1.31,22.14,2.29,-16.25,24.03,0.16,59.09,0.07,21,8.03,-14.4,-32.5,0.6,-47.4,92.6,100,-9.37,-13.75,-20.0,-11.88,-17.81,-1.25,-24.37,False,False,,,,,,,,,,none,
ORBS,2025-07-25,NASDAQ,Finance,Finance/Rental/Leasing,507.1,1.43,33.92,72.03,28.46,58.38,0.72,193.68,1.99,3,11.1,26.5,-13.3,0.95,-37.0,66.8,100,-4.96,-18.02,-17.49,-22.72,-20.63,12.79,-30.55,False,True,2.46,29.67,-1.0,2,-1.0,2,-1.0,2,-1.0,none,
ORBS,2025-09-08,NASDAQ,Finance,Finance/Rental/Leasing,507.1,1.45,1200.69,3008.97,139.02,435.57,0.44,100.87,3.56,3,6.46,7.4,34.3,0.73,520.4,0.0,100,112.99,-23.12,-36.27,-36.32,-41.3,162.3,-58.64,False,True,45.08,65.57,-1.0,3,-1.0,3,-1.0,3,-1.012,filing-other,
ORBS,2025-12-29,NASDAQ,Finance,Finance/Rental/Leasing,507.1,1.665,14.11,10.21,-3.42,36.61,0.01,9.5,0.14,7,12.32,-85.2,34.3,0.11,-97.7,96.4,52,-11.32,-4.21,-0.53,-8.42,-26.32,11.05,-31.58,False,False,,,,,,,,,,other-8k,"7.01,8.01,9.01"
ORBS,2026-01-05,NASDAQ,Finance,Finance/Rental/Leasing,507.1,1.82,15.93,8.24,-6.64,18.54,0.58,7.94,0.15,7,13.52,-77.9,55.6,0.25,-97.5,89.2,62,-10.43,-18.96,-20.38,-27.01,-36.49,-4.03,-40.76,False,False,,,,,,,,,,agreement,"1.01,5.02,7.01,8.01,9.01"
ORBS,2026-03-12,NASDAQ,Finance,Finance/Rental/Leasing,507.1,0.809,34.73,11.62,-17.16,30.64,0.24,80.66,1.48,10,10.14,-71.7,-96.6,0.29,-98.7,94.5,53,-24.77,-12.02,-13.39,6.42,-22.57,33.94,-27.16,False,False,,,,,,,,,,other-8k,"5.02,7.01,8.01,9.01"
ORBS,2026-03-25,NASDAQ,Finance,Finance/Rental/Leasing,507.1,1.2,9.58,6.67,-2.66,22.69,0.33,4.31,0.34,4,17.74,-44.2,-90.8,0.43,-98.4,51.3,78,-11.79,-34.6,-30.04,-33.38,-29.51,2.05,-39.62,False,False,,,,,,,,,,filing-other,
METCB,2025-07-14,NASDAQ,Energy Minerals,Coal,505.2,11.5558,12.49,3.8,-7.73,15.72,0.17,6.18,0.99,3,7.75,75.7,26.3,0.95,12.2,0.0,86,-8.51,-2.6,8.99,1.49,9.58,21.84,-16.94,False,False,,,,,,,,,,none,
PBYI,2025-11-07,NASDAQ,Health Technology,Pharmaceuticals: Major,504.8,4.9,8.78,22.24,12.38,19.84,0.95,5.1,0.6,6,5.15,1.0,68.4,1.0,-12.2,2.6,100,-11.26,-6.38,-8.26,-8.26,1.31,14.82,-14.07,False,True,5.99,15.86,-1.0,1,-1.0,1,-1.0,1,-1.0,earnings,"2.02,9.01"
MTC,2025-06-25,NASDAQ,Technology Services,Information Technology Services,500.9,0.921,8.58,3.15,-5.0,17.39,0.19,5.33,0.03,54,7.11,-13.9,-39.8,0.65,-84.4,95.0,100,6.0,4.5,5.1,-1.0,-3.4,10.0,-15.0,False,False,,,,,,,,,,none,
DNUT,2025-07-23,NASDAQ,Distribution Services,Food Distributors,499.7,4.13,38.5,4.6,-24.48,38.74,0.12,30.48,3.45,5,7.33,-4.4,-52.0,0.73,-54.9,34.6,100,-24.65,-28.15,-33.57,-40.21,-38.81,-17.83,-49.3,False,False,,,,,,,,,,none,
DNUT,2025-10-22,NASDAQ,Distribution Services,Food Distributors,499.7,3.71,25.47,8.63,-13.43,31.7,0.12,28.98,1.0,8,6.72,-13.9,-17.2,0.95,-63.3,23.6,100,-11.71,-10.63,-18.58,-19.01,-21.16,-2.69,-25.78,False,False,,,,,,,,,,none,
DNUT,2026-02-26,NASDAQ,Distribution Services,Food Distributors,499.7,2.99,22.58,27.76,4.23,13.46,0.37,9.41,0.12,28,4.44,-17.6,-19.8,0.59,-49.7,63.0,100,2.32,-3.68,-1.23,-12.41,-6.68,3.41,-14.46,False,True,3.82,4.71,-1.0,1,-1.0,1,-1.0,1,-1.0,earnings,"2.02,9.01"
CAPR,2025-09-25,NASDAQ,Health Technology,Pharmaceuticals: Major,498.3,6.19,10.02,5.33,-4.26,14.53,0.13,5.06,0.3,13,6.11,-39.2,-53.0,0.76,-70.9,92.2,100,4.11,5.87,17.03,11.89,-9.99,18.36,-11.75,False,False,,,,,,,,,,none,
CAPR,2025-12-03,NASDAQ,Health Technology,Pharmaceuticals: Major,498.3,6.36,371.7,371.07,-0.13,87.77,0.45,28.72,2.9,8,10.9,7.1,-48.5,0.81,44.6,0.0,100,-15.33,-4.8,-4.43,-12.83,-5.63,4.8,-23.17,True,False,,,,,,,,,,equity-sale,"7.01,8.01,9.01"
CAPR,2026-08-14,NASDAQ,Health Technology,Pharmaceuticals: Major,498.3,4.21,81.95,57.96,-13.19,34.93,0.29,12.9,1.16,5,13.26,-85.9,-82.2,0.37,-81.0,54.9,52,-2.74,4.18,-17.89,25.2,15.01,43.6,-21.54,False,False,,,,,,,,,,earnings,"2.02,9.01"
CERS,2026-05-01,NASDAQ,Health Technology,Medical Specialties,497.8,2.03,32.51,33.99,1.12,27.53,0.37,20.85,3.88,6,4.99,-12.9,40.0,0.78,-9.1,2.3,100,1.12,-3.72,-2.97,-13.01,5.58,16.36,-13.38,False,True,2.72,9.19,-1.0,6,-1.0,6,-1.0,6,-0.84,earnings,"2.02,9.01"
OVID,2025-10-03,NASDAQ,Health Technology,Pharmaceuticals: Major,496.1,1.64,21.95,12.2,-8.0,21.82,0.53,28.16,2.28,4,12.39,338.5,444.9,0.13,9.9,0.0,3,-10.5,-21.0,-16.5,-26.0,-30.5,-5.5,-33.0,False,False,,,,,,,,,,agreement,"1.01,3.02,5.03,8.01,9.01"
OVID,2026-03-18,NASDAQ,Health Technology,Pharmaceuticals: Major,496.1,2.01,19.9,14.43,-4.56,12.61,0.29,25.46,0.73,11,8.4,28.8,76.3,0.86,1.7,0.0,100,-4.56,5.81,-0.41,-10.37,16.18,28.84,-16.18,False,False,,,,,,,,,,earnings,"1.01,2.02,3.02,9.01"
ONT,2025-08-07,NYSE,Industrial Services,Environmental Services,495.5,22.61,31.36,8.49,-17.41,40.04,0.18,3.91,0.56,9,4.96,50.2,10.5,0.94,5.0,0.0,100,-12.02,-8.11,-5.45,-5.79,2.39,5.12,-17.24,True,False,,,,,,,,,,earnings,"2.02,7.01,9.01"
ONT,2026-02-26,NYSE,Industrial Services,Environmental Services,495.5,23.38,8.43,22.46,12.94,15.44,0.91,3.17,0.66,4,5.09,-8.2,-19.8,0.97,-20.8,34.5,100,15.27,11.95,6.51,2.05,-11.72,18.34,-14.2,False,True,28.63,12.35,-0.501,8,-1.0,11,-1.0,11,-0.358,earnings,"2.02,7.01,9.01"
AII,2026-08-12,NYSE,Finance,Property/Casualty Insurance,494.9,20.19,21.64,13.47,-6.72,12.11,0.23,5.34,0.29,14,3.72,3.0,11.1,0.94,-6.8,2.5,100,-2.28,1.83,1.26,8.43,3.46,9.93,-6.19,True,False,,,,,,,,,,earnings,"2.02,7.01"
PROK,2025-07-08,NASDAQ,Health Technology,Biotechnology,492.8,0.607,109.23,514.5,193.7,382.35,0.69,264.26,27.76,3,17.43,1.3,-64.9,0.63,-43.9,33.8,93,241.73,257.48,165.35,140.16,150.39,461.42,101.57,True,True,3.73,72.65,0.0,4,0.0,4,0.0,4,0.1,other-8k,"7.01,9.01"
PROK,2025-07-09,NASDAQ,Health Technology,Biotechnology,492.8,3.73,55.76,16.35,-25.3,70.57,0.05,16.54,0.61,1,35.44,530.1,100.5,0.62,18.1,0.0,46,-10.84,-36.49,-35.8,-44.58,-50.43,2.41,-55.94,False,False,,,,,,,,,,other-8k,"7.01,9.01"
PROK,2025-07-10,NASDAQ,Health Technology,Biotechnology,492.8,4.34,11.06,19.35,7.47,32.22,0.47,3.72,0.21,2,38.42,749.3,139.8,0.6,-32.4,0.0,31,-5.81,-30.08,-26.97,-32.37,-46.78,13.07,-49.17,False,True,5.18,13.13,-1.0,1,-1.0,1,-1.0,1,-1.0,filing-other,
RGNX,2026-06-22,NASDAQ,Health Technology,Pharmaceuticals: Major,491.8,7.8,9.23,16.28,6.46,23.56,0.68,4.35,0.88,1,8.41,-3.7,-40.8,0.56,-47.4,59.9,100,16.78,20.19,38.85,76.29,21.36,86.38,-1.17,True,True,9.07,13.89,2.921,14,1.69,17,0.0,18,2.257,none,
DRUG,2026-01-06,NASDAQ,Health Technology,Biotechnology,490.6,80.01,49.73,16.5,-22.2,38.6,0.11,6.51,1.79,1,10.38,55.4,199.2,0.54,22.6,0.0,50,-19.88,-27.59,-25.37,-28.18,-36.56,-16.77,-39.22,False,False,,,,,,,,,,equity-sale,
ARVN,2025-11-18,NASDAQ,Health Technology,Biotechnology,490.4,11.04,16.85,17.66,0.7,22.27,0.53,6.7,0.86,4,5.32,55.5,66.3,0.63,-52.2,15.3,83,-10.62,-10.7,-6.05,-1.78,-9.15,5.12,-15.12,False,True,12.99,10.47,-1.0,1,-1.0,1,-1.0,1,-1.0,none,
BBCP,2026-06-05,NASDAQ,Industrial Services,Engineering & Construction,488.8,7.98,41.73,30.7,-7.78,23.51,0.32,26.47,2.94,2,4.29,18.4,20.2,1.0,39.1,0.0,100,-4.51,-5.48,-1.68,-0.44,-1.15,7.78,-11.41,True,False,,,,,,,,,,earnings,"2.02,9.01"
MCFT,2025-08-27,NASDAQ,Consumer Durables,Recreational Products,488.7,20.9,12.25,9.57,-2.39,10.33,0.73,6.8,1.22,1,3.01,24.6,14.4,1.0,2.0,0.0,100,-6.01,-5.41,-3.62,-1.11,-7.89,2.02,-9.68,False,False,,,,,,,,,,earnings,"2.02,9.01"
METC,2025-07-01,NASDAQ,Energy Minerals,Coal,483.7,13.14,8.68,-24.05,-30.11,46.56,0.05,8.09,2.4,1,7.92,59.7,30.1,0.73,-1.4,0.0,87,-15.9,-11.13,-11.06,49.79,38.87,73.32,-29.69,True,False,,,,,,,,,,other-8k,"7.01,9.01"
METC,2025-07-10,NASDAQ,Energy Minerals,Coal,483.7,12.7,14.41,30.94,14.45,20.35,0.76,5.89,1.07,1,10.36,66.9,32.8,0.78,0.4,0.0,83,14.38,51.0,55.95,57.12,49.14,70.34,6.74,True,True,16.63,13.41,2.202,12,0.0,16,0.0,16,2.262,other-8k,"7.01,9.01"
METC,2025-07-14,NASDAQ,Energy Minerals,Coal,483.7,16.62,8.6,15.04,5.93,11.4,0.6,4.44,0.98,2,11.36,115.6,81.6,0.81,4.2,0.0,65,21.55,25.54,15.62,19.34,30.14,37.12,-8.42,False,True,19.12,6.38,1.984,10,0.0,13,0.0,13,2.29,none,
METC,2025-07-16,NASDAQ,Energy Minerals,Coal,483.7,21.94,10.71,-2.51,-11.94,19.33,0.16,4.62,1.26,4,12.01,157.5,130.1,0.79,6.8,0.0,45,-6.71,-14.08,-7.0,-18.36,5.43,6.59,-31.95,False,False,,,,,,,,,,filing-other,
RWT,2026-02-12,NYSE,Finance,Real Estate Investment Trusts,483.6,5.54,11.01,20.58,8.62,15.21,0.68,5.69,1.18,2,3.16,3.7,-8.4,1.0,-8.2,12.1,100,7.15,4.72,0.16,-1.63,-5.2,9.76,-6.99,False,True,6.68,9.43,-1.0,6,-1.0,6,-1.0,6,-0.794,earnings,"2.02,7.01,9.01"
NPCE,2025-05-14,NASDAQ,Health Technology,Medical Specialties,478.5,12.95,10.42,20.46,9.09,22.89,0.75,5.02,0.41,4,6.27,7.1,72.4,0.94,-5.4,2.0,100,19.44,18.88,26.78,-8.32,-21.47,32.69,-25.8,False,True,15.6,14.68,0.0,8,0.0,8,0.0,8,0.204,earnings,"2.02,9.01"
NPCE,2025-11-05,NASDAQ,Health Technology,Medical Specialties,478.5,9.4,23.72,38.09,11.61,28.23,0.73,9.64,0.57,22,4.87,5.4,-22.4,0.97,-38.7,46.0,100,9.89,15.65,16.08,21.24,45.92,46.95,6.53,True,True,12.98,17.03,0.018,9,1.195,29,1.19,56,0.083,earnings,"2.02,9.01"
NPCE,2026-03-04,NASDAQ,Health Technology,Medical Specialties,478.5,13.83,12.73,0.87,-10.52,20.75,0.35,3.28,0.22,12,4.83,-11.6,51.3,1.0,-17.8,25.9,100,-12.76,-9.88,-6.29,-13.02,-9.75,-5.58,-20.01,False,False,,,,,,,,,,earnings,"2.02,9.01"
GTN.A,2025-12-15,NYSE,Consumer Services,Broadcasting,476.4,7.75,15.48,10.32,-4.47,13.51,0.59,5.05,0.11,31,4.08,-26.5,-14.9,0.86,-30.9,30.6,100,-1.68,-6.93,12.07,28.6,53.74,65.92,-14.3,False,False,,,,,,,,,,filing-other,06b
GTN.A,2025-12-30,NYSE,Consumer Services,Broadcasting,476.4,10.1,8.91,13.96,4.64,11.36,0.41,3.52,0.19,11,8.39,4.1,-1.2,0.89,-15.1,5.4,100,9.09,14.82,13.64,25.09,25.45,37.55,1.45,True,True,11.51,4.43,2.275,13,2.706,21,0.0,27,2.249,none,
GTN.A,2026-02-09,NYSE,Consumer Services,Broadcasting,476.4,14.02,9.13,-15.19,-22.29,38.98,0.2,30.09,1.31,2,4.59,55.8,38.8,0.38,1.1,0.0,70,-24.51,-20.52,-19.61,-26.54,-26.8,-15.1,-38.95,False,False,,,,,,,,,,none,
GTN.A,2026-08-24,NYSE,Consumer Services,Broadcasting,476.4,5.64,21.81,8.87,-10.63,12.21,0.0,4.24,0.02,60,2.38,-32.5,-49.6,0.68,-55.2,97.9,100,-15.72,-3.2,-15.43,-13.1,-24.31,18.34,-25.76,False,False,,,,,,,,,,none,
AMCX,2025-08-08,NASDAQ,Consumer Services,Cable/Satellite TV,476.0,6.0,23.0,8.83,-11.52,30.25,0.13,6.74,1.14,2,4.36,-3.1,-36.3,1.0,-30.4,50.7,100,-8.4,-1.76,-3.79,-3.79,7.18,7.32,-9.62,True,False,,,,,,,,,,earnings,"2.02,9.01"
MFI,2025-04-23,NASDAQ,Technology Services,Packaged Software,471.6,4.56,8.07,15.26,6.66,18.17,1.0,5.81,0.01,28,9.49,-18.0,-25.1,0.84,-61.0,96.1,100,1.3,2.11,-0.97,2.27,23.38,34.74,-11.04,False,True,5.256,15.37,-0.604,8,-1.0,12,-0.327,1,-0.495,filing-other,
MFI,2025-06-02,NASDAQ,Technology Services,Packaged Software,471.6,6.888,18.47,35.89,14.71,36.6,0.53,20.53,0.1,13,14.28,48.4,13.3,0.76,-35.4,38.4,99,17.65,141.18,159.8,297.06,430.39,581.37,2.94,True,True,9.36,16.15,20.423,22,14.974,25,9.788,39,15.89,none,
MFI,2025-09-15,NASDAQ,Technology Services,Packaged Software,471.6,44.01,30.79,0.89,-22.86,49.46,0.22,7.23,0.03,30,19.49,63.2,766.3,0.46,-5.2,0.0,38,-24.08,-28.75,-32.51,-42.32,-39.45,-20.78,-43.45,False,False,,,,,,,,,,none,
MFI,2025-11-21,NASDAQ,Technology Services,Packaged Software,471.6,11.06,24.41,3.07,-17.15,155.59,0.05,59.3,0.18,22,20.79,-70.3,79.8,0.54,-77.3,24.5,76,0.15,48.98,31.83,43.75,45.06,94.69,-9.96,True,False,,,,,,,,,,none,
MFI,2025-11-24,NASDAQ,Technology Services,Packaged Software,471.6,11.4,20.7,20.88,0.15,31.15,0.36,8.11,0.07,8,28.26,-68.1,92.3,0.52,-77.3,23.3,72,18.17,68.24,11.92,35.1,53.71,94.69,-6.83,True,True,13.78,10.09,1.784,1,1.784,1,1.784,1,1.784,filing-other,
CMCO,2026-07-30,NASDAQ,Producer Manufacturing,Trucks/Construction/Farm Machinery,469.6,14.62,36.59,41.45,3.56,13.35,0.75,3.9,1.43,0,5.72,-1.0,-29.5,0.97,-18.2,11.8,100,-4.01,8.11,3.96,-4.51,-7.91,11.62,-14.77,False,True,20.68,9.09,-1.0,1,-1.0,1,-1.0,1,-1.0,earnings,"2.02,7.01,9.01"
GTN,2026-08-07,NYSE,Consumer Services,Broadcasting,468.0,4.28,10.98,25.47,13.05,15.16,0.86,3.45,1.06,0,4.82,-3.2,-0.9,1.0,-26.2,47.4,100,4.84,1.89,9.89,4.0,4.21,13.05,-1.05,False,True,5.37,11.55,-1.0,3,-1.0,3,-1.0,3,-0.952,earnings,"2.02,7.01,8.01,9.01"
ENTX,2025-07-28,NASDAQ,Health Technology,Pharmaceuticals: Major,467.6,1.86,8.6,10.75,1.98,21.13,0.29,107.89,1.43,17,5.86,-22.5,-22.5,0.95,-27.6,55.7,100,0.0,-4.46,2.97,-6.93,-3.47,6.93,-12.87,False,True,2.06,5.83,-1.0,3,-1.0,3,-1.0,3,-1.028,other-8k,"7.01,8.01,9.01"
ENTX,2026-07-27,NASDAQ,Health Technology,Pharmaceuticals: Major,467.6,2.05,44.39,91.22,32.43,51.62,0.8,41.24,1.59,1,9.88,83.0,28.1,0.63,-8.1,0.7,63,10.14,-0.34,0.0,2.7,15.54,33.89,-10.14,False,True,3.92,29.34,-1.0,3,-1.0,3,-1.0,3,-0.948,agreement,"1.01,3.02,5.02,9.01"
CIX,2025-08-06,AMEX,Producer Manufacturing,Metal Fabrication,466.0,22.97,9.8,16.06,5.71,15.18,0.58,3.05,0.21,16,4.39,-13.3,-5.7,1.0,-24.5,68.0,100,9.04,16.85,24.86,7.26,-4.0,28.07,-5.15,False,True,26.66,8.1,0.347,9,0.0,11,0.0,11,0.665,earnings,"2.02,7.01,9.01"
ESEA,2025-06-18,NASDAQ,Transportation,Marine Shipping,464.3,45.03,8.82,1.47,-6.76,12.86,0.11,4.33,0.48,18,3.13,42.9,55.0,0.57,7.1,0.0,93,-8.61,-2.78,-6.69,-3.04,0.86,3.06,-11.02,False,False,,,,,,,,,,none,
VRRM,2026-07-29,NASDAQ,Transportation,Other Transportation,462.0,4.18,37.56,22.01,-11.3,19.28,0.07,4.97,0.35,3,4.72,-72.6,-79.1,0.68,-77.5,43.4,76,-10.61,-2.43,-2.43,-18.26,-23.13,-0.87,-24.26,False,False,,,,,,,,,,other-8k,"7.01,9.01"
SPCE,2025-05-16,NYSE,Electronic Technology,Aerospace & Defense,460.9,3.35,11.64,43.28,28.34,77.54,0.37,62.25,14.51,3,6.91,-23.3,-52.5,0.57,-54.3,70.6,100,15.78,-0.53,-0.53,-16.58,-18.18,49.47,-22.46,False,True,4.8,22.08,-1.0,3,-1.0,3,-1.0,3,-1.006,earnings,"2.02,9.01"
SPCE,2026-03-31,NYSE,Electronic Technology,Aerospace & Defense,460.9,2.17,11.52,11.98,0.41,20.43,0.28,11.73,0.21,30,4.83,-31.1,-38.2,0.65,-63.6,98.1,100,-0.83,26.86,22.73,16.94,-3.72,37.19,-6.61,False,True,2.43,5.35,-1.0,2,-0.231,1,-0.231,1,-1.0,earnings,"2.02,9.01"
SPCE,2026-04-06,NYSE,Electronic Technology,Aerospace & Defense,460.9,2.46,10.16,24.8,13.28,15.3,0.95,11.8,0.32,9,6.41,-25.2,-39.1,0.7,-59.2,86.8,100,10.33,9.59,10.33,7.75,-7.01,22.51,-16.24,False,True,3.07,12.7,-0.615,7,-1.0,13,-1.0,13,-0.495,none,
SPCE,2026-06-01,NYSE,Electronic Technology,Aerospace & Defense,460.9,6.18,17.72,21.68,3.37,42.4,0.48,15.34,1.6,1,14.75,137.7,67.0,0.79,10.1,0.0,70,-36.91,-35.12,-43.37,-51.07,-60.27,-7.08,-66.05,False,True,7.52,16.89,-1.0,1,-1.0,1,-1.0,1,-1.0,other-8k,8.01
TATT,2026-08-05,NASDAQ,Electronic Technology,Aerospace & Defense,460.4,41.65,18.32,2.33,-13.51,25.78,0.05,3.22,0.37,2,5.28,16.1,-14.5,0.9,-23.6,14.2,100,-19.05,-20.11,-20.68,-21.87,-24.86,-11.81,-27.05,False,False,,,,,,,,,,filing-other,
MBUU,2026-05-08,NASDAQ,Consumer Durables,Recreational Products,459.1,25.4,8.27,18.46,9.42,18.87,0.62,3.31,0.98,1,4.52,-18.7,-8.7,0.79,-30.6,62.0,100,7.85,2.33,-4.65,0.25,-1.49,12.89,-11.35,False,True,30.09,10.54,-1.0,5,-1.0,5,-1.0,5,-0.872,earnings,"2.02,9.01"
JOUT,2025-12-12,NASDAQ,Consumer Durables,Recreational Products,458.8,43.0,12.05,-2.21,-12.72,20.8,0.23,3.49,0.35,5,3.83,5.2,45.4,1.0,8.4,0.0,100,-11.04,-9.05,-8.76,-9.49,-7.66,-4.57,-14.65,True,False,,,,,,,,,,earnings,"2.02,9.01"
TECX,2025-10-30,NASDAQ,Commercial Services,Miscellaneous Commercial Services,456.3,18.62,25.89,-5.48,-24.91,50.12,0.03,6.44,0.6,3,8.51,-10.2,-5.3,0.65,-61.6,34.3,100,-22.14,-28.58,-18.98,-25.0,-8.53,-6.14,-33.79,False,False,,,,,,,,,,other-8k,"8.01,9.01"
IDR,2025-07-10,AMEX,Non-Energy Minerals,Precious Metals,454.4,13.37,9.2,21.02,10.82,14.54,0.9,5.4,0.88,1,4.34,-8.1,29.2,0.75,-26.1,30.1,100,14.79,30.89,38.49,37.67,54.52,55.41,6.71,True,True,16.18,11.56,1.112,12,0.193,14,0.0,15,1.264,filing-other,
MRAM,2026-01-30,NASDAQ,Electronic Technology,Semiconductors,453.6,13.39,10.79,-2.99,-12.44,23.73,0.04,4.17,1.02,3,10.76,23.4,121.0,0.62,-14.0,9.2,83,-10.75,-29.15,-26.39,-25.65,-23.22,-4.62,-33.67,False,False,,,,,,,,,,none,
MRAM,2026-04-30,NASDAQ,Electronic Technology,Semiconductors,453.6,13.19,36.92,38.59,1.22,19.45,0.55,31.68,4.8,10,6.35,-1.5,25.7,0.6,4.8,0.0,100,18.99,5.48,19.1,124.97,46.07,185.16,-3.21,True,True,18.28,9.74,0.0,3,0.0,3,0.0,3,0.144,earnings,"1.01,2.02"
MRAM,2026-05-11,NASDAQ,Electronic Technology,Semiconductors,453.6,26.99,33.76,47.68,10.41,32.71,0.56,16.89,1.96,2,10.9,138.4,209.5,0.51,30.7,0.0,25,21.9,12.54,-7.62,-9.42,-35.52,42.65,-41.14,False,True,39.86,15.55,-1.0,5,-1.0,5,-1.0,5,-0.625,filing-other,
MRAM,2026-05-13,NASDAQ,Electronic Technology,Semiconductors,453.6,44.01,14.09,-5.79,-17.43,24.7,0.02,5.15,0.56,3,13.26,296.5,369.2,0.48,12.4,0.0,24,-19.08,-33.58,-42.36,-37.74,-51.8,-15.42,-57.68,False,False,,,,,,,,,,filing-other,
SPIR,2025-04-08,NYSE,Technology Services,Packaged Software,452.9,7.48,25.0,16.98,-6.42,16.49,0.14,3.44,0.41,2,8.38,-50.8,-24.5,0.32,-56.4,80.1,83,4.92,-2.35,-0.96,-5.13,-0.43,20.86,-14.22,False,False,,,,,,,,,,other-8k,8.01
SRTA,2025-05-12,NASDAQ,Health Services,Medical/Nursing Services,451.2,2.92,13.01,18.49,4.85,9.92,0.57,3.21,0.52,7,4.77,-21.9,-21.9,0.78,-36.2,67.9,100,4.55,3.33,3.94,6.97,26.67,32.42,0.3,True,True,3.46,5.35,-0.541,8,0.0,14,0.0,14,-0.451,earnings,"2.02,9.01"
SRTA,2025-06-09,NASDAQ,Health Services,Medical/Nursing Services,451.2,3.8,11.84,11.58,-0.24,8.75,0.86,4.5,0.71,10,5.13,31.0,-17.3,0.71,-17.8,18.9,100,-1.65,-6.12,-6.12,-9.88,-2.59,2.82,-16.0,False,False,,,,,,,,,,filing-other,
SRTA,2025-08-04,NASDAQ,Health Services,Medical/Nursing Services,451.2,3.78,30.16,17.2,-9.96,13.47,0.08,21.98,4.39,7,5.43,29.0,-1.8,0.87,-4.8,0.0,100,-15.45,-23.37,-14.02,-15.24,-13.41,-3.25,-25.3,False,False,,,,,,,,,,earnings,"1.01,2.02,5.02,7.01,9.01"
SRTA,2026-05-06,NASDAQ,Health Services,Medical/Nursing Services,451.2,4.82,13.9,10.58,-2.91,10.91,0.44,3.23,0.13,2,4.72,2.8,-5.5,1.0,-8.8,9.2,100,-2.73,3.1,-1.09,0.91,14.03,18.4,-6.74,True,False,,,,,,,,,,earnings,"2.02,9.01"
AGEN,2025-05-12,NASDAQ,Health Technology,Biotechnology,446.7,2.91,11.0,20.27,8.36,30.97,0.42,4.52,0.7,1,13.53,-9.9,-31.0,0.16,-44.4,37.3,80,4.64,4.64,17.34,9.91,66.25,96.59,-8.67,False,True,3.5,11.43,0.125,10,-1.0,11,-1.0,11,-0.017,earnings,"2.02,9.01"
AGEN,2025-06-03,NASDAQ,Health Technology,Biotechnology,446.7,4.13,16.95,21.07,3.52,23.8,0.85,10.13,2.18,2,11.68,60.1,18.3,0.14,-16.9,2.0,52,16.56,23.19,11.18,-1.04,14.08,31.47,-10.14,True,True,5.0,16.8,0.0,7,0.0,7,0.0,7,0.377,agreement,"1.01,7.01,9.01"
AGEN,2026-07-13,NASDAQ,Health Technology,Biotechnology,446.7,3.35,61.79,82.69,12.92,77.19,0.32,215.39,25.48,4,7.79,-15.4,-10.7,0.81,-26.2,12.1,100,-6.27,-7.75,-8.3,13.1,29.15,63.28,-14.02,False,True,6.12,19.77,-1.0,2,-1.0,2,-1.0,2,-1.0,agreement,"1.01,3.02,7.01,8.01,9.01"
CLB,2025-10-23,NYSE,Energy Minerals,Oil & Gas Production,445.5,12.77,18.01,28.82,9.16,17.3,0.8,3.05,1.0,1,5.0,8.9,10.0,0.98,-31.0,27.1,100,11.88,9.29,5.91,1.46,-7.83,15.86,-8.16,False,True,16.45,12.16,-0.31,8,-0.695,15,-1.0,20,-0.203,earnings,"2.02,7.01,9.01"
SLI,2025-04-22,AMEX,Non-Energy Minerals,Other Metals/Minerals,444.2,1.4,17.86,4.29,-11.52,15.97,0.09,22.0,4.0,7,7.43,-13.6,-30.0,0.92,-37.5,48.8,100,-12.12,-5.45,-12.73,-13.94,-0.61,2.91,-16.97,False,False,,,,,,,,,,filing-other,
SLI,2025-10-16,AMEX,Non-Energy Minerals,Other Metals/Minerals,444.2,5.12,8.98,5.27,-3.41,20.39,0.07,3.77,0.53,1,10.31,89.6,279.3,0.71,4.2,0.0,38,-22.94,-24.55,-26.34,-31.54,-43.01,-19.18,-44.27,False,False,,,,,,,,,,filing-other,
DMAC,2025-09-08,NASDAQ,Health Technology,Biotechnology,442.2,6.14,13.68,16.61,2.58,14.0,0.64,5.85,0.67,2,7.77,48.3,6.4,0.49,2.4,0.0,83,3.3,4.3,0.43,0.0,-0.72,6.93,-4.73,True,True,7.16,8.24,-0.678,8,-0.39,20,-1.0,24,-0.384,none,
URG,2025-05-23,AMEX,Non-Energy Minerals,Other Metals/Minerals,441.6,0.71,12.68,22.54,8.75,12.5,0.7,5.25,0.71,9,5.82,-26.0,-48.9,0.71,-42.9,74.2,100,16.25,5.0,-6.25,22.5,31.25,42.5,-7.5,False,True,0.87,8.05,0.0,2,0.0,2,0.0,2,0.0,none,
URG,2025-09-03,AMEX,Non-Energy Minerals,Other Metals/Minerals,441.6,1.37,16.06,13.87,-1.89,7.28,0.45,4.3,0.35,7,5.73,69.1,57.5,0.73,11.2,0.0,79,-2.52,-8.81,-5.66,-6.29,10.69,13.21,-10.69,False,False,,,,,,,,,,none,
LOCO,2025-10-31,NASDAQ,Consumer Services,Restaurants,439.5,9.06,9.05,12.8,3.44,11.97,0.46,5.85,1.39,6,3.13,-13.6,-0.2,1.0,-25.4,75.1,100,4.25,7.69,5.77,6.98,10.12,11.84,-0.4,True,True,10.22,5.19,0.0,4,0.0,4,0.0,4,0.264,earnings,"2.02,9.01"
LOCO,2026-03-13,NASDAQ,Consumer Services,Restaurants,439.5,10.88,14.71,16.91,1.92,6.78,0.58,10.89,1.53,3,2.8,-4.4,4.3,1.0,6.3,0.0,100,6.73,11.38,13.38,10.66,11.06,16.19,0.72,True,True,12.72,3.77,2.271,10,2.417,19,0.0,35,2.333,earnings,"2.02,9.01"
LOCO,2026-05-08,NASDAQ,Consumer Services,Restaurants,439.5,13.51,17.32,3.63,-11.67,16.31,0.15,4.06,0.49,4,2.12,23.5,27.0,0.62,9.3,0.0,100,-13.75,-17.1,-15.21,-11.23,-11.74,-1.64,-18.49,False,False,,,,,,,,,,earnings,"2.02,9.01"
INDP,2025-06-23,NASDAQ,Health Technology,Pharmaceuticals: Major,437.7,7.56,105.93,85.19,-10.07,50.32,0.11,527.46,20.28,4,11.7,-62.5,-70.3,0.57,-73.3,59.2,76,-19.06,-17.45,-32.36,-24.4,-30.47,-4.68,-44.06,False,False,,,,,,,,,,filing-other,
INDP,2025-10-07,NASDAQ,Health Technology,Pharmaceuticals: Major,437.7,3.19,12.85,15.67,2.5,79.72,0.36,7.48,0.41,2,23.84,-75.2,-76.0,0.33,-93.8,40.2,54,21.67,8.89,15.56,-0.28,-21.11,45.83,-21.94,False,True,3.69,22.49,-0.313,7,-0.313,7,0.831,1,-0.116,none,
INDP,2025-12-24,NASDAQ,Health Technology,Pharmaceuticals: Major,437.7,1.95,52.56,35.9,-10.92,35.78,0.4,137.66,1.89,11,10.33,-40.5,-84.8,0.29,-93.8,77.7,72,-14.29,-8.57,-7.9,5.21,-15.29,23.03,-26.39,False,False,,,,,,,,,,agreement,"1.01,3.02,3.03,5.02,5.03,9.01"
SPRY,2026-01-09,NASDAQ,Health Technology,Pharmaceuticals: Major,437.6,10.95,12.56,19.27,5.96,7.7,0.91,3.64,0.68,5,6.2,-5.4,-38.1,0.76,-34.8,43.4,100,-7.67,-4.34,-13.75,-14.97,-20.57,6.69,-22.19,False,True,13.06,6.58,-1.0,1,-1.0,1,-1.0,1,-1.0,none,
ADUR,2025-11-20,NASDAQ,Process Industries,Chemicals: Specialty,437.4,9.89,16.28,7.68,-7.39,20.4,0.02,3.61,0.72,1,8.24,-9.3,21.3,0.71,-34.9,36.3,100,-5.22,7.65,15.3,20.7,2.43,24.17,-11.3,False,False,,,,,,,,,,none,
ADUR,2026-01-05,NASDAQ,Process Industries,Chemicals: Specialty,437.4,10.57,9.65,12.11,2.24,11.29,0.55,3.02,0.73,1,7.89,-30.0,19.4,0.68,-34.4,46.0,100,1.04,15.36,14.84,19.07,4.31,33.29,-2.93,True,True,11.85,5.82,2.174,11,-0.203,1,-0.203,1,2.184,none,
ADUR,2026-06-09,NASDAQ,Process Industries,Chemicals: Specialty,437.4,14.4,11.04,17.22,5.57,14.51,0.55,3.6,0.87,1,8.61,30.3,3.7,0.62,-12.1,4.5,100,-3.31,-11.19,-9.01,-12.13,0.94,2.56,-13.82,False,True,16.88,7.35,-1.0,1,-1.0,1,-1.0,1,-1.0,filing-other,
IPI,2025-05-06,NYSE,Non-Energy Minerals,Other Metals/Minerals,435.3,32.57,8.38,17.26,8.19,10.11,0.81,3.8,1.69,0,5.81,21.5,29.8,0.87,0.4,0.0,100,7.22,7.93,2.86,4.82,7.56,10.51,0.0,True,True,38.19,7.57,-0.64,8,-1.0,13,-1.0,13,-0.437,earnings,"2.02,9.01"
IPI,2026-03-12,NYSE,Non-Energy Minerals,Other Metals/Minerals,435.3,44.15,10.89,10.62,-0.25,8.96,0.64,4.04,1.2,3,6.69,74.6,49.9,0.68,8.4,0.0,71,-7.56,-14.34,-21.55,-12.95,-23.71,-0.84,-24.73,False,False,,,,,,,,,,filing-other,
ASPN,2025-08-07,NYSE,Process Industries,Industrial Specialties,433.2,8.24,8.37,-8.13,-15.23,30.31,0.03,3.69,0.64,2,6.19,44.8,-27.0,0.75,-70.5,48.7,100,-15.45,-16.91,-20.94,-25.64,-25.98,-13.05,-29.56,False,False,,,,,,,,,,earnings,"2.02,7.01,9.01"
ASPN,2026-05-07,NYSE,Process Industries,Industrial Specialties,433.2,4.12,13.35,24.27,9.64,20.39,0.54,3.69,0.38,5,8.61,33.8,-42.7,0.94,-52.2,50.1,100,7.92,8.35,24.63,17.13,20.77,43.36,4.95,True,True,5.12,9.96,0.0,8,0.0,8,0.0,8,-0.039,earnings,"2.02,7.01,9.01"
ASPN,2026-08-06,NYSE,Process Industries,Industrial Specialties,433.2,5.01,45.71,37.52,-5.62,26.37,0.28,12.45,1.02,5,6.08,21.6,52.3,0.84,-25.4,15.7,100,-14.38,-15.89,-16.85,-30.0,-34.52,-2.33,-35.48,False,False,,,,,,,,,,earnings,"2.02,7.01,9.01"
CTNM,2025-07-21,NASDAQ,Health Technology,Biotechnology,432.6,4.35,8.74,29.89,19.45,22.7,0.92,3.02,0.32,3,10.81,-5.8,-65.1,0.86,-76.6,52.6,100,9.51,20.51,16.49,22.62,71.25,87.95,0.63,True,True,5.65,17.35,5.735,44,5.735,44,5.51,68,3.84,none,
MNRO,2025-05-28,NASDAQ,Retail Trade,Specialty Stores,430.2,12.77,30.78,31.17,0.3,11.21,0.34,4.76,1.52,2,4.27,-30.8,-52.2,0.78,-44.7,62.2,100,-4.91,-6.59,-4.43,-6.47,-16.95,4.31,-19.1,False,True,16.75,3.64,-1.0,1,-1.0,1,-1.0,1,-1.0,earnings,"2.02,8.01,9.01"
ATNI,2026-08-06,NASDAQ,Communications,Major Telecommunications,430.1,24.01,16.08,27.57,9.9,13.73,0.97,3.16,0.7,1,4.09,-12.4,-5.9,1.0,-8.5,13.3,100,14.71,12.27,14.35,11.73,11.48,19.88,4.95,True,True,30.63,11.79,0.0,10,0.0,10,0.0,10,0.061,earnings,"2.02,8.01,9.01"
EIKN,2026-08-19,NASDAQ,Health Technology,Pharmaceuticals: Major,428.4,11.65,9.61,3.09,-5.95,23.59,0.1,4.0,0.29,3,8.47,9.5,-28.4,0.86,-26.6,27.0,100,-15.82,-12.61,-6.19,-10.88,-32.65,1.8,-34.3,False,False,,,,,,,,,,none,
KYTX,2025-05-27,NASDAQ,Health Technology,Biotechnology,423.0,2.27,9.69,13.66,3.61,15.01,0.35,3.58,0.37,4,9.57,-21.7,-44.9,0.78,-65.4,73.6,100,2.41,2.41,12.05,44.58,23.29,53.41,-2.53,False,True,2.58,4.96,-1.0,1,-1.0,1,-1.0,1,-1.0,none,
KYTX,2025-10-08,NASDAQ,Health Technology,Biotechnology,423.0,5.41,10.54,32.72,20.07,30.24,0.69,16.3,1.79,3,10.04,51.5,189.3,0.7,-16.9,5.2,63,18.06,15.89,21.4,11.54,16.22,41.25,5.35,True,True,7.18,17.34,-0.442,7,-0.627,11,0.0,32,-0.362,none,
KYTX,2025-12-15,NASDAQ,Health Technology,Biotechnology,423.0,8.78,38.95,23.23,-11.31,31.44,0.13,33.51,2.93,4,9.37,126.9,178.7,0.81,25.1,0.0,44,-16.07,-42.62,-33.36,-23.36,-24.92,-6.23,-46.07,False,False,,,,,,,,,,equity-sale,"7.01,9.01"
KYTX,2026-04-22,NASDAQ,Health Technology,Biotechnology,423.0,9.71,14.11,5.36,-7.67,28.8,0.63,7.84,0.31,8,8.52,2.4,29.5,0.92,-18.9,1.4,100,-19.22,-18.86,-24.19,-14.53,-22.65,0.63,-25.54,False,False,,,,,,,,,,other-8k,"7.01,9.01"
CTRN,2025-06-03,NASDAQ,Retail Trade,Apparel/Footwear Retail,422.8,27.01,16.48,21.7,4.48,10.66,0.89,11.09,2.14,7,5.17,13.1,34.9,0.79,7.0,0.0,100,7.18,7.53,8.52,-5.34,5.34,10.08,-10.2,False,True,32.87,8.7,-0.941,8,-1.0,9,-1.0,9,-0.515,earnings,"2.02,9.01"
CTRN,2025-08-26,NASDAQ,Retail Trade,Apparel/Footwear Retail,422.8,34.03,8.73,-0.24,-8.24,18.48,0.15,3.62,0.27,15,4.56,26.6,37.6,1.0,6.8,0.0,100,-0.59,-3.7,-0.59,-6.65,-15.19,6.41,-16.14,False,False,,,,,,,,,,earnings,"2.02,9.01"
CTRN,2025-12-02,NASDAQ,Retail Trade,Apparel/Footwear Retail,422.8,44.07,11.91,-1.36,-11.86,30.78,0.48,4.57,0.58,5,5.05,19.8,34.1,0.9,5.0,0.0,100,-11.17,-7.22,-2.39,-13.06,-15.73,-1.68,-20.36,True,False,,,,,,,,,,earnings,"2.02,9.01"
CTRN,2026-03-17,NASDAQ,Retail Trade,Apparel/Footwear Retail,422.8,44.17,22.35,16.96,-4.4,15.13,0.31,5.04,0.52,8,5.42,-0.7,27.7,1.0,8.4,0.0,100,-8.57,-18.84,-17.41,-19.84,-12.56,1.13,-23.33,False,False,,,,,,,,,,earnings,"2.02,9.01"
ACTG,2025-05-08,NASDAQ,Commercial Services,Miscellaneous Commercial Services,422.6,3.07,16.94,15.31,-1.39,9.94,0.67,3.72,0.95,3,4.36,-28.6,-29.6,0.6,-33.0,69.5,100,5.01,8.08,3.34,2.23,6.69,11.14,-1.67,True,False,,,,,,,,,,earnings,"2.02,9.01"
ACTG,2026-03-11,NASDAQ,Commercial Services,Miscellaneous Commercial Services,422.6,4.15,9.88,20.48,9.65,13.33,0.83,11.96,2.37,1,3.88,11.3,29.7,1.0,5.6,0.0,100,6.8,8.11,10.53,10.53,10.96,14.47,2.41,True,True,5.0,10.0,-0.32,12,-0.2,21,-0.58,40,-0.26,earnings,"2.02,9.01"
XRX,2026-04-30,NASDAQ,Electronic Technology,Computer Peripherals,421.5,1.57,24.2,43.31,15.38,31.43,0.91,19.85,1.98,5,7.35,-23.0,-56.0,0.51,-71.3,83.5,100,38.46,35.38,21.54,24.62,66.15,73.85,10.26,True,True,2.25,22.22,0.58,9,1.78,33,1.1,43,0.647,earnings,"2.02,9.01"
XRX,2026-07-30,NASDAQ,Electronic Technology,Computer Peripherals,421.5,2.64,29.55,32.2,2.05,17.03,0.47,9.77,0.49,11,6.72,68.2,13.3,0.75,-43.0,25.8,80,-13.74,-5.56,-5.56,-8.19,-13.16,2.63,-18.71,False,True,3.49,7.45,-1.0,1,-1.0,1,-1.0,1,-1.0,earnings,"2.02,9.01"
IMSR,2025-09-23,NASDAQ,Industrial Services,Engineering & Construction,420.6,13.94,9.68,13.2,3.2,13.5,0.64,8.97,1.19,3,2.46,20.7,37.2,0.97,9.6,0.0,100,15.24,3.4,7.33,13.73,25.51,106.02,-1.18,True,True,15.78,7.98,0.0,2,0.0,2,0.0,2,0.0,filing-other,
IMSR,2025-10-15,NASDAQ,Industrial Services,Engineering & Construction,420.6,24.98,19.9,8.49,-9.52,30.92,0.41,5.83,1.58,3,10.18,123.0,132.4,0.71,15.2,0.0,39,-22.34,-24.24,-41.84,-36.23,-54.99,0.0,-57.23,False,False,,,,,,,,,,none,
IMSR,2026-01-06,NASDAQ,Industrial Services,Engineering & Construction,420.6,6.99,23.53,30.33,5.5,13.48,0.86,11.75,1.86,6,8.85,-60.9,-35.9,0.11,-72.6,87.5,64,-0.75,8.51,24.72,23.22,-7.47,56.63,-11.41,False,True,9.11,10.43,-1.0,2,-1.0,2,-0.568,1,-1.0,equity-sale,
IMSR,2026-05-06,NASDAQ,Industrial Services,Engineering & Construction,420.6,7.19,10.43,19.89,8.56,13.58,0.97,4.23,0.42,7,8.94,-10.0,-53.5,0.92,-74.8,70.9,100,-6.93,-3.53,-10.33,-15.49,9.95,27.71,-23.8,False,True,8.62,11.6,-1.0,1,-1.0,1,-1.0,1,-1.0,none,
ARQQ,2025-05-27,NASDAQ,Technology Services,Packaged Software,419.7,25.11,10.04,5.14,-4.45,29.02,0.12,4.14,0.74,11,13.34,87.7,242.1,0.65,-47.7,23.1,34,-9.52,-21.97,-14.59,-9.19,37.24,61.78,-25.2,False,False,,,,,,,,,,none,
ARQQ,2025-06-20,NASDAQ,Technology Services,Packaged Software,419.7,37.97,11.69,9.77,-1.72,17.02,0.54,3.15,0.93,1,14.77,111.3,43.6,0.48,-19.7,4.2,54,-9.03,-10.59,-8.3,-15.26,-2.38,18.38,-23.79,False,False,,,,,,,,,,none,
ARQQ,2026-04-15,NASDAQ,Technology Services,Packaged Software,419.7,13.97,9.16,16.18,6.43,10.59,0.77,6.41,0.31,40,7.94,-46.6,-76.0,0.49,-75.4,95.4,81,3.41,5.9,3.34,-13.31,-9.31,16.03,-14.52,False,True,16.23,7.52,-1.0,4,-1.0,4,-1.0,4,-0.689,none,
ARQQ,2026-04-16,NASDAQ,Technology Services,Packaged Software,419.7,16.23,8.5,-2.83,-10.45,13.58,0.09,4.96,0.28,29,8.21,-39.0,-72.1,0.51,-71.6,88.4,85,-8.97,-15.67,-17.94,-18.46,-21.24,-4.03,-26.72,False,False,,,,,,,,,,filing-other,
EVGO,2025-05-06,NASDAQ,Retail Trade,Specialty Stores,418.3,2.77,11.91,32.49,18.39,27.6,0.69,6.81,0.18,13,7.31,-19.9,-64.7,0.94,-65.8,77.6,100,18.39,18.06,17.42,20.0,25.48,45.16,7.42,True,True,3.67,16.08,0.0,9,0.0,9,0.0,9,-0.006,earnings,"2.02,9.01"
EVGO,2025-08-05,NASDAQ,Retail Trade,Specialty Stores,418.3,3.53,16.15,3.68,-10.73,26.47,0.39,3.75,0.13,6,5.91,27.4,2.3,0.94,-54.8,53.5,100,-14.88,-15.61,-8.29,-0.49,-6.83,5.73,-18.05,True,False,,,,,,,,,,earnings,"2.02,9.01"
MEC,2025-10-21,NYSE,Producer Manufacturing,Industrial Machinery,416.2,13.01,12.3,20.83,7.6,13.72,0.61,11.25,2.28,2,3.55,-17.3,7.5,0.9,-36.5,61.4,100,12.87,13.07,14.24,23.13,5.61,30.39,3.63,True,True,15.72,7.76,0.336,11,0.0,12,0.0,12,0.443,none,
ALLT,2025-11-20,NASDAQ,Electronic Technology,Computer Communications,416.1,8.54,17.1,1.52,-13.3,18.95,0.04,3.65,0.28,11,4.81,9.6,8.2,0.87,-12.4,6.2,100,-6.9,-3.5,-4.2,-4.7,-10.8,3.5,-13.1,True,False,,,,,,,,,,filing-other,
NATH,2026-01-21,NASDAQ,Consumer Services,Restaurants,416.1,92.73,9.02,8.69,-0.3,1.32,0.14,15.17,2.62,12,2.25,-16.8,-5.1,0.92,-14.7,62.9,100,-0.32,0.24,0.12,0.45,-0.04,1.07,-0.83,False,False,,,,,,,,,,agreement,"1.01,5.02,7.01,9.01"
MAGN,2025-11-20,NYSE,Process Industries,Textiles,416.0,7.96,38.19,27.89,-7.45,25.0,0.07,12.47,1.65,3,4.68,-40.2,-32.9,0.7,-52.6,84.7,100,4.91,22.73,28.73,28.45,35.73,38.64,-6.09,True,False,,,,,,,,,,earnings,"2.02,9.01"
CGC,2025-08-11,NASDAQ,Process Industries,Agricultural Commodities/Milling,415.6,1.25,15.6,26.4,9.34,21.43,0.6,9.95,2.18,2,7.73,-4.6,-38.1,0.62,-75.1,52.9,100,7.27,3.11,-5.19,-0.35,0.35,33.56,-20.42,False,True,1.58,11.39,-1.0,4,-1.0,4,-1.0,4,-0.833,none,
CGC,2025-08-12,NASDAQ,Process Industries,Agricultural Commodities/Milling,415.6,1.58,13.61,-1.9,-13.65,18.75,0.11,4.81,0.63,2,8.63,8.2,-19.6,0.6,-69.1,38.1,100,-8.64,-27.58,-30.36,-18.11,-22.56,7.52,-35.93,False,False,,,,,,,,,,none,
CGC,2025-09-29,NASDAQ,Process Industries,Agricultural Commodities/Milling,415.6,1.34,11.94,17.16,4.67,10.88,0.63,5.9,1.25,1,7.79,9.8,35.9,0.76,-74.1,45.2,100,-2.67,-9.33,-7.33,-8.67,-12.0,16.67,-15.33,False,True,1.57,6.37,-1.0,1,-1.0,1,-1.0,1,-1.0,filing-other,
CGC,2025-12-12,NASDAQ,Process Industries,Agricultural Commodities/Milling,415.6,1.13,22.57,53.98,25.63,34.59,0.89,7.87,1.33,3,6.94,-18.7,-23.6,0.84,-62.4,45.0,100,19.86,38.63,6.86,-12.64,-9.75,71.84,-19.13,False,True,1.74,23.56,0.0,4,0.0,4,0.0,4,0.146,none,
CGC,2025-12-17,NASDAQ,Process Industries,Agricultural Commodities/Milling,415.6,1.83,9.29,4.92,-4.0,21.28,0.1,3.19,0.63,5,9.61,32.6,41.9,0.79,-37.0,6.8,100,-15.5,-34.0,-34.5,-40.5,-40.5,19.0,-44.0,False,False,,,,,,,,,,none,
CGC,2025-12-18,NASDAQ,Process Industries,Agricultural Commodities/Milling,415.6,1.92,9.37,-11.98,-19.52,54.55,0.18,6.25,1.33,3,10.42,40.1,54.8,0.78,-33.1,5.2,100,-29.52,-33.33,-43.33,-43.33,-45.24,-11.9,-46.67,False,False,,,,,,,,,,none,
CGC,2026-04-23,NASDAQ,Process Industries,Agricultural Commodities/Milling,415.6,1.38,9.42,-11.59,-19.21,26.89,0.09,5.65,0.27,24,7.9,17.9,0.7,0.95,-36.6,29.0,100,-21.52,-23.84,-26.49,-25.17,-29.14,-18.54,-36.69,False,False,,,,,,,,,,none,
HVT.A,2025-07-08,NYSE,Retail Trade,Specialty Stores,414.2,19.97,10.12,10.17,0.05,0.05,1.0,30.0,0.13,42,0.0,9.4,-10.4,0.92,-19.8,30.1,100,0.05,2.86,2.86,-3.68,-3.68,4.59,-5.68,False,True,22.0,0.05,0.0,6,0.0,6,0.0,6,20.666,none,
HVT.A,2025-12-10,NYSE,Retail Trade,Specialty Stores,414.2,22.9,8.47,8.47,0.0,0.0,,36.0,0.1,36,0.0,-2.7,10.6,1.0,2.9,0.0,100,0.0,0.0,0.0,0.97,3.06,5.23,-6.84,False,False,,,,,,,,,,filing-other,
HVT.A,2026-01-09,NYSE,Retail Trade,Specialty Stores,414.2,23.14,10.63,10.63,0.0,0.0,,4.5,0.1,10,0.21,14.1,2.3,1.0,-2.1,5.9,100,0.0,0.0,0.0,-2.34,9.77,9.77,-2.34,False,False,,,,,,,,,,none,
HVT.A,2026-02-10,NYSE,Retail Trade,Specialty Stores,414.2,28.1,15.09,35.77,17.97,44.9,0.51,3195.45,57.62,10,0.19,23.5,24.4,1.0,15.1,0.0,100,-9.83,-20.41,-15.4,-10.2,-28.48,-1.05,-28.48,False,True,38.15,18.61,-1.0,1,-1.0,1,-1.0,1,-1.0,none,
CLFD,2025-05-09,NASDAQ,Electronic Technology,Telecommunications Equipment,413.8,31.82,13.14,7.83,-4.69,12.45,0.46,3.12,0.68,6,3.49,-8.4,-12.3,0.95,-13.2,22.4,100,1.0,4.08,7.92,6.39,8.61,10.75,-6.89,True,False,,,,,,,,,,earnings,"2.02,9.01"
IRD,2025-06-02,NASDAQ,Health Technology,Pharmaceuticals: Major,412.2,0.99,70.71,10.1,-35.5,66.67,0.06,255.7,36.77,10,6.0,2.1,-9.2,0.73,8.3,0.0,100,-40.24,-40.83,-37.87,-44.38,-44.38,-34.91,-46.75,False,False,,,,,,,,,,none,
CYH,2025-04-24,NYSE,Health Services,Hospital/Nursing Management,410.3,2.43,20.16,18.52,-1.37,13.57,0.21,4.52,1.26,2,7.06,-28.3,-57.7,0.59,-52.9,78.4,100,-8.56,-7.53,-5.48,16.1,27.4,53.08,-11.64,False,False,,,,,,,,,,earnings,"2.02,7.01,8.01,9.01"
CYH,2025-10-24,NYSE,Health Services,Hospital/Nursing Management,410.3,3.26,13.5,25.77,10.81,23.74,0.91,7.39,0.45,13,4.05,26.4,22.1,0.92,-36.3,18.2,100,19.19,13.78,4.86,1.89,-15.68,19.73,-21.62,False,True,4.1,17.8,0.0,2,0.0,2,0.0,2,0.0,earnings,"2.02,7.01,9.01"
TRX,2025-10-08,AMEX,Non-Energy Minerals,Precious Metals,407.1,0.62,20.97,27.42,5.33,17.39,0.83,18.48,6.77,0,6.45,82.4,129.6,0.65,15.4,0.0,36,4.0,1.33,10.67,-6.67,-20.0,13.33,-28.0,False,True,0.79,12.66,-0.7,7,-1.0,9,-1.0,9,-0.567,filing-other,
TRX,2026-01-26,AMEX,Non-Energy Minerals,Precious Metals,407.1,1.14,8.77,21.93,12.1,22.5,0.7,12.13,0.96,1,7.43,62.9,216.7,0.51,8.8,0.0,41,22.58,75.81,32.26,47.58,52.42,125.81,6.45,True,True,1.39,13.67,0.263,8,1.632,27,0.526,36,1.561,none,
TRX,2026-01-28,AMEX,Non-Energy Minerals,Precious Metals,407.1,1.52,16.45,26.97,9.04,15.48,0.96,8.45,1.06,3,8.6,130.3,334.3,0.49,15.7,0.0,25,23.16,-7.34,-8.47,-2.26,3.39,58.19,-19.77,False,True,1.93,12.95,0.0,2,0.0,2,0.0,2,0.0,filing-other,
TRX,2026-01-29,AMEX,Non-Energy Minerals,Precious Metals,407.1,1.93,24.35,12.95,-9.17,42.13,0.25,14.47,2.16,4,8.93,183.8,467.6,0.49,23.7,0.0,25,-32.08,-29.17,-40.0,-34.58,-24.58,-16.67,-40.83,False,False,,,,,,,,,,filing-other,
MYGN,2025-08-06,NASDAQ,Health Technology,Medical Specialties,404.6,3.87,34.11,46.51,9.25,15.23,0.89,11.71,1.24,4,5.53,-46.8,-68.8,0.75,-81.2,62.6,96,17.53,19.27,13.1,6.55,30.83,35.84,0.77,True,True,5.67,11.99,0.059,8,0.0,9,0.0,9,0.294,earnings,"2.02,9.01"
MYGN,2026-02-24,NASDAQ,Health Technology,Medical Specialties,404.6,4.38,27.17,1.14,-20.47,30.37,0.04,5.11,0.34,4,5.47,-36.5,-27.2,0.63,-63.3,61.4,100,-14.18,-17.24,-5.03,-8.08,-17.24,-1.44,-21.36,True,False,,,,,,,,,,earnings,"2.02,9.01"
ASPI,2025-10-13,NASDAQ,Industrial Services,Engineering & Construction,404.0,10.13,9.08,31.49,20.54,22.52,0.93,4.05,0.49,1,9.87,28.4,69.1,0.9,-6.8,3.1,100,27.15,0.0,-7.15,-8.69,-19.28,31.13,-33.12,False,True,13.32,17.34,-1.0,3,-1.0,3,-1.0,3,-0.994,other-8k,"8.01,9.01"
ASPI,2026-01-09,NASDAQ,Industrial Services,Engineering & Construction,404.0,6.44,12.73,16.61,3.44,11.29,0.3,3.68,0.72,3,7.07,-27.2,-14.4,0.49,-49.9,65.1,100,3.17,-2.34,6.61,3.58,-21.07,18.46,-29.2,False,True,7.51,3.33,-1.0,1,-1.0,1,-1.0,1,-1.0,none,
ASPI,2026-05-26,NASDAQ,Industrial Services,Engineering & Construction,404.0,5.55,14.95,24.86,8.62,10.34,0.83,3.19,0.53,10,8.06,2.4,-16.5,0.79,-56.0,64.4,100,4.55,21.94,30.56,0.31,10.66,33.86,-11.05,False,True,6.93,7.94,0.0,8,0.0,8,0.0,8,0.515,other-8k,"7.01,9.01"
VITL,2025-11-04,NASDAQ,Process Industries,Agricultural Commodities/Milling,403.1,32.18,17.87,16.13,-1.48,9.47,0.79,3.16,0.7,1,4.72,-13.7,-10.7,0.76,-28.6,38.9,100,-5.96,-8.57,-13.34,-16.45,-19.54,1.87,-20.92,False,False,,,,,,,,,,earnings,"2.02,9.01"
SERV,2025-10-09,NASDAQ,Producer Manufacturing,Industrial Machinery,401.5,13.745,9.93,28.63,17.01,21.93,0.93,6.68,1.35,1,9.03,36.9,134.6,0.83,-37.9,19.0,83,-1.39,8.87,2.18,-9.07,-29.19,23.36,-29.58,False,True,17.68,16.97,-1.0,1,-1.0,1,-1.0,1,-1.0,agreement,"1.01,7.01,8.01,9.01"
SERV,2026-03-11,NASDAQ,Producer Manufacturing,Industrial Machinery,401.5,9.67,11.44,10.13,-1.17,13.17,0.3,4.41,0.25,20,6.72,-27.9,-10.5,0.68,-42.2,62.1,100,-10.87,-8.59,-12.49,-13.51,-25.02,-3.41,-28.92,False,False,,,,,,,,,,earnings,"2.02,7.01,9.01"
TTRX,2026-06-01,NASDAQ,Health Technology,Pharmaceuticals: Major,399.5,5.2,9.23,21.73,11.44,22.73,0.66,7.61,0.01,30,8.35,42.1,52.9,0.84,-78.6,70.2,100,13.03,1.14,-6.16,13.03,28.52,30.11,-15.02,False,True,6.33,13.11,-1.0,4,-1.0,4,-1.0,4,-0.902,other-8k,"7.01,9.01"
RLMD,2026-03-09,NASDAQ,Health Technology,Pharmaceuticals: Major,397.9,4.45,44.04,61.12,11.86,27.76,0.85,71.59,1.27,11,8.9,11.2,169.7,0.95,25.2,0.0,97,3.28,-4.06,-3.59,-8.58,5.3,17.16,-11.39,False,True,7.17,19.11,-0.803,9,-1.0,10,-1.0,10,-0.784,agreement,"1.01,3.02,7.01,8.01,9.01"
GFUZ,2026-07-13,NASDAQ,Producer Manufacturing,Electrical Products,397.4,9.12,40.35,20.61,-14.06,62.83,0.33,11.49,0.53,4,4.84,-10.3,-10.3,0.97,6.7,0.0,100,7.5,-28.2,-33.52,-41.17,-31.87,12.66,-52.5,False,False,,,,,,,,,,filing-other,
PHOE,2026-05-07,NASDAQ,Industrial Services,Engineering & Construction,396.1,28.6,11.08,-33.36,-40.01,66.68,0.0,5.01,0.04,21,21.62,63.1,58.9,0.89,-76.1,2.8,93,-24.27,-43.34,-55.37,-54.36,-51.53,55.65,-60.65,False,False,,,,,,,,,,none,
PHOE,2026-05-08,NASDAQ,Industrial Services,Engineering & Construction,396.1,19.06,93.49,26.23,-34.76,147.0,0.14,120.36,2.27,21,24.95,39.0,2.3,0.87,-72.3,3.2,100,-44.85,-59.11,-64.48,-53.88,-56.7,-33.03,-66.11,False,False,,,,,,,,,,none,
RZLT,2025-04-23,NASDAQ,Health Technology,Pharmaceuticals: Major,395.6,3.11,24.28,27.65,2.72,12.6,0.33,21.3,3.89,1,11.33,-35.3,-35.9,0.25,-37.5,65.1,85,2.46,-2.72,-2.72,-6.6,3.75,11.9,-14.1,False,True,3.97,4.03,-1.0,1,-1.0,1,-1.0,1,-1.0,agreement,"1.01,3.02,7.01,8.01,9.01"
RZLT,2026-06-03,NASDAQ,Health Technology,Pharmaceuticals: Major,395.6,4.0,9.25,14.5,4.81,13.51,0.93,3.5,0.04,29,7.34,22.0,-56.4,0.86,-61.9,20.8,100,3.2,-6.64,-12.81,9.61,12.36,24.03,-15.22,False,True,4.58,11.14,-1.0,3,-1.0,3,-1.0,3,-0.993,other-8k,"7.01,9.01"
BNED,2025-11-25,NYSE,Retail Trade,Specialty Stores,394.5,6.69,28.85,36.32,5.8,12.94,0.56,27.11,2.23,14,5.22,-23.3,-42.8,0.87,-40.2,87.8,100,6.96,5.8,2.9,7.31,10.09,12.65,-1.57,False,True,9.12,6.8,-0.806,13,-1.0,14,-0.806,13,-0.537,earnings,"2.02,4.02,8.01,9.01"
GALT,2025-06-17,NASDAQ,Health Technology,Biotechnology,394.3,1.49,10.74,60.4,44.85,81.17,0.68,61.88,1.25,26,6.51,-5.7,-25.1,0.84,-47.9,27.7,100,99.39,50.3,52.12,31.52,75.15,136.36,12.12,True,True,2.39,35.56,0.0,2,0.0,2,0.0,2,0.0,other-8k,"7.01,9.01"
GALT,2025-06-20,NASDAQ,Health Technology,Biotechnology,394.3,3.29,17.93,-26.44,-37.63,110.81,0.28,5.9,0.37,5,11.95,115.0,42.4,0.84,17.6,0.0,75,-36.08,-35.31,-39.95,-44.59,-29.38,-18.04,-46.65,True,False,,,,,,,,,,none,
GALT,2025-09-12,NASDAQ,Health Technology,Biotechnology,394.3,5.94,9.26,-9.6,-17.26,23.35,0.05,4.39,0.1,16,7.88,343.3,237.5,0.33,8.3,0.0,15,-30.66,-29.28,-26.04,-29.89,-27.27,-18.03,-37.13,False,False,,,,,,,,,,filing-other,
PRE,2025-09-12,NASDAQ,Finance,Financial Conglomerates,391.6,8.86,12.75,13.71,0.85,10.61,0.39,4.33,0.58,5,7.21,10.5,101.4,0.94,-16.7,5.8,100,-2.1,7.31,20.12,25.83,39.04,54.65,-7.11,False,True,10.075,3.98,-1.0,1,-1.0,1,-1.0,1,-1.0,filing-other,
VGZ,2025-09-15,AMEX,Non-Energy Minerals,Precious Metals,391.2,1.83,11.48,18.58,6.37,23.0,0.37,8.37,1.53,1,6.64,83.0,150.7,0.78,10.3,0.0,42,2.94,4.9,5.39,7.35,7.84,20.59,-6.86,False,True,2.17,7.83,-1.0,2,-1.0,2,-1.0,2,-1.0,none,
SI,2026-03-11,NYSE,Health Technology,Medical Specialties,391.2,13.05,11.95,7.36,-4.11,17.2,0.58,3.78,0.12,15,5.88,-11.7,-12.9,0.98,-18.6,44.1,100,0.07,4.59,4.18,-1.44,1.44,7.87,-6.4,True,False,,,,,,,,,,earnings,"2.02,5.02,9.01"
ARCT,2026-08-19,NASDAQ,Health Technology,Pharmaceuticals: Major,389.4,8.21,14.62,25.21,9.25,18.97,0.54,10.46,0.37,2,6.14,22.7,9.3,0.83,-61.1,37.9,100,16.79,52.39,68.23,77.9,79.91,90.86,6.91,True,True,10.28,9.24,5.632,13,4.642,22,,,5.179,none,
OPTU,2026-06-01,NYSE,Communications,Major Telecommunications,389.1,0.658,80.85,76.29,-2.52,28.16,0.45,31.37,3.26,0,13.24,-54.9,-65.5,0.65,-60.1,90.4,85,-10.92,-7.56,-10.92,14.29,21.85,49.58,-14.29,False,False,,,,,,,,,,agreement,"1.01,3.02,7.01,8.01,9.01"
RMNI,2025-06-25,NASDAQ,Technology Services,Information Technology Services,388.4,3.31,11.78,16.62,4.32,12.02,0.45,3.17,0.34,3,6.48,-12.0,31.9,1.0,-10.7,9.2,100,4.32,1.89,4.05,39.46,25.68,45.41,-2.97,False,True,3.86,5.18,-1.0,2,-1.0,2,-1.0,2,-1.0,none,
RMNI,2025-07-10,NASDAQ,Technology Services,Information Technology Services,388.4,3.95,19.49,30.63,9.32,18.24,0.73,8.7,1.06,3,6.31,19.0,44.2,0.87,12.4,0.0,100,11.02,6.99,6.99,-1.48,-16.1,11.86,-16.95,False,True,5.16,11.82,-0.689,7,-1.0,14,-1.0,14,-0.519,agreement,"1.01,9.01"
RMNI,2026-02-20,NASDAQ,Technology Services,Information Technology Services,388.4,2.97,10.77,20.88,9.12,12.46,0.73,5.41,0.57,5,4.32,-21.8,-27.9,0.86,-38.8,83.5,100,3.34,6.99,13.07,10.03,-5.47,16.72,-6.38,False,True,3.59,8.36,0.0,7,0.0,7,-0.633,1,-0.078,earnings,"2.02,7.01,9.01"
RMNI,2026-05-01,NASDAQ,Technology Services,Information Technology Services,388.4,3.41,8.5,18.77,9.46,11.76,0.8,5.48,0.59,3,3.37,-1.2,-25.7,1.0,-31.2,60.8,100,5.14,4.86,8.65,-6.49,15.41,16.08,-8.38,False,True,4.05,8.64,-1.0,6,-1.0,6,-1.0,6,-0.829,earnings,"2.02,7.01,9.01"
CINT,2025-08-14,NYSE,Technology Services,Information Technology Services,387.8,4.86,16.46,10.91,-4.77,14.0,0.56,3.31,0.2,4,3.3,-26.9,-33.4,0.98,-29.3,76.7,100,-7.07,-9.01,-10.6,-4.42,-8.66,-1.94,-11.66,True,False,,,,,,,,,,filing-other,
TCI,2026-05-26,NYSE,Finance,Real Estate Development,387.6,36.0,8.14,11.36,2.98,13.54,0.22,4.05,0.24,9,2.38,-13.7,-20.7,0.97,-34.7,61.6,100,3.11,-0.44,-2.36,-2.23,6.58,8.4,-8.37,False,True,40.09,2.89,-1.0,2,-1.0,2,-1.0,2,-1.0,none,
KPLT,2025-12-12,NASDAQ,Commercial Services,Miscellaneous Commercial Services,385.2,6.205,48.27,14.91,-22.5,31.86,0.06,178.59,8.45,3,8.55,-73.1,-36.6,0.35,-62.2,60.6,71,-29.89,-31.85,-30.43,-23.91,-25.98,-17.39,-32.83,False,False,,,,,,,,,,filing-other,
NMG,2025-10-09,NYSE,Non-Energy Minerals,Other Metals/Minerals,385.1,3.58,14.25,-1.96,-14.18,20.23,0.14,7.8,1.26,4,8.09,94.6,150.3,0.79,13.5,0.0,43,-18.34,14.67,-19.8,-28.61,-36.19,48.17,-43.77,False,False,,,,,,,,,,none,
NMG,2025-10-10,NYSE,Non-Energy Minerals,Other Metals/Minerals,385.1,3.51,9.4,-4.84,-13.02,25.89,0.25,6.61,1.07,4,8.92,97.2,122.2,0.78,-6.3,0.0,47,32.03,1.82,-11.46,-23.44,-32.55,57.81,-40.1,False,False,,,,,,,,,,none,
NMG,2025-10-14,NYSE,Non-Energy Minerals,Other Metals/Minerals,385.1,5.07,9.47,-7.5,-15.5,36.18,0.15,10.41,0.75,1,12.59,191.4,207.3,0.78,-3.5,0.0,42,-29.55,-38.74,-46.49,-51.17,-49.73,-14.41,-58.56,False,False,,,,,,,,,,none,
ZURA,2025-09-29,NASDAQ,Health Technology,Biotechnology,383.3,2.41,48.96,24.07,-16.71,35.51,0.23,65.71,3.25,8,8.32,129.5,90.5,0.37,-29.2,9.3,35,20.61,14.21,16.16,7.52,9.47,29.53,-12.81,True,False,,,,,,,,,,filing-other,"5.02,9.01"
GRRR,2025-06-20,NASDAQ,Technology Services,Packaged Software,381.0,18.81,17.49,34.13,14.16,26.82,0.55,8.99,1.11,33,9.09,-20.5,104.9,0.73,-49.9,40.8,96,-7.69,-6.56,1.27,-4.98,-19.14,12.58,-19.14,False,True,25.23,12.8,-1.0,1,-1.0,1,-1.0,1,-1.0,none,
GRRR,2025-09-17,NASDAQ,Technology Services,Packaged Software,381.0,17.74,12.06,13.13,0.96,22.74,0.65,8.91,0.87,46,5.54,-3.8,-34.1,0.81,-55.0,49.0,100,3.12,4.93,-3.42,-6.69,-12.58,14.54,-15.44,False,True,20.07,12.81,0.0,4,0.0,4,0.0,4,0.102,none,
GRRR,2026-06-02,NASDAQ,Technology Services,Packaged Software,381.0,21.14,9.56,3.03,-5.96,12.07,0.32,5.2,0.46,3,7.67,84.0,53.6,0.65,-17.0,5.5,64,-21.03,-25.99,-30.57,-23.58,-13.0,-8.89,-33.44,False,False,,,,,,,,,,filing-other,
ECX,2025-07-03,NASDAQ,Technology Services,Packaged Software,379.9,2.2,9.55,-1.82,-10.37,14.79,0.1,4.96,0.29,19,8.03,95.6,12.2,0.54,-25.8,14.0,57,-12.45,-13.69,-6.64,-46.06,-33.4,-0.62,-50.21,False,False,,,,,,,,,,filing-other,
VFF,2025-05-13,NASDAQ,Process Industries,Agricultural Commodities/Milling,379.1,0.703,13.8,36.56,20.0,21.25,0.94,11.97,1.17,1,7.26,-10.0,-20.7,0.84,-18.2,22.9,100,25.0,31.25,36.25,51.25,41.25,65.0,8.5,True,True,0.96,16.67,1.438,17,1.125,19,12.563,123,1.146,earnings,"2.02,7.01,9.01"
VFF,2025-08-11,NASDAQ,Process Industries,Agricultural Commodities/Milling,379.1,1.72,31.98,34.3,1.76,26.94,0.73,27.29,3.19,4,6.41,157.9,119.9,0.75,32.0,0.0,46,9.25,24.23,27.75,28.63,14.54,49.34,-4.41,True,True,2.31,16.45,1.079,15,0.711,16,0.0,17,1.167,earnings,"2.02,9.01"
VFF,2025-09-29,NASDAQ,Process Industries,Agricultural Commodities/Milling,379.1,2.64,16.29,26.14,8.47,14.33,0.77,3.47,0.36,3,9.3,140.0,321.7,0.4,-9.4,2.5,19,1.95,-7.82,6.51,12.7,1.95,23.45,-10.1,False,True,3.33,9.91,-1.0,2,-1.0,2,-1.0,2,-1.0,other-8k,"7.01,9.01"
VFF,2025-12-12,NASDAQ,Process Industries,Agricultural Commodities/Milling,379.1,3.47,13.54,17.58,3.55,13.68,0.54,3.33,0.39,2,7.89,31.4,225.8,0.76,-3.4,2.8,84,-4.06,6.09,2.03,-6.6,-11.17,26.65,-15.48,False,True,4.08,6.86,-1.0,1,-1.0,1,-1.0,1,-1.0,none,
VFF,2026-08-10,NASDAQ,Process Industries,Agricultural Commodities/Milling,379.1,2.08,11.3,13.94,2.38,13.9,0.45,5.82,0.21,22,4.29,-19.1,-35.8,0.7,-53.6,85.3,100,4.97,6.7,11.45,17.06,30.89,33.91,-0.22,True,True,2.37,5.91,3.5,22,3.286,26,,,2.571,earnings,"2.02,9.01"
FENC,2025-11-14,NASDAQ,Health Technology,Biotechnology,378.7,7.69,13.78,2.21,-10.17,12.9,0.11,12.99,1.51,5,5.19,-6.2,12.4,1.0,-11.8,11.6,100,0.0,-6.51,-9.94,-11.66,-9.03,2.86,-16.0,False,False,,,,,,,,,,equity-sale,
FENC,2026-08-11,NASDAQ,Health Technology,Biotechnology,378.7,10.94,11.15,16.82,5.1,14.13,0.71,4.48,0.32,7,6.09,54.1,39.2,0.94,4.3,0.0,100,-2.71,-3.62,-2.38,-3.7,-4.19,8.96,-10.53,False,True,12.78,9.15,-1.0,7,-1.0,7,-1.0,7,-0.969,none,
OPRT,2026-01-22,NASDAQ,Finance,Finance/Rental/Leasing,378.5,4.84,9.5,25.0,14.15,18.68,0.76,8.98,0.57,13,4.09,-11.8,-27.0,1.0,-42.7,78.2,100,8.3,9.06,3.58,0.94,-1.89,15.28,-10.19,False,True,6.05,12.4,-1.0,6,-1.0,6,-1.0,6,-0.787,earnings,"2.02,5.02,9.01"
OPRT,2026-08-06,NASDAQ,Finance,Finance/Rental/Leasing,378.5,6.06,11.22,32.84,19.44,23.15,0.84,5.01,0.81,4,5.52,4.3,11.0,0.98,-8.0,3.8,100,20.03,12.76,13.35,8.75,9.94,22.55,5.04,True,True,8.05,16.27,-0.481,8,-0.534,17,,,-0.435,earnings,"2.02,9.01"
CPS,2025-05-02,NYSE,Producer Manufacturing,Auto Parts: OEM,376.9,15.22,11.3,43.76,29.16,32.22,0.94,6.24,2.38,0,9.14,-1.3,11.6,0.83,-4.6,2.3,100,37.13,48.11,45.57,41.26,22.02,57.79,20.19,True,True,21.88,23.26,0.475,9,0.0,13,0.0,13,0.527,earnings,"2.02,9.01"
CPS,2025-08-01,NYSE,Producer Manufacturing,Auto Parts: OEM,376.9,24.1,18.55,9.29,-7.81,17.86,0.04,5.22,0.4,14,4.68,58.3,52.7,0.98,6.9,0.0,100,-15.3,-13.3,-9.45,-0.35,28.88,29.58,-17.33,False,False,,,,,,,,,,earnings,"2.02,9.01"
ONMD,2025-10-06,NASDAQ,Technology Services,Packaged Software,375.3,1.03,39.32,148.54,78.4,160.28,0.51,241.64,0.58,6,8.06,85.6,112.4,0.29,-8.0,0.0,21,81.18,86.06,106.27,95.82,23.34,194.08,20.56,True,True,2.56,44.92,0.0,8,0.0,8,0.0,8,0.032,none,
ONMD,2025-11-28,NASDAQ,Technology Services,Packaged Software,375.3,1.42,14.08,30.28,14.2,41.98,0.34,42.57,0.07,14,12.67,65.1,255.0,0.22,-61.6,27.5,22,-9.26,-6.17,9.26,-6.17,-27.78,22.22,-27.9,False,True,1.85,12.43,-1.0,1,-1.0,1,-1.0,1,-1.0,none,
ONMD,2026-02-27,NASDAQ,Technology Services,Packaged Software,375.3,0.705,48.94,44.68,-2.86,50.38,0.19,752.43,0.44,32,12.25,-51.7,-13.6,0.25,-75.1,31.3,78,-28.38,-39.14,-35.24,-17.52,-15.52,-7.62,-42.86,False,False,,,,,,,,,,none,
ONMD,2026-04-24,NASDAQ,Technology Services,Packaged Software,375.3,0.889,14.74,23.73,7.84,34.39,0.48,36.44,0.02,29,11.11,-9.4,-62.3,0.75,-75.8,26.7,100,17.65,5.88,-2.45,0.0,-11.47,21.57,-24.51,False,True,1.1,14.09,-0.677,5,-1.0,9,-1.0,9,-0.494,filing-other,
ONMD,2026-07-29,NASDAQ,Technology Services,Packaged Software,375.3,0.709,14.39,-9.31,-20.72,31.27,0.07,20.21,0.06,6,10.63,-35.0,-21.8,0.46,-80.8,89.5,98,-10.23,-6.41,-20.35,-8.88,-29.84,1.6,-30.7,False,False,,,,,,,,,,none,
AUNA,2026-03-11,NYSE,Health Services,Medical/Nursing Services,375.2,4.8,16.04,8.33,-6.64,24.55,0.12,4.92,1.48,1,4.31,0.2,-24.5,0.95,-33.1,26.3,100,-10.59,-7.0,1.8,7.36,7.36,8.62,-13.82,False,False,,,,,,,,,,filing-other,
PACK,2025-08-26,NYSE,Process Industries,Containers/Packaging,374.8,4.83,27.95,15.32,-9.87,19.06,0.27,19.51,0.66,5,7.36,41.2,-30.5,0.81,-29.0,41.9,100,-12.78,-14.56,-22.65,-21.84,-16.02,-8.74,-26.21,False,False,,,,,,,,,,agreement,"1.01,3.02,9.01"
PACK,2026-04-30,NYSE,Process Industries,Containers/Packaging,374.8,3.94,22.84,29.19,5.17,20.0,0.78,7.49,0.3,11,4.88,-24.4,-29.0,0.52,-23.3,49.6,100,15.91,22.11,31.82,27.07,42.56,47.93,4.13,True,True,5.09,13.56,1.536,10,2.638,42,1.58,46,1.42,earnings,"2.02,9.01"
OXM,2025-09-11,NYSE,Consumer Non-Durables,Apparel/Footwear,374.6,40.41,16.46,27.64,9.6,13.16,1.0,5.47,1.26,3,4.07,-19.2,-29.2,0.97,-47.6,68.1,100,0.15,-1.7,-3.19,-13.64,-17.25,8.24,-18.91,False,True,51.58,11.57,-1.0,2,-1.0,2,-1.0,2,-1.0,earnings,"2.02,9.01"
OXM,2026-03-27,NYSE,Consumer Non-Durables,Apparel/Footwear,374.6,31.89,9.53,8.69,-0.77,14.95,0.44,3.36,0.39,6,5.38,-10.1,-21.5,0.98,-45.8,90.0,100,3.98,10.33,8.85,21.47,26.11,36.99,-1.37,True,False,,,,,,,,,,earnings,"2.02,9.01"
SLP,2025-04-11,NASDAQ,Technology Services,Packaged Software,373.8,25.74,11.42,26.85,13.84,22.46,0.85,7.33,1.16,1,6.52,-8.9,-15.0,0.59,-23.9,60.4,100,19.11,12.27,18.2,22.77,7.46,27.09,-2.89,True,True,32.65,15.99,0.326,12,0.0,13,0.0,13,0.189,none,
SLP,2026-04-10,NASDAQ,Technology Services,Packaged Software,373.8,12.99,19.78,0.38,-16.2,23.3,0.14,5.96,0.22,15,4.6,-28.0,-21.1,0.68,-57.3,52.3,100,-16.77,-5.91,-7.65,-6.43,7.2,11.31,-19.02,False,False,,,,,,,,,,earnings,"2.02,7.01,9.01"
SLP,2026-05-06,NASDAQ,Technology Services,Packaged Software,373.8,15.71,10.25,1.08,-8.31,16.87,0.42,6.43,0.36,7,6.29,6.0,-7.3,0.79,-49.1,30.2,100,-7.27,-15.18,-21.65,-16.45,-3.87,2.6,-23.73,False,False,,,,,,,,,,filing-other,
SLP,2026-06-16,NASDAQ,Technology Services,Packaged Software,373.8,16.37,11.18,11.42,0.22,2.43,0.25,6.96,0.35,7,5.24,37.3,-14.6,0.7,-13.4,13.5,100,0.27,-0.55,-0.16,0.82,0.16,2.64,-0.55,False,True,18.24,0.6,-1.0,3,-1.0,3,-1.0,3,-1.091,agreement,"1.01,5.02,7.01,9.01"
IHRT,2025-11-04,NASDAQ,Consumer Services,Broadcasting,373.4,2.91,23.02,37.11,11.45,25.23,0.84,33.09,2.81,8,7.44,68.2,167.0,0.52,2.0,0.0,37,25.98,29.33,20.11,11.45,5.03,33.24,2.01,True,True,3.99,17.54,0.0,8,0.0,8,0.0,8,0.305,none,
GCO,2025-06-04,NYSE,Retail Trade,Apparel/Footwear Retail,373.3,22.35,17.09,-0.27,-14.83,24.62,0.25,3.99,0.75,8,4.45,-31.5,-33.5,0.89,-41.6,47.9,100,-13.34,-13.26,-16.7,-18.84,-14.98,-7.41,-25.03,False,False,,,,,,,,,,earnings,"2.02,9.01"
MOVE,2025-05-19,NASDAQ,Technology Services,Data Processing Services,372.6,7.511,20.59,-11.96,-26.99,44.77,0.0,72.9,3.56,2,16.52,-80.0,-73.6,0.1,-82.3,55.2,37,-39.76,-49.59,-52.85,-45.61,-47.15,-26.67,-58.46,False,False,,,,,,,,,,earnings,"2.02,8.01"
MOVE,2025-07-15,NASDAQ,Technology Services,Data Processing Services,372.6,4.0501,32.18,26.73,-4.13,23.36,0.73,62.76,1.84,5,12.11,-32.1,-90.6,0.6,-89.6,65.8,91,-18.84,-6.46,1.93,-3.99,-21.46,8.25,-25.17,False,False,,,,,,,,,,none,
MOVE,2025-08-29,NASDAQ,Technology Services,Data Processing Services,372.6,4.5508,83.66,73.14,-5.73,48.69,0.44,168.13,5.56,6,10.5,13.0,-87.2,0.9,-83.7,6.7,100,-19.38,-4.85,-24.67,-36.92,-50.22,15.42,-55.07,False,False,,,,,,,,,,other-8k,"7.01,9.01"
MOVE,2025-11-10,NASDAQ,Technology Services,Data Processing Services,372.6,3.5125,183.65,149.69,-11.97,97.3,0.11,1949.92,4.44,19,8.9,-16.5,-47.4,0.76,-80.6,1.5,100,-1.7,-24.24,-25.02,-13.3,-43.31,23.95,-46.64,False,False,,,,,,,,,,agreement,"1.01,2.03,3.02,5.01,5.03,7.01,9.01"
MOVE,2026-01-23,NASDAQ,Technology Services,Data Processing Services,372.6,5.1325,188.95,140.17,-16.88,59.23,0.19,134.71,0.91,9,10.79,4.0,-7.1,0.54,-65.0,0.1,100,-2.98,-9.33,-14.95,-30.69,-50.0,73.14,-50.15,False,False,,,,,,,,,,filing-other,
MOVE,2026-04-07,NASDAQ,Technology Services,Data Processing Services,372.6,7.6141,19.38,59.31,33.44,47.5,0.8,18.79,0.02,34,14.54,25.0,50.5,0.57,-64.6,40.6,100,21.56,19.91,76.24,87.02,53.25,107.92,17.71,True,True,12.13,27.45,1.117,16,0.775,18,1.574,60,0.622,none,
MOVE,2026-08-04,NASDAQ,Technology Services,Data Processing Services,372.6,10.76,74.54,27.6,-26.89,39.93,0.04,167.69,0.12,33,11.62,-17.9,-1.7,0.3,-29.7,1.0,88,-35.25,-30.99,-41.43,-46.01,-31.79,-19.49,-55.32,False,False,,,,,,,,,,none,
RCEL,2025-09-15,NASDAQ,Health Technology,Medical Specialties,369.9,4.56,20.83,48.25,22.69,29.22,0.78,51.68,11.34,3,6.04,-17.7,-46.7,0.81,-61.1,73.2,100,13.43,0.54,7.44,-2.54,-5.08,17.97,-8.89,False,True,6.76,18.49,-1.0,4,-1.0,4,-1.0,4,-0.992,none,
RCEL,2026-08-07,NASDAQ,Health Technology,Medical Specialties,369.9,4.75,26.53,63.58,29.28,34.72,0.86,22.89,0.37,2,8.15,13.6,20.9,0.92,-15.6,23.6,100,26.46,35.11,30.62,67.39,86.36,89.52,22.96,True,True,7.77,22.91,1.309,16,1.174,23,,,0.938,earnings,"2.02,5.07,9.01"
OCGN,2025-09-18,NASDAQ,Health Technology,Pharmaceuticals: Major,369.6,1.32,9.09,6.06,-2.78,15.63,0.6,5.33,0.27,15,4.41,21.1,140.4,0.97,8.3,0.0,98,-6.94,15.28,5.56,22.92,11.81,31.94,-9.03,True,False,,,,,,,,,,filing-other,1.02
IIIV,2026-02-06,NASDAQ,Technology Services,Packaged Software,368.0,19.92,9.79,5.27,-4.12,15.64,0.35,5.73,1.47,1,4.75,-33.8,-30.1,0.86,-35.6,97.5,100,-1.69,0.05,1.51,-2.06,7.64,10.15,-5.53,True,False,,,,,,,,,,earnings,"2.02,7.01,8.01,9.01"
CTEV,2025-05-29,NYSE,Technology Services,Data Processing Services,366.7,26.66,9.06,34.81,23.61,29.02,0.91,3.88,0.12,17,7.16,15.2,284.1,0.81,-2.6,3.8,89,32.24,29.29,32.07,29.84,49.89,56.94,20.69,True,True,35.94,20.94,0.241,10,1.022,31,0.36,41,0.234,none,
CTEV,2026-08-07,NYSE,Technology Services,Data Processing Services,366.7,26.84,8.55,21.42,11.86,33.83,0.35,3.01,0.24,20,9.28,10.9,4.4,0.63,-60.7,56.1,100,16.94,21.23,30.84,27.92,31.9,45.77,9.94,True,True,32.59,10.6,0.431,9,1.071,22,0.0,28,0.551,earnings,"2.02,9.01"
OBIO,2025-04-22,NASDAQ,Health Technology,Medical Specialties,365.4,2.84,10.21,0.7,-8.63,28.06,0.46,231.67,8.24,4,13.96,-45.1,-47.6,0.43,-51.8,92.9,93,-8.95,-11.18,-19.17,-22.68,-5.75,-0.32,-24.28,False,False,,,,,,,,,,none,
BKKT,2025-05-13,NYSE,Commercial Services,Miscellaneous Commercial Services,365.1,10.01,26.17,47.35,16.79,33.77,0.81,14.7,0.23,20,8.23,-28.0,-1.3,0.48,-66.1,76.6,99,2.22,1.27,1.27,-12.43,4.35,23.44,-15.91,False,True,14.75,21.49,-0.927,7,-1.0,8,-1.0,8,-0.824,earnings,"2.02,9.01"
BKKT,2025-09-22,NYSE,Commercial Services,Miscellaneous Commercial Services,365.1,10.44,36.97,40.8,2.8,29.63,0.67,14.79,1.22,1,8.0,-14.9,-12.5,0.54,-61.6,47.0,100,20.21,30.28,78.67,186.71,146.78,248.18,8.39,True,True,14.7,16.67,7.445,14,7.118,21,2.808,31,5.498,filing-other,5.02
BKKT,2025-09-24,NYSE,Commercial Services,Miscellaneous Commercial Services,365.1,17.19,8.32,16.35,7.41,18.48,1.0,3.18,0.34,3,9.55,32.9,41.6,0.54,-50.0,32.4,100,0.05,37.22,83.4,113.53,50.91,167.4,-10.58,False,True,20.0,15.6,-1.0,2,-1.0,2,-1.0,2,-1.0,none,
BKKT,2026-01-05,NYSE,Commercial Services,Miscellaneous Commercial Services,365.1,11.25,9.87,31.47,19.66,27.61,0.85,3.3,0.2,12,9.71,-72.1,-33.7,0.19,-75.2,70.7,62,25.08,33.17,55.42,30.74,-1.46,78.88,-8.09,False,True,14.79,18.93,0.489,10,0.0,13,0.239,1,0.525,none,
BKKT,2026-05-19,NYSE,Commercial Services,Miscellaneous Commercial Services,365.1,8.72,13.88,11.01,-2.52,13.65,0.01,5.29,0.36,8,8.37,-15.8,-52.0,0.84,-80.1,73.5,100,2.52,19.64,15.71,-10.17,-9.26,31.32,-25.73,False,False,,,,,,,,,,filing-other,
BKKT,2026-08-20,NYSE,Commercial Services,Miscellaneous Commercial Services,365.1,7.74,8.14,-3.1,-10.39,16.29,0.19,3.46,0.19,5,7.2,-24.0,-25.6,0.83,-83.2,85.1,100,2.63,3.11,0.6,0.12,2.87,7.74,-16.49,False,False,,,,,,,,,,filing-other,
FOSL,2026-03-12,NASDAQ,Consumer Durables,Other Consumer Specialties,364.3,4.12,12.14,16.5,3.9,8.48,0.51,3.96,0.23,10,7.29,3.3,39.7,0.87,-7.6,2.8,100,3.25,1.95,-6.93,-12.12,11.26,16.88,-16.45,False,True,4.8,4.17,-1.0,2,-1.0,2,-1.0,2,-1.0,earnings,"2.02,9.01"
FOSL,2026-05-14,NASDAQ,Consumer Durables,Other Consumer Specialties,364.3,4.1,13.41,6.1,-6.45,20.47,0.62,3.27,0.18,8,6.13,7.3,93.4,0.84,-19.1,11.5,100,-12.69,-16.56,-12.26,-5.81,-5.59,-1.29,-20.22,False,False,,,,,,,,,,earnings,"2.02,9.01"
KNOP,2025-11-03,NYSE,Transportation,Marine Shipping,362.8,9.02,9.53,9.65,0.1,2.99,0.62,7.45,2.22,4,3.65,28.1,41.4,0.79,-0.5,0.0,100,-1.11,0.0,-0.1,-0.51,1.11,3.54,-2.33,False,True,9.89,1.82,-1.0,1,-1.0,1,-1.0,1,-1.0,filing-other,
CLPT,2025-09-24,NASDAQ,Health Technology,Medical Specialties,359.0,12.16,33.88,58.55,18.43,29.26,0.65,37.06,3.03,2,5.29,3.4,-7.7,1.0,-15.3,10.1,100,21.25,32.49,28.44,81.82,49.2,84.89,15.72,True,True,19.28,15.98,2.192,14,1.627,20,0.0,28,1.709,none,
CLPT,2026-06-17,NASDAQ,Health Technology,Medical Specialties,359.0,13.34,36.06,26.01,-7.38,12.24,0.07,11.63,0.55,9,7.23,38.8,7.8,0.6,-39.7,26.1,98,-2.09,2.09,-1.05,3.14,-16.53,8.15,-20.44,False,False,,,,,,,,,,filing-other,
RR,2026-01-27,NASDAQ,Consumer Durables,Electronics/Appliances,357.9,3.81,10.5,44.62,30.88,38.27,0.94,5.98,1.4,5,11.1,-37.3,93.4,0.7,-43.3,36.6,99,20.67,-14.96,-12.11,-21.38,-36.58,22.57,-41.09,False,True,5.51,26.5,-1.0,2,-1.0,2,-1.0,2,-1.0,none,
SHIP,2026-02-17,NASDAQ,Transportation,Marine Shipping,355.9,11.51,8.43,9.99,1.44,4.82,0.73,4.92,1.14,0,4.2,24.7,57.9,0.95,5.4,0.0,100,7.93,10.66,13.62,17.15,-0.88,19.63,-2.88,False,True,12.66,3.4,1.442,13,0.0,17,0.0,17,1.853,none,
SHOE,2025-09-04,NASDAQ,Retail Trade,Apparel/Footwear Retail,355.3,21.53,16.12,20.25,3.56,6.98,0.91,4.63,0.91,10,4.43,10.6,1.0,1.0,-43.1,34.1,100,-1.56,-5.52,-4.92,-9.16,-13.56,6.28,-18.08,False,True,25.89,5.95,-1.0,2,-1.0,2,-1.0,2,-1.0,earnings,"2.02,9.01"
EBS,2025-05-08,NYSE,Health Technology,Pharmaceuticals: Major,354.8,4.74,14.56,34.18,17.13,25.94,0.75,4.04,0.84,2,7.0,-54.7,-46.0,0.54,-57.3,83.1,94,4.05,8.29,1.1,19.71,22.1,29.28,-2.21,False,True,6.36,16.35,-1.0,5,-1.0,5,-1.0,5,-0.821,earnings,"2.02,7.01,9.01"
EBS,2025-08-07,NYSE,Health Technology,Pharmaceuticals: Major,354.8,6.03,8.46,36.65,25.99,27.12,0.99,4.45,0.67,3,5.67,27.2,-44.6,0.95,-48.6,60.3,100,31.04,36.24,34.86,42.51,15.9,47.71,14.83,True,True,8.24,21.24,0.269,13,0.0,16,0.0,16,0.307,earnings,"2.02,7.01,9.01"
EBS,2025-10-30,NYSE,Health Technology,Pharmaceuticals: Major,354.8,9.4,15.53,36.6,18.23,23.71,0.78,9.85,1.03,7,4.93,67.0,91.1,0.94,-14.7,6.5,81,14.92,-7.09,-5.43,-4.97,2.85,19.71,-16.94,False,True,12.84,15.58,-1.0,2,-1.0,2,-1.0,2,-1.0,earnings,"2.02,7.01,9.01"
FLXS,2025-08-19,NASDAQ,Consumer Durables,Home Furnishings,353.4,36.55,24.46,13.35,-8.93,17.05,0.06,10.43,0.9,9,3.86,12.1,-26.9,0.94,-30.9,53.0,100,-12.07,-3.34,0.2,1.78,5.03,10.9,-12.6,False,False,,,,,,,,,,earnings,"2.02,7.01,9.01"
FLXS,2025-10-21,NASDAQ,Consumer Durables,Home Furnishings,353.4,39.99,12.53,-8.75,-18.91,25.0,0.05,3.84,0.62,3,3.97,3.7,11.5,0.71,-31.7,55.7,100,-21.27,-19.76,-19.96,-23.13,-21.64,-17.89,-24.44,False,False,,,,,,,,,,earnings,"2.02,7.01,9.01"
FLXS,2026-02-03,NASDAQ,Consumer Durables,Home Furnishings,353.4,41.66,11.62,3.62,-7.16,13.47,0.31,3.44,0.45,8,4.32,21.8,22.3,1.0,-27.5,19.1,100,-5.4,23.76,21.08,17.35,13.51,28.92,-7.53,True,False,,,,,,,,,,earnings,"2.02,7.01,9.01"
FLXS,2026-08-18,NASDAQ,Consumer Durables,Home Furnishings,353.4,70.86,14.31,8.89,-4.74,16.16,0.08,5.63,1.49,1,3.9,33.2,23.8,0.73,1.6,0.0,100,-3.49,0.48,0.65,-2.2,0.68,5.57,-10.05,False,False,,,,,,,,,,earnings,"2.02,7.01,9.01"
IMXI,2025-08-11,NASDAQ,Commercial Services,Miscellaneous Commercial Services,352.0,9.28,63.95,60.56,-2.07,2.55,0.03,32.24,6.82,1,3.74,-14.8,-48.8,0.98,-32.0,38.3,100,-2.99,-4.17,-5.09,-5.03,-4.7,-0.23,-5.75,False,False,,,,,,,,,,earnings,"1.01,2.02,5.02,7.01,9.01"
IMXI,2026-08-14,NASDAQ,Commercial Services,Miscellaneous Commercial Services,352.0,11.7,21.71,24.7,2.46,6.56,0.98,12.86,0.65,2,4.07,-23.2,-24.8,0.92,-10.7,83.8,100,4.56,-0.49,-0.84,1.62,-0.49,5.06,-1.83,True,True,14.59,6.03,-0.25,17,-0.591,18,-1.0,21,-0.326,filing-other,
TJGC,2026-06-03,NASDAQ,Electronic Technology,Electronic Equipment/Instruments,351.4,2.19,16.44,179.0,139.61,207.39,0.8,6.16,0.07,8,3.3,-9.2,-24.9,0.3,-98.5,96.5,88,161.96,146.67,118.04,81.57,82.35,172.94,60.78,True,True,6.11,62.36,0.0,4,0.0,4,0.0,4,0.016,filing-other,
CURR,2025-07-07,NASDAQ,Finance,Regional Banks,349.2,1.04,28.85,91.35,48.51,78.95,0.63,4.76,0.11,2,23.34,-36.2,-42.2,0.1,-81.1,62.6,76,57.46,0.75,11.19,23.13,29.1,82.09,-6.72,False,True,1.99,33.17,-1.0,3,-1.0,3,-1.0,3,-0.99,filing-other,
CURR,2025-11-03,NASDAQ,Finance,Regional Banks,349.2,3.78,13.76,-37.3,-44.88,176.92,0.23,96.15,0.11,36,11.53,114.8,177.9,0.9,-39.3,0.0,49,-42.79,-32.33,-21.16,-40.93,-42.09,-9.77,-53.02,True,False,,,,,,,,,,equity-sale,
CYPH,2025-10-06,NASDAQ,Finance,Financial Conglomerates,348.1,0.534,49.81,43.07,-4.5,51.15,0.34,64.59,1.0,9,16.19,67.9,100.8,0.87,-83.3,8.8,72,-21.75,-14.25,-24.63,-34.63,-47.63,-2.88,-48.62,False,False,,,,,,,,,,other-8k,"8.01,9.01"
CYPH,2025-11-14,NASDAQ,Finance,Financial Conglomerates,348.1,1.76,17.05,56.25,33.5,87.83,0.52,8.05,0.33,3,28.94,511.1,338.9,0.22,-42.9,1.6,8,17.96,42.72,10.68,-40.29,-41.75,79.61,-46.6,False,True,2.75,31.27,-1.0,6,-1.0,6,-1.0,6,-0.593,filing-other,
CYPH,2026-05-06,NASDAQ,Finance,Financial Conglomerates,348.1,1.07,16.82,5.61,-9.6,19.07,0.27,7.53,0.02,20,13.12,50.7,155.4,0.6,-66.2,69.8,58,-15.2,-12.0,-16.8,1.6,-21.52,11.92,-23.76,False,False,,,,,,,,,,none,
CYPH,2026-06-08,NASDAQ,Finance,Financial Conglomerates,348.1,0.519,22.16,36.42,11.67,26.59,0.48,6.76,0.05,12,15.4,-4.4,-59.1,0.37,-82.9,88.5,92,6.62,6.94,28.23,3.0,2.68,34.07,-9.62,False,True,0.708,11.3,-0.4,1,-0.4,1,-0.4,1,-0.4,filing-other,
CYPH,2026-08-21,NASDAQ,Finance,Financial Conglomerates,348.1,1.19,10.92,19.33,7.58,22.36,0.89,9.35,0.02,21,11.39,-9.2,77.6,0.76,-64.3,62.3,100,27.27,23.48,29.55,83.33,157.58,204.55,15.91,True,True,1.42,16.55,3.404,16,,,,,2.567,none,
CYPH,2026-08-24,NASDAQ,Finance,Financial Conglomerates,348.1,1.42,28.87,18.31,-8.2,32.03,0.31,14.93,0.05,13,12.05,18.3,119.5,0.76,-50.5,56.2,92,-10.38,3.28,-0.27,43.72,103.83,119.67,-16.39,True,False,,,,,,,,,,filing-other,
VELO,2025-08-21,NASDAQ,Producer Manufacturing,Industrial Machinery,347.2,3.16,20.57,5.7,-12.34,30.77,0.09,40.45,2.58,2,14.0,-41.5,-78.7,0.75,-87.0,27.3,99,2.1,4.46,19.95,-5.51,-16.01,37.27,-21.26,False,False,,,,,,,,,,agreement,"1.01,8.01,9.01"
VELO,2025-08-25,NASDAQ,Producer Manufacturing,Industrial Machinery,347.2,3.89,28.53,-5.4,-26.4,42.18,0.07,21.71,1.46,4,15.96,-38.3,-21.4,0.75,-82.9,9.8,100,-20.4,-8.6,-16.8,-32.4,-37.2,4.6,-40.0,False,False,,,,,,,,,,none,
VELO,2025-12-10,NASDAQ,Producer Manufacturing,Industrial Machinery,347.2,6.59,21.55,30.5,7.37,36.03,0.73,8.38,0.42,12,15.12,105.9,-17.9,0.49,-71.9,0.7,55,67.04,21.22,18.35,80.15,150.94,170.29,5.87,True,True,8.6,20.93,0.0,4,0.0,4,0.0,4,0.206,none,
VELO,2025-12-22,NASDAQ,Producer Manufacturing,Industrial Machinery,347.2,10.83,15.42,43.95,24.72,31.58,0.82,7.1,0.7,5,20.79,244.9,46.2,0.52,-56.1,5.3,56,19.28,8.0,16.56,43.84,44.64,90.72,-1.52,False,True,15.59,20.59,-1.0,4,-1.0,4,-1.0,4,-0.884,agreement,"1.01,3.02,7.01,8.01,9.01"
VELO,2026-05-13,NASDAQ,Producer Manufacturing,Industrial Machinery,347.2,14.06,19.06,49.43,25.51,30.03,0.88,6.84,1.3,3,12.88,11.6,186.9,0.57,-29.8,9.0,74,18.52,11.29,10.57,53.58,82.86,89.67,-12.07,False,True,21.01,20.94,-1.0,4,-1.0,4,-1.0,4,-0.847,earnings,"2.02,7.01,9.01"
LZM,2026-04-17,NYSE,Non-Energy Minerals,Other Metals/Minerals,347.1,3.89,36.25,33.16,-2.26,14.13,0.77,10.83,2.6,1,7.85,-31.5,-36.2,0.57,-14.9,18.4,100,2.83,-9.06,-4.72,6.98,-7.74,20.75,-15.09,False,False,,,,,,,,,,none,
LZM,2026-04-20,NYSE,Non-Energy Minerals,Other Metals/Minerals,347.1,5.18,9.85,5.21,-4.22,18.96,0.07,5.57,0.69,1,8.2,-8.2,-11.3,0.57,-8.7,8.5,100,-3.69,-18.45,-13.18,-4.22,-18.63,8.26,-20.91,False,False,,,,,,,,,,none,
CRNC,2025-08-07,NASDAQ,Technology Services,Packaged Software,346.9,8.58,15.85,6.29,-8.25,11.37,0.16,3.01,0.03,15,5.07,-14.2,-34.5,0.98,-63.9,57.4,100,-7.85,9.56,28.27,5.03,-7.44,36.22,-12.27,False,False,,,,,,,,,,filing-other,9.01
CRNC,2025-11-20,NASDAQ,Technology Services,Packaged Software,346.9,7.92,32.32,27.53,-3.63,20.08,0.04,7.19,0.07,3,5.45,-28.3,-6.7,0.81,-61.9,58.7,100,-1.24,-2.1,5.73,20.61,7.06,25.67,-8.78,False,False,,,,,,,,,,earnings,"2.02,9.01"
GTE,2026-08-05,AMEX,Energy Minerals,Oil & Gas Production,345.0,6.83,51.24,38.21,-8.62,27.86,0.17,67.91,9.11,21,6.05,-27.3,25.1,0.62,6.1,0.0,100,-8.33,-13.36,-9.49,-5.03,-1.36,2.03,-17.81,False,False,,,,,,,,,,earnings,"1.01,2.02,8.01,9.01"
ARTV,2025-10-17,NASDAQ,Health Technology,Pharmaceuticals: Other,343.7,2.77,101.81,116.97,7.51,43.19,0.39,121.48,4.52,2,8.27,8.6,23.7,0.89,-63.9,7.9,100,-12.16,-19.86,-3.22,-25.4,-41.86,1.97,-42.75,False,True,6.01,14.48,-1.0,1,-1.0,1,-1.0,1,-1.0,filing-other,
ARTV,2025-12-15,NASDAQ,Health Technology,Pharmaceuticals: Other,343.7,3.3,23.94,90.91,54.03,77.7,0.7,275.84,0.48,11,9.69,39.2,63.4,0.67,-68.9,64.5,100,11.25,13.69,9.05,2.2,16.87,54.03,-2.2,False,True,6.3,35.24,-1.0,2,-1.0,2,-1.0,2,-1.0,filing-other,
TREE,2025-07-24,NASDAQ,Finance,Finance/Rental/Leasing,341.9,41.05,8.94,22.63,12.57,14.25,0.9,5.45,0.42,6,3.71,-11.5,-5.2,0.89,-28.4,35.7,100,9.7,6.08,4.38,21.11,41.21,46.29,0.81,True,True,50.34,11.34,3.995,41,3.513,42,2.294,49,2.494,earnings,"2.02,9.01"
ORN,2026-01-22,NYSE,Industrial Services,Engineering & Construction,340.6,11.18,8.05,13.24,4.8,11.05,0.61,3.22,0.45,15,3.99,28.1,28.5,0.92,1.5,0.0,100,1.08,0.0,3.64,13.41,14.98,24.17,-2.9,False,True,12.66,6.32,-1.0,4,-1.0,4,-1.0,4,-0.908,none,
RCKY,2025-04-30,NASDAQ,Consumer Non-Durables,Apparel/Footwear,340.4,13.95,28.24,53.33,19.56,22.44,1.0,9.27,3.31,0,8.47,-45.6,-49.1,0.44,-44.1,76.0,93,-1.17,4.97,7.49,12.97,27.0,30.69,-4.19,False,True,21.39,18.33,-1.0,1,-1.0,1,-1.0,1,-1.0,earnings,"2.02,9.01"
RCKY,2025-07-30,NASDAQ,Consumer Non-Durables,Apparel/Footwear,340.4,22.98,22.5,14.97,-6.15,17.85,0.04,5.39,0.46,3,3.88,64.7,-10.9,0.92,-12.1,4.0,94,-7.07,-8.13,-1.14,-2.31,8.99,11.19,-12.33,False,False,,,,,,,,,,earnings,"2.02,9.01"
RCKY,2026-02-25,NASDAQ,Consumer Non-Durables,Apparel/Footwear,340.4,33.49,25.2,37.35,9.71,12.04,0.81,11.95,0.6,21,3.66,11.9,22.2,1.0,21.1,0.0,100,13.88,8.08,8.37,3.96,-6.82,16.15,-8.18,False,True,46.0,8.85,0.0,2,0.0,2,0.0,2,0.0,earnings,"2.02,8.01,9.01"
RCKY,2026-07-29,NASDAQ,Consumer Non-Durables,Apparel/Footwear,340.4,42.73,15.84,14.91,-0.81,6.98,0.51,4.48,0.66,5,3.53,-2.5,25.6,0.95,1.6,0.0,100,-1.15,2.59,0.91,-4.1,-8.67,7.09,-9.7,False,False,,,,,,,,,,earnings,"2.02,9.01"
NPWR,2026-08-24,NYSE,Producer Manufacturing,Electrical Products,339.5,1.7,8.24,17.06,8.15,17.13,0.58,5.17,0.51,2,8.33,-11.9,-8.1,0.84,-64.6,77.2,100,5.98,2.72,-3.26,3.26,-1.63,9.18,-7.61,False,True,1.99,9.05,-1.0,2,-1.0,2,-1.0,2,-1.0,none,
BMBL,2025-06-25,NASDAQ,Technology Services,Packaged Software,339.2,5.21,15.55,25.14,8.31,11.22,0.84,4.78,0.5,3,4.81,10.6,-31.4,0.63,-34.7,41.2,100,8.14,9.47,10.13,10.96,42.36,42.36,4.49,True,True,6.52,8.59,0.0,11,0.0,30,0.0,30,0.042,other-8k,"2.05,7.01,9.01"
BMBL,2026-03-12,NASDAQ,Technology Services,Packaged Software,339.2,2.84,29.23,34.15,3.81,15.8,0.24,10.54,2.59,3,7.05,-24.9,-56.7,0.84,-57.5,71.6,100,2.72,12.81,1.91,-9.26,-7.36,17.44,-14.99,False,True,3.81,3.67,-1.0,1,-1.0,1,-1.0,1,-1.0,earnings,"2.02,9.01"
LTRX,2026-01-28,NASDAQ,Electronic Technology,Computer Peripherals,338.5,6.89,18.0,3.92,-11.93,19.25,0.19,11.98,2.19,1,6.86,36.7,114.0,0.76,13.9,0.0,88,-16.36,-16.36,-23.37,-29.27,-23.86,-8.24,-35.67,False,False,,,,,,,,,,none,
LTRX,2026-05-28,NASDAQ,Electronic Technology,Computer Peripherals,338.5,7.25,16.69,16.55,-0.12,8.97,0.58,5.52,0.59,2,5.89,17.1,50.1,0.95,2.7,0.0,100,-10.76,-6.15,-11.94,-18.68,-34.63,-5.91,-39.24,False,False,,,,,,,,,,filing-other,
LTRX,2026-08-27,NASDAQ,Electronic Technology,Computer Peripherals,338.5,5.66,18.02,6.54,-9.73,21.9,0.18,4.07,0.4,7,5.81,-33.0,-8.6,0.86,-23.7,22.3,100,-19.61,-22.9,-21.86,-21.56,5.09,6.89,-24.7,False,False,,,,,,,,,,earnings,"2.02,5.02,7.01,9.01"
SVIA,2026-05-28,NASDAQ,Technology Services,Internet Software/Services,338.5,1.62,10.19,40.74,27.73,37.36,0.83,20.83,3.07,8,7.31,-41.7,-84.0,0.62,-89.0,98.0,91,20.45,17.65,6.44,-3.64,-20.45,36.13,-22.69,False,True,2.28,23.68,-0.704,5,-0.704,5,-0.648,4,-0.58,filing-other,
PERI,2026-02-18,NASDAQ,Technology Services,Internet Software/Services,338.2,8.57,8.05,3.5,-4.21,8.11,0.17,3.3,0.27,4,2.82,-15.1,-8.4,1.0,-21.5,57.5,100,-1.73,-8.21,-11.77,-4.54,-5.62,-0.11,-12.85,False,False,,,,,,,,,,filing-other,
REI,2025-06-13,AMEX,Energy Minerals,Integrated Oil,336.1,0.84,17.86,3.57,-12.12,16.28,0.07,8.81,4.11,0,6.19,-28.2,-41.3,0.76,-45.3,65.9,100,-17.17,-13.13,-20.2,-20.2,-24.24,-5.05,-25.25,False,False,,,,,,,,,,filing-other,
REI,2026-03-02,AMEX,Energy Minerals,Integrated Oil,336.1,1.41,9.93,7.09,-2.58,9.59,0.36,4.49,0.64,2,6.52,60.2,28.2,0.62,9.2,0.0,80,-5.16,0.0,-3.23,-5.81,3.87,6.45,-10.97,False,False,,,,,,,,,,filing-other,"5.02,9.01"
CABA,2025-05-16,NASDAQ,Health Technology,Biotechnology,335.7,1.81,18.23,12.15,-5.14,30.91,0.75,13.83,0.78,13,9.84,-33.2,-57.9,0.33,-60.8,70.6,90,-10.28,-16.12,-18.22,-3.74,-9.58,21.03,-27.1,False,False,,,,,,,,,,earnings,"2.02,7.01,9.01"
CABA,2025-10-10,NASDAQ,Health Technology,Biotechnology,335.7,2.85,10.53,-18.6,-26.35,41.7,0.1,4.48,0.44,4,11.17,68.6,161.5,0.68,-42.3,16.4,46,-20.95,-7.94,-9.52,-21.59,-19.05,16.51,-28.89,True,False,,,,,,,,,,other-8k,"7.01,8.01,9.01"
CABA,2026-01-22,NASDAQ,Health Technology,Biotechnology,335.7,2.34,16.45,25.64,7.89,23.57,0.5,16.46,0.83,10,6.36,-14.6,46.2,0.92,-25.7,19.3,100,16.7,10.83,0.92,-14.5,6.79,22.57,-15.96,False,True,2.94,10.54,0.0,2,0.0,2,0.0,2,0.0,filing-other,
CABA,2026-05-04,NASDAQ,Health Technology,Biotechnology,335.7,2.94,8.2,30.27,20.4,28.16,0.75,14.83,0.81,8,6.45,17.6,19.0,0.87,-15.8,11.8,100,30.46,25.75,20.09,3.43,15.69,32.98,-1.89,False,True,3.83,17.49,0.0,2,0.0,2,0.0,2,0.0,earnings,"1.01,2.02,8.01,9.01"
IA,2025-05-15,NASDAQ,Electronic Technology,Aerospace & Defense,335.3,7.35,23.54,33.2,7.82,15.64,0.5,22.43,1.14,32,3.72,-30.6,-2.4,0.87,-25.4,26.6,100,5.84,12.22,10.24,23.24,39.21,42.07,4.3,True,True,9.79,7.25,5.254,37,5.239,62,5.239,62,3.69,earnings,"2.02,9.01"
IA,2025-12-18,NASDAQ,Electronic Technology,Aerospace & Defense,335.3,10.99,25.3,30.76,4.36,18.46,0.57,12.37,0.92,17,4.76,-3.6,-10.9,0.68,-31.1,24.6,100,20.62,37.47,40.89,39.65,55.48,64.12,5.3,True,True,14.37,9.53,3.35,11,3.766,26,5.628,66,3.343,earnings,"2.02,9.01"
SNDL,2025-07-31,NASDAQ,Process Industries,Agricultural Commodities/Milling,334.7,1.44,24.31,19.44,-3.91,9.88,0.3,6.91,1.66,1,5.57,-3.4,-16.8,0.86,-25.4,41.9,100,-7.82,-7.26,-6.7,17.88,50.28,53.07,-10.06,False,False,,,,,,,,,,filing-other,
SNDL,2025-12-12,NASDAQ,Process Industries,Agricultural Commodities/Milling,334.7,1.77,18.64,24.86,5.24,9.76,0.8,9.23,1.27,9,4.53,-29.2,37.2,0.41,-27.3,32.9,95,-8.57,-1.43,-8.57,-18.57,-21.43,11.43,-23.33,False,True,2.21,7.24,-1.0,1,-1.0,1,-1.0,1,-1.0,filing-other,
SNDL,2026-04-23,NASDAQ,Process Industries,Agricultural Commodities/Milling,334.7,1.66,8.73,-7.83,-15.24,22.15,0.12,4.0,0.37,19,4.71,1.8,-26.2,1.0,-37.5,47.9,100,-16.34,-18.56,-24.65,-19.67,-18.56,-14.13,-27.42,False,False,,,,,,,,,,none,
FIP,2026-04-30,NASDAQ,Utilities,Electric Utilities,333.3,5.67,13.05,8.38,-4.13,13.86,0.47,7.14,0.77,23,5.57,-5.3,5.0,0.94,-19.2,6.8,100,-10.76,-14.82,-19.97,-25.9,-30.42,-2.96,-35.41,False,False,,,,,,,,,,agreement,"1.01,7.01,9.01"
LVWR,2025-05-28,NYSE,Consumer Durables,Recreational Products,332.8,2.56,44.53,55.08,7.3,53.11,0.57,25.27,0.86,1,21.41,5.3,-60.2,0.65,-49.0,2.6,94,-22.43,1.89,53.51,92.16,32.16,144.3,-26.22,False,True,3.97,23.17,-1.0,1,-1.0,1,-1.0,1,-1.0,none,
LVWR,2025-05-30,NYSE,Consumer Durables,Recreational Products,332.8,2.87,15.16,56.79,36.16,57.98,0.66,12.0,0.77,2,24.91,24.8,-54.4,0.63,-54.4,44.8,100,14.07,71.86,80.64,71.56,39.18,173.49,10.44,True,True,4.5,27.56,0.944,10,0.5,17,0.0,19,0.947,filing-other,
LVWR,2026-07-24,NYSE,Consumer Durables,Recreational Products,332.8,0.77,64.29,89.61,15.42,43.9,0.43,157.04,16.34,3,18.61,-59.7,-74.1,0.44,-80.4,67.4,70,92.09,104.74,43.08,-14.62,-5.14,182.21,-20.16,False,True,1.46,15.75,0.0,7,0.0,7,0.0,7,1.638,earnings,"2.02,9.01"
LVWR,2026-07-27,NYSE,Consumer Durables,Recreational Products,332.8,1.46,9.59,66.44,51.88,130.32,0.44,18.14,0.72,1,20.5,-28.4,-45.3,0.44,-75.2,16.6,97,21.88,28.75,5.0,-29.38,-20.63,96.88,-36.88,False,True,2.43,36.21,-1.0,6,-1.0,6,-1.0,6,-0.807,filing-other,
LVWR,2026-07-28,NYSE,Consumer Durables,Recreational Products,332.8,2.43,22.22,-19.75,-34.34,72.13,0.09,4.44,0.28,2,23.05,23.4,-6.9,0.44,-53.9,5.7,97,-12.79,-39.06,-52.19,-60.94,-58.59,-6.73,-65.99,False,False,,,,,,,,,,other-8k,"3.01,7.01,9.01"
MPTI,2026-03-25,AMEX,Electronic Technology,Electronic Production Equipment,330.7,63.89,10.0,20.61,9.65,10.6,0.98,10.31,1.29,3,5.06,24.2,20.6,0.86,2.6,0.0,100,2.66,-5.82,2.6,-2.87,-12.82,13.23,-14.33,False,True,77.06,9.42,-1.0,2,-1.0,2,-1.0,2,-1.0,earnings,"2.02,7.01,9.01"
GEVO,2025-08-12,NASDAQ,Process Industries,Chemicals: Specialty,328.8,1.25,40.0,59.2,13.71,25.47,0.93,23.61,1.6,11,6.01,5.0,-29.4,0.79,-48.4,45.9,100,13.14,2.86,-9.14,1.14,-7.43,22.86,-12.0,False,True,1.99,19.1,-1.0,5,-1.0,5,-1.0,5,-0.833,earnings,"2.02,9.01"
RPAY,2026-04-17,NASDAQ,Commercial Services,Miscellaneous Commercial Services,328.0,3.18,25.0,29.25,3.4,15.01,0.68,16.82,5.86,0,7.91,-11.7,-33.8,0.81,-34.4,50.7,100,1.89,-0.38,-7.92,-2.89,-12.7,4.65,-18.49,False,True,4.11,9.25,-1.0,5,-1.0,5,-1.0,5,-0.798,filing-other,
RPAY,2026-06-29,NASDAQ,Commercial Services,Miscellaneous Commercial Services,328.0,3.58,19.27,18.99,-0.23,8.34,0.19,9.92,0.22,35,6.12,17.0,-3.5,0.76,-29.5,30.6,100,-1.64,-0.7,-5.39,-8.2,-2.58,1.83,-18.5,False,False,,,,,,,,,,filing-other,
BIOA,2025-10-23,NASDAQ,Health Technology,Biotechnology,327.7,6.05,32.23,31.4,-0.63,10.97,0.24,18.66,0.51,6,5.37,31.0,44.0,0.86,-69.9,10.4,100,-5.0,-1.38,-3.37,-6.63,7.38,12.25,-15.62,False,False,,,,,,,,,,none,
VLOS,2026-06-15,NASDAQ,Finance,Financial Conglomerates,327.4,9.75,10.97,10.15,-0.74,1.69,0.44,89.9,1.35,38,1.13,-8.6,-10.5,1.0,-21.2,24.6,100,0.28,-0.18,0.28,0.09,0.51,0.74,-0.65,True,False,,,,,,,,,,filing-other,
PESI,2025-09-18,NASDAQ,Industrial Services,Environmental Services,327.0,8.19,15.63,16.73,0.95,9.72,0.22,3.58,0.53,2,7.48,-18.9,10.7,0.92,-41.7,64.5,100,-3.48,0.21,1.58,2.43,32.73,34.85,-4.44,False,True,9.56,2.09,-1.0,1,-1.0,1,-1.0,1,-1.0,none,
PESI,2026-07-16,NASDAQ,Industrial Services,Environmental Services,327.0,14.83,8.77,3.64,-4.71,16.14,0.37,3.51,0.77,1,8.28,21.7,2.7,0.67,-2.2,0.0,100,8.25,3.16,0.19,4.34,11.35,32.18,-9.73,True,False,,,,,,,,,,none,
EMBC,2025-08-08,NASDAQ,Health Technology,Medical Specialties,326.4,10.36,24.52,18.53,-4.81,11.72,0.5,3.44,1.1,1,4.57,-22.1,-41.6,0.89,-39.9,43.8,100,-1.32,8.06,6.12,11.47,13.57,18.29,-5.08,True,False,,,,,,,,,,earnings,"2.02,9.01"
EMBC,2026-02-05,NASDAQ,Health Technology,Medical Specialties,326.4,11.35,11.1,-7.75,-16.97,35.67,0.16,3.0,0.8,1,4.31,-16.1,15.0,0.84,-32.1,42.2,100,-13.84,-18.4,-20.7,-14.91,-28.07,-12.21,-28.15,False,False,,,,,,,,,,earnings,"2.02,9.01"
EMBC,2026-08-07,NASDAQ,Health Technology,Medical Specialties,326.4,3.5,18.29,26.29,6.76,18.43,0.63,3.65,0.35,8,4.59,-2.8,-66.6,0.98,-73.4,43.5,100,20.53,14.73,23.19,26.33,40.1,42.75,1.45,True,True,4.42,10.41,1.239,11,1.522,22,,,1.065,earnings,"2.02,9.01"
LRMR,2025-08-05,NASDAQ,Health Technology,Biotechnology,326.2,3.31,13.29,12.99,-0.27,15.44,0.14,5.76,1.19,2,8.65,23.0,-6.8,0.44,-60.5,31.2,97,0.53,-4.53,-1.33,-2.67,5.07,17.6,-8.93,False,False,,,,,,,,,,filing-other,
LRMR,2026-02-24,NASDAQ,Health Technology,Biotechnology,326.2,2.81,27.76,31.32,2.79,12.96,0.3,63.95,2.96,16,6.54,-16.6,-28.1,0.92,-33.1,43.2,100,65.74,47.91,53.48,56.27,27.3,78.83,1.67,True,True,3.69,3.79,7.714,12,5.071,14,5.786,41,9.0,equity-sale,"8.01,9.01"
ELA,2026-03-19,AMEX,Retail Trade,Specialty Stores,323.5,11.61,12.23,31.18,16.88,33.15,0.51,25.93,3.3,3,6.16,-6.7,56.7,1.0,-13.8,24.8,100,26.78,32.62,33.92,34.31,37.45,40.37,18.34,True,True,15.23,14.45,0.755,11,0.845,28,3.777,74,0.814,filing-other,
ELA,2026-05-07,AMEX,Retail Trade,Specialty Stores,323.5,19.19,10.01,21.26,10.23,18.0,0.57,6.34,0.25,6,5.48,50.0,101.4,0.54,8.6,0.0,68,16.63,14.5,13.31,13.55,11.51,36.9,5.4,True,True,23.27,9.28,0.0,3,0.0,3,0.0,3,0.139,filing-other,
SMTI,2026-05-12,NASDAQ,Health Technology,Medical Specialties,322.4,18.02,22.97,13.43,-7.76,19.32,0.01,5.09,0.61,4,5.55,-7.7,-35.0,1.0,-38.4,49.3,100,-4.78,-4.96,2.53,5.51,3.75,8.3,-7.72,True,False,,,,,,,,,,earnings,"2.02,9.01"
SMTI,2026-07-30,NASDAQ,Health Technology,Medical Specialties,322.4,30.25,10.64,12.6,1.76,2.7,0.79,40.79,8.39,3,5.97,66.2,41.5,0.86,-6.9,3.6,89,1.17,1.76,1.85,2.06,3.32,3.97,0.45,True,True,34.06,2.08,0.127,11,,,,,0.085,agreement,"1.01,7.01,9.01"
DBI,2025-12-09,NYSE,Retail Trade,Apparel/Footwear Retail,322.1,4.85,22.89,48.45,20.81,24.57,0.97,16.74,1.33,20,7.04,3.2,59.0,0.83,-5.2,2.0,100,42.11,39.09,41.11,25.17,33.89,46.81,17.45,True,True,7.2,19.17,0.312,8,0.0,16,0.0,16,0.471,earnings,"2.02,9.01"
NNBR,2026-04-15,NASDAQ,Producer Manufacturing,Metal Fabrication,320.4,1.57,14.65,26.11,10.0,39.75,0.58,24.58,1.99,2,9.54,6.8,-16.9,0.86,-31.6,34.2,100,13.33,22.78,31.11,27.78,25.56,66.11,6.11,True,True,1.98,18.69,0.865,10,1.054,19,2.973,72,0.784,earnings,"2.02,9.01"
NNBR,2026-04-23,NASDAQ,Producer Manufacturing,Metal Fabrication,320.4,2.36,9.75,10.59,0.77,15.66,0.31,3.88,0.34,2,11.16,46.6,29.7,0.76,-1.5,0.1,100,-3.86,-1.93,-10.42,6.56,-6.56,15.44,-18.92,False,True,2.61,4.6,-1.0,1,-1.0,1,-1.0,1,-1.0,filing-other,
NNBR,2026-05-07,NASDAQ,Producer Manufacturing,Metal Fabrication,320.4,2.52,17.06,9.52,-6.44,14.12,0.38,3.22,0.31,3,10.83,63.6,40.0,0.62,2.4,0.0,77,-5.08,-19.66,-21.02,-17.97,-4.75,9.83,-28.81,False,False,,,,,,,,,,earnings,"2.02,7.01"
NNBR,2026-06-29,NASDAQ,Producer Manufacturing,Metal Fabrication,320.4,2.76,38.41,31.16,-5.24,27.57,0.22,135.31,8.1,8,7.56,82.8,131.9,0.54,17.9,0.0,29,-6.02,-8.64,-8.64,-10.47,-11.26,16.23,-23.3,False,False,,,,,,,,,,none,
LWAY,2026-04-01,NASDAQ,Consumer Non-Durables,Food: Meat/Fish/Dairy,319.4,19.34,14.01,17.48,3.04,10.39,0.94,6.25,0.29,16,4.1,-19.0,-30.3,0.89,-35.5,85.6,100,-0.14,3.27,6.62,14.78,21.72,28.66,-3.45,True,True,22.72,8.89,2.059,22,1.446,25,0.55,40,1.381,earnings,"2.02,9.01"
ELVA,2026-07-15,NASDAQ,Producer Manufacturing,Electrical Products,317.5,7.89,54.63,49.05,-3.61,20.59,0.74,79.5,11.57,9,6.83,-17.6,-12.0,0.87,-4.5,0.6,100,-21.8,-24.92,-25.49,-37.13,-37.21,-1.64,-41.07,False,False,,,,,,,,,,filing-other,
PRLD,2025-09-29,NASDAQ,Health Technology,Biotechnology,316.0,1.5,27.33,-8.67,-28.27,57.85,0.23,6.57,0.34,6,10.77,85.4,87.5,0.65,-11.6,3.6,53,-24.61,-24.61,-23.56,-34.55,-10.47,-10.21,-39.79,False,False,,,,,,,,,,none,
PRLD,2026-04-20,NASDAQ,Health Technology,Biotechnology,316.0,4.44,14.64,1.58,-11.39,22.22,0.01,3.33,0.03,17,13.19,145.3,238.9,0.41,-8.1,0.7,20,-9.23,-13.56,-11.2,-6.88,-14.73,4.42,-23.58,False,False,,,,,,,,,,agreement,"1.01,7.01,8.01,9.01"
PRLD,2026-07-28,NASDAQ,Health Technology,Biotechnology,316.0,3.89,16.97,19.28,1.98,16.23,0.66,3.93,0.05,5,8.53,-13.9,91.6,0.9,-20.0,7.5,100,3.52,1.1,-0.66,16.92,44.84,50.11,-5.16,True,True,4.64,9.7,0.0,3,0.0,3,0.0,3,-0.03,none,
MKTW,2025-10-30,NASDAQ,Technology Services,Data Processing Services,315.0,14.3,9.65,17.48,7.14,11.29,0.63,11.53,0.36,16,3.72,-22.8,11.3,0.76,-27.9,29.2,100,8.29,2.81,7.08,7.65,3.7,13.2,0.57,True,True,16.8,6.67,-0.161,9,-0.875,14,-0.607,3,-0.31,other-8k,"7.01,9.01"
BBW,2025-05-29,NYSE,Retail Trade,Specialty Stores,313.5,42.78,21.53,21.62,0.08,15.65,0.53,3.29,0.72,1,3.67,6.6,12.0,0.98,7.8,0.0,100,-1.83,-7.87,-10.83,-2.83,4.12,4.14,-13.69,False,True,52.03,7.65,-1.0,2,-1.0,2,-1.0,2,-1.0,earnings,"2.02,7.01,9.01"
BBW,2025-08-28,NYSE,Retail Trade,Specialty Stores,313.5,58.56,19.54,14.43,-4.27,10.85,0.56,3.56,0.67,2,4.24,12.6,45.9,1.0,17.1,0.0,100,-13.13,-13.67,-7.69,5.69,4.13,8.36,-15.86,False,False,,,,,,,,,,earnings,"2.02,7.01,9.01"
EGHT,2025-11-05,NASDAQ,Technology Services,Packaged Software,313.4,1.77,15.25,24.29,7.84,13.0,0.77,4.76,0.62,15,4.75,-4.3,0.6,0.95,-42.0,46.1,100,-3.43,-3.43,0.0,-9.31,-0.49,7.35,-11.76,False,True,2.2,9.09,-1.0,1,-1.0,1,-1.0,1,-1.0,earnings,"2.02,9.01"
EGHT,2026-02-04,NASDAQ,Technology Services,Packaged Software,313.4,1.66,20.48,46.99,22.0,38.42,0.74,30.07,5.29,6,4.82,-10.8,-13.1,0.97,-43.2,33.1,100,36.5,34.5,34.5,11.0,22.5,42.0,2.0,True,True,2.44,22.13,0.0,2,0.0,2,0.0,2,0.0,earnings,"2.02,9.01"
EGHT,2026-05-01,NASDAQ,Technology Services,Packaged Software,313.4,1.92,8.85,27.08,16.75,19.51,0.98,3.02,0.13,3,6.68,15.7,3.2,0.67,-26.4,33.2,100,28.71,15.79,31.1,12.92,9.57,37.8,-3.35,False,True,2.44,15.98,0.0,3,0.0,3,0.0,3,-0.017,none,
EGHT,2026-05-20,NASDAQ,Technology Services,Packaged Software,313.4,2.41,13.28,-6.22,-17.22,22.32,0.04,3.55,0.21,3,9.66,8.6,28.9,0.6,-5.2,1.4,100,-21.98,-21.25,-23.44,-24.91,-32.6,-11.36,-38.46,False,False,,,,,,,,,,earnings,"2.02,9.01"
CLW,2026-07-29,NYSE,Process Industries,Pulp & Paper,312.7,17.51,8.05,23.42,14.22,21.47,0.87,6.23,0.82,2,4.95,17.9,1.0,0.94,-38.5,30.0,100,11.79,17.49,20.3,16.81,12.84,24.68,7.19,True,True,21.61,15.73,0.144,10,0.0,12,0.0,12,0.157,earnings,"2.02,9.01"
ABAT,2025-07-21,NASDAQ,Non-Energy Minerals,Other Metals/Minerals,312.2,2.4,12.08,6.67,-4.83,32.0,0.07,5.72,0.44,13,12.84,105.1,18.8,0.67,-34.5,12.8,65,7.06,25.28,7.06,-14.87,-2.42,44.61,-30.86,False,False,,,,,,,,,,filing-other,
ABAT,2025-07-22,NASDAQ,Non-Energy Minerals,Other Metals/Minerals,312.2,2.56,12.89,12.5,-0.35,16.94,0.95,3.38,0.3,11,14.05,126.5,28.0,0.67,-29.7,10.0,65,7.27,9.17,-18.69,-22.49,-18.17,34.6,-35.64,False,False,,,,,,,,,,filing-other,
ABAT,2025-07-25,NASDAQ,Non-Energy Minerals,Other Metals/Minerals,312.2,3.37,11.13,-6.38,-15.75,34.6,0.26,4.2,0.5,7,15.24,180.8,129.3,0.68,-8.9,0.0,38,-23.1,-40.19,-41.26,-42.59,-29.51,-16.42,-50.33,False,False,,,,,,,,,,none,
ABAT,2025-09-29,NASDAQ,Non-Energy Minerals,Other Metals/Minerals,312.2,4.38,10.27,17.81,6.83,17.77,0.99,3.24,0.5,2,10.79,170.4,325.2,0.6,-4.7,0.0,31,0.62,3.73,10.97,90.89,11.59,137.89,-4.76,True,True,5.16,14.92,0.662,13,0.662,13,0.0,14,0.376,none,
ABAT,2025-10-13,NASDAQ,Non-Energy Minerals,Other Metals/Minerals,312.2,6.75,17.04,36.59,16.71,31.52,0.61,4.34,1.13,0,13.34,257.1,583.2,0.63,7.6,0.0,33,43.42,-28.23,-14.94,-31.77,-45.82,45.44,-54.43,False,True,9.22,16.05,0.0,2,0.0,2,0.0,2,0.0,other-8k,"7.01,9.01"
ABAT,2025-10-14,NASDAQ,Non-Energy Minerals,Other Metals/Minerals,312.2,9.22,8.84,22.89,12.9,32.28,0.99,3.69,0.97,1,14.52,341.1,803.9,0.59,-1.4,0.0,30,-10.81,-51.67,-39.21,-48.78,-59.54,14.5,-64.13,False,True,11.33,24.27,-1.0,1,-1.0,1,-1.0,1,-1.0,other-8k,"1.02,5.03,5.05,7.01,9.01"
ABAT,2026-06-08,NASDAQ,Non-Energy Minerals,Other Metals/Minerals,312.2,3.11,28.62,22.19,-5.0,26.49,0.49,11.71,1.22,12,9.25,-6.9,-25.8,0.89,-65.2,50.4,100,-19.0,-14.5,-15.25,-29.0,-34.75,-2.75,-37.5,False,False,,,,,,,,,,agreement,"1.01,7.01,9.01"
BDSX,2025-05-21,NASDAQ,Health Services,Medical/Nursing Services,307.5,5.42,45.39,45.76,0.25,43.06,0.23,83.84,7.79,3,21.45,-70.6,-79.9,0.35,-78.1,34.7,58,-9.64,-12.18,-17.26,-28.43,-33.5,1.52,-34.01,False,True,7.9,8.86,-1.0,1,-1.0,1,-1.0,1,-1.0,filing-other,"5.07,9.01"
BDSX,2025-08-06,NASDAQ,Health Services,Medical/Nursing Services,307.5,8.46,11.11,-7.8,-17.02,23.44,0.07,3.54,0.01,13,9.86,-5.6,-57.7,0.67,-73.9,9.9,100,-4.89,-17.02,-18.3,-12.77,-5.74,14.89,-21.28,False,False,,,,,,,,,,earnings,"2.02,9.01"
BDSX,2025-09-04,NASDAQ,Health Services,Medical/Nursing Services,307.5,8.44,27.96,4.98,-17.96,31.71,0.25,28.33,0.17,7,10.6,42.6,-51.5,0.4,-70.0,8.5,82,-18.33,-14.07,-23.52,-37.69,-28.7,-1.85,-46.85,False,False,,,,,,,,,,filing-other,
BDSX,2026-01-12,NASDAQ,Health Services,Medical/Nursing Services,307.5,5.46,28.11,47.99,15.51,41.64,0.39,1181.55,4.22,25,8.33,-25.4,-12.8,0.84,-76.9,66.8,100,41.24,19.09,27.52,58.4,48.68,81.56,3.79,True,True,8.08,14.11,0.0,4,0.0,4,0.0,4,0.073,earnings,"2.02,9.01"
BDSX,2026-05-05,NASDAQ,Health Services,Medical/Nursing Services,307.5,11.27,19.79,32.56,10.67,16.44,0.74,7.39,0.01,37,9.56,2.2,65.0,0.49,-33.2,2.6,98,11.11,13.48,16.67,3.26,19.26,27.48,0.0,True,True,14.94,10.84,-0.475,8,0.0,23,-0.475,8,-0.238,earnings,"2.02,9.01"
FVRR,2026-04-29,NYSE,Technology Services,Data Processing Services,307.4,10.36,17.28,16.99,-0.25,12.93,0.26,5.41,0.59,8,4.64,-39.0,-55.3,0.76,-64.4,77.7,100,-4.2,-4.77,-7.33,-12.02,-9.47,1.98,-16.79,False,False,,,,,,,,,,filing-other,
VNDA,2025-11-18,NASDAQ,Health Technology,Pharmaceuticals: Major,304.1,4.4,8.41,21.59,12.16,17.42,0.86,7.92,2.37,1,4.21,-4.3,-0.9,0.89,-16.3,31.9,100,7.76,0.63,4.82,10.48,42.98,47.59,-1.05,True,True,5.35,13.08,-0.614,9,3.343,47,-0.729,2,-0.671,none,
VNDA,2025-12-31,NASDAQ,Health Technology,Pharmaceuticals: Major,304.1,7.03,21.34,25.46,3.4,12.94,0.29,15.98,4.72,1,7.0,37.8,43.8,0.56,14.2,0.0,96,-3.28,-4.69,-13.95,-12.66,-11.61,2.46,-16.53,False,True,8.82,3.63,-1.0,1,-1.0,1,-1.0,1,-1.0,other-8k,"8.01,9.01"
VNDA,2026-02-23,NASDAQ,Health Technology,Pharmaceuticals: Major,304.1,5.76,39.76,41.49,1.24,16.54,0.27,35.88,2.02,4,5.9,12.1,27.7,0.71,-16.1,15.0,100,1.49,6.83,1.49,7.83,-13.04,23.48,-16.4,False,True,8.15,4.29,-1.0,1,-1.0,1,-1.0,1,-1.0,other-8k,"8.01,9.01"
CDZI,2025-11-17,NASDAQ,Finance,Real Estate Development,303.1,5.2,12.31,9.04,-2.91,9.87,0.37,4.31,1.03,1,6.92,55.2,83.1,0.57,-4.3,1.4,72,7.71,-6.51,-4.62,-9.42,-7.02,11.13,-10.79,False,False,,,,,,,,,,none,
CDZI,2026-07-10,NASDAQ,Finance,Real Estate Development,303.1,3.99,8.77,10.28,1.38,16.39,0.28,5.48,1.03,4,6.34,-18.9,-31.1,0.98,-37.6,74.8,100,-11.75,-16.13,-21.66,-27.19,-20.28,0.0,-33.87,False,True,4.4,4.32,-1.0,1,-1.0,1,-1.0,1,-1.0,none,
LE,2026-01-26,NASDAQ,Retail Trade,Apparel/Footwear Retail,302.2,14.05,19.82,33.52,11.43,20.43,0.62,15.48,1.19,26,3.93,-12.7,9.0,1.0,-1.7,0.0,100,13.75,6.98,6.98,10.48,-4.07,16.9,-4.31,False,True,18.76,11.3,-1.0,8,-1.0,8,-1.0,8,-0.785,agreement,"1.01,3.02,7.01,9.01"
GOGO,2025-05-09,NASDAQ,Communications,Wireless Telecommunications,302.2,7.57,25.76,45.31,15.55,20.92,0.83,8.65,1.32,3,4.61,-8.6,-11.3,0.97,3.4,0.0,100,29.83,28.05,31.93,13.87,23.42,38.24,7.77,True,True,11.0,14.73,0.0,10,0.0,10,0.0,10,0.245,earnings,"2.02,9.01"
GOGO,2025-06-18,NASDAQ,Communications,Wireless Telecommunications,302.2,12.53,10.85,14.92,3.67,17.24,0.68,3.32,0.59,3,5.78,62.7,58.6,0.4,5.5,0.0,64,1.87,3.53,4.97,11.3,14.11,18.43,-1.87,True,True,14.4,10.56,0.783,22,0.487,30,0.0,34,0.518,other-8k,"7.01,9.01"
TLS,2025-05-12,NASDAQ,Technology Services,Information Technology Services,301.9,1.96,9.69,29.08,17.67,22.09,0.8,3.18,0.24,2,7.28,-42.2,-56.9,0.78,-55.4,84.1,100,27.67,22.79,23.72,17.67,28.84,37.67,13.49,True,True,2.53,15.02,0.0,2,0.0,2,0.0,2,0.0,none,
TLS,2025-06-26,NASDAQ,Technology Services,Information Technology Services,301.9,2.79,10.04,6.81,-2.93,6.97,0.55,4.24,0.23,6,5.1,8.1,-20.3,0.98,-36.3,41.8,100,-0.98,1.63,5.86,-11.73,-7.49,7.49,-13.03,False,False,,,,,,,,,,none,
TLS,2025-08-11,NASDAQ,Technology Services,Information Technology Services,301.9,2.38,20.59,62.61,34.84,39.36,0.95,27.55,1.64,6,4.67,21.4,-26.8,0.92,-40.5,47.1,100,82.58,89.55,98.95,116.03,122.3,140.42,32.75,True,True,3.87,27.13,1.867,12,2.781,38,2.524,60,1.743,earnings,"2.02,9.01"
TLS,2025-11-10,NASDAQ,Technology Services,Information Technology Services,301.9,6.38,11.29,21.63,9.3,36.78,0.73,4.82,0.19,8,5.49,21.8,152.2,0.9,-8.1,4.5,94,-7.89,-12.11,-19.44,-18.45,-16.2,16.9,-24.93,False,True,7.76,21.24,-0.74,1,-0.74,1,-0.74,1,-0.74,earnings,"2.02,9.01"
TLS,2026-03-16,NASDAQ,Technology Services,Information Technology Services,301.9,4.28,21.03,-3.74,-20.46,37.85,0.14,5.24,0.2,9,5.88,-32.6,-36.5,0.67,-38.0,50.9,100,-24.32,-17.57,-15.25,-21.04,-19.88,-10.23,-26.83,False,False,,,,,,,,,,earnings,"2.02,9.01"
CATX,2025-10-10,AMEX,Health Technology,Medical Specialties,299.1,3.86,8.81,25.91,15.71,29.9,0.64,7.08,0.45,2,7.36,-3.5,107.5,0.9,-68.8,14.3,100,15.0,18.57,6.9,-28.81,-47.86,28.33,-49.52,False,True,4.86,16.05,-1.0,6,-1.0,6,-1.0,6,-0.615,none,
CATX,2026-02-02,AMEX,Health Technology,Medical Specialties,299.1,3.79,9.76,33.51,21.63,47.25,0.56,5.73,0.29,1,15.88,43.6,3.0,0.87,-32.5,26.4,100,25.0,11.3,16.35,16.59,24.28,41.83,5.05,True,True,5.06,20.95,-0.34,9,0.038,22,-0.774,34,-0.362,earnings,"1.01,2.02,8.01,9.01"
SHMD,2026-03-04,NASDAQ,Electronic Technology,Electronic Components,299.0,6.41,25.35,30.73,4.29,26.82,0.4,9.92,0.45,2,14.39,37.8,148.6,0.4,-24.6,22.7,57,-9.65,-20.6,-14.5,-15.49,-36.4,6.16,-39.27,False,True,8.38,9.67,-1.0,1,-1.0,1,-1.0,1,-1.0,equity-sale,
SHMD,2026-03-11,NASDAQ,Electronic Technology,Electronic Components,299.0,6.21,10.79,10.63,-0.15,14.94,0.54,3.7,0.26,4,16.02,32.4,179.7,0.46,-35.4,39.9,65,0.29,-5.23,-1.31,7.85,-13.37,8.72,-29.07,False,False,,,,,,,,,,filing-other,
FNKO,2025-05-12,NASDAQ,Consumer Durables,Recreational Products,298.9,3.51,11.4,46.44,31.46,34.02,0.92,4.32,1.36,1,7.74,-74.8,-69.7,0.29,-73.3,97.7,51,31.97,8.57,9.72,3.84,31.71,36.19,-4.09,False,True,5.14,23.93,-0.728,3,-0.764,4,0.016,1,-0.728,none,
FNKO,2025-11-07,NASDAQ,Consumer Durables,Recreational Products,298.9,3.02,12.58,10.26,-2.06,19.25,0.18,3.31,0.27,12,5.68,8.2,-14.0,0.89,-76.8,74.4,100,10.0,8.53,-4.41,-17.35,-11.76,19.71,-20.0,False,False,,,,,,,,,,earnings,"2.02,7.01,9.01"
FNKO,2026-05-08,NASDAQ,Consumer Durables,Recreational Products,298.9,4.46,8.3,17.94,8.9,26.09,0.34,7.34,0.42,16,5.55,12.3,40.3,0.7,-20.0,12.0,100,12.63,8.49,4.76,7.87,8.49,20.39,-6.63,False,True,5.26,8.17,-1.0,6,-1.0,6,-1.0,6,-0.682,earnings,"2.02,7.01,9.01"
FNKO,2026-08-07,NASDAQ,Consumer Durables,Recreational Products,298.9,5.28,30.78,11.36,-14.84,25.38,0.19,3.77,0.31,6,5.28,18.4,31.3,0.97,4.9,0.0,100,-10.35,-14.27,-11.08,-5.87,-17.74,6.44,-19.33,False,False,,,,,,,,,,earnings,"2.02,7.01,9.01"
IPSC,2026-01-08,NASDAQ,Health Technology,Biotechnology,298.8,1.3,22.69,36.15,10.97,21.29,0.67,13.44,2.46,4,14.44,122.6,110.4,0.73,19.0,0.0,49,21.63,34.8,44.2,51.72,6.58,69.91,3.45,True,True,1.77,12.43,1.091,14,0.591,15,0.0,17,1.303,agreement,"1.01,3.02,7.01,9.01"
OPTX,2025-07-21,NASDAQ,Electronic Technology,Electronic Components,298.5,1.59,12.58,6.29,-5.59,16.14,0.11,5.76,0.0,35,6.8,28.2,-22.1,0.92,-64.9,78.8,100,-9.5,26.82,17.32,-5.59,-10.61,39.66,-19.83,False,False,,,,,,,,,,none,
OPTX,2025-12-22,NASDAQ,Electronic Technology,Electronic Components,298.5,1.7,19.41,15.88,-2.96,16.57,0.76,15.95,0.05,13,11.72,9.0,25.9,0.44,-55.0,70.7,97,22.66,25.62,48.28,45.32,172.91,230.05,6.4,True,False,,,,,,,,,,none,
OPTX,2025-12-23,NASDAQ,Electronic Technology,Electronic Components,298.5,1.97,42.39,26.4,-11.23,46.89,0.07,514.76,2.44,7,12.1,18.7,51.5,0.43,-37.8,57.2,96,-11.59,-3.74,1.96,24.06,67.91,138.86,-22.99,False,False,,,,,,,,,,none,
OPTX,2026-01-12,NASDAQ,Electronic Technology,Electronic Components,298.5,4.52,8.41,2.43,-5.51,50.56,0.08,3.55,0.15,1,17.24,138.5,239.8,0.29,7.9,0.0,12,-9.39,-18.78,-20.61,9.8,49.59,86.73,-30.2,False,False,,,,,,,,,,none,
OPTX,2026-04-13,NASDAQ,Electronic Technology,Electronic Components,298.5,9.35,10.59,24.71,12.77,18.42,0.72,8.22,0.06,8,12.96,106.9,351.7,0.56,3.7,0.0,28,9.09,6.87,-5.71,-9.09,-26.69,16.44,-33.85,False,True,11.66,11.65,-1.0,1,-1.0,1,-1.0,1,-1.0,filing-other,
ZJYL,2025-10-30,NASDAQ,Health Technology,Medical Specialties,297.4,6.04,8.28,-1.32,-8.87,12.24,0.11,84.28,6.57,10,14.91,-52.9,-62.3,0.65,-85.7,98.8,86,-30.28,-28.13,-20.8,-20.49,-22.94,29.66,-34.25,False,False,,,,,,,,,,none,
ZJYL,2026-06-02,NASDAQ,Health Technology,Medical Specialties,297.4,2.44,18.24,33.2,12.65,63.04,0.28,595.17,11.35,17,8.8,-14.7,-51.6,0.84,-83.2,69.5,100,11.27,-14.38,-20.62,-17.16,-34.49,18.2,-36.92,False,True,3.25,15.08,-1.0,2,-1.0,2,-1.0,2,-1.0,none,
ZJYL,2026-08-05,NASDAQ,Health Technology,Medical Specialties,297.4,1.94,14.95,13.92,-0.9,22.5,0.47,43.06,0.57,2,8.71,-17.8,-29.7,0.76,-87.0,77.7,100,-13.9,30.94,56.5,38.12,-5.83,67.71,-31.39,False,False,,,,,,,,,,filing-other,
ZJYL,2026-08-10,NASDAQ,Health Technology,Medical Specialties,297.4,2.15,62.33,35.81,-16.33,38.52,0.21,27.36,1.26,4,12.22,1.4,-22.7,0.79,-79.7,8.8,100,-14.61,-6.59,-0.86,-12.89,-42.12,4.58,-42.69,False,False,,,,,,,,,,none,
AIRJ,2025-12-11,NASDAQ,Producer Manufacturing,Electrical Products,297.1,2.94,11.9,15.65,3.34,8.21,0.41,3.94,0.42,4,10.35,-36.8,-34.4,0.71,-71.6,87.9,100,2.43,7.9,3.04,16.72,26.75,47.11,-0.61,False,True,3.4,3.24,-1.0,2,-1.0,2,-0.273,1,-1.0,filing-other,
AIRJ,2026-06-01,NASDAQ,Producer Manufacturing,Electrical Products,297.1,4.49,8.57,15.81,6.67,13.25,0.58,4.92,1.29,2,9.97,32.1,39.4,0.76,-27.8,9.3,100,12.41,18.77,-4.82,-15.08,13.64,23.08,-16.92,False,True,5.2,7.12,0.0,4,0.0,4,0.0,4,0.532,agreement,"1.01,5.07,7.01,9.01"
AIRJ,2026-07-22,NASDAQ,Producer Manufacturing,Electrical Products,297.1,3.77,16.66,22.02,4.59,10.67,0.63,4.58,1.56,0,9.51,15.3,13.9,0.56,-34.8,42.4,100,1.86,-1.55,-8.59,35.29,19.6,51.21,-11.55,False,True,4.6,6.3,-1.0,1,-1.0,1,-1.0,1,-1.0,none,
SILC,2026-01-29,NASDAQ,Electronic Technology,Computer Communications,295.3,15.06,16.2,28.62,10.69,35.61,0.4,22.94,2.91,4,6.03,-15.6,-1.8,0.97,-9.6,11.3,100,3.49,17.43,11.37,9.31,12.57,24.0,-3.03,True,True,19.37,12.44,0.0,5,0.0,5,0.0,5,0.163,filing-other,
SILC,2026-04-17,NASDAQ,Electronic Technology,Computer Communications,295.3,25.13,16.95,14.21,-2.35,9.44,0.67,3.74,0.23,2,6.71,60.3,42.9,0.79,15.0,0.0,90,0.71,4.42,4.01,43.62,63.59,78.9,-12.73,False,False,,,,,,,,,,none,
SILC,2026-04-30,NASDAQ,Electronic Technology,Computer Communications,295.3,28.13,16.42,37.75,18.32,24.11,0.95,5.97,0.44,4,7.44,45.2,57.7,0.81,-0.3,0.0,100,28.89,41.31,35.11,55.66,23.05,60.55,12.98,True,True,38.75,18.66,0.57,12,0.693,19,0.0,21,0.727,filing-other,
SILC,2026-05-05,NASDAQ,Electronic Technology,Computer Communications,295.3,41.44,9.85,11.68,1.67,10.93,0.45,3.03,0.34,4,9.11,101.7,152.2,0.78,-1.2,0.0,42,-2.92,-1.43,-6.81,-6.48,-3.38,15.51,-16.94,False,True,46.28,4.71,-1.0,1,-1.0,1,-1.0,1,-1.0,filing-other,
ABEO,2025-11-12,NASDAQ,Health Technology,Pharmaceuticals: Major,295.1,4.17,8.63,18.47,9.05,23.62,0.38,7.82,0.67,3,5.17,-42.3,-22.6,0.57,-39.9,92.5,100,0.0,-0.44,-7.28,13.69,21.85,23.84,-8.17,False,True,4.94,8.3,-1.0,1,-1.0,1,-1.0,1,-1.0,earnings,"2.02,9.01"
HLLY,2025-11-07,NYSE,Producer Manufacturing,Auto Parts: OEM,294.3,2.73,23.08,32.6,7.74,27.19,0.48,44.58,3.52,12,4.6,-15.5,44.4,0.73,-17.9,10.1,100,6.85,14.58,14.29,17.26,20.24,31.85,6.55,True,True,3.62,11.6,0.0,9,0.0,9,0.0,9,0.183,earnings,"2.02,9.01"
SABS,2025-07-21,NASDAQ,Health Technology,Biotechnology,293.0,2.57,35.02,5.06,-22.19,154.83,0.03,2647.88,51.18,37,10.44,79.1,-27.8,0.78,-30.7,19.1,72,-24.78,-25.07,-27.09,-34.29,-37.18,-17.87,-46.69,False,False,,,,,,,,,,agreement,"1.01,3.02,5.03,8.01,9.01"
RCMT,2026-08-14,NASDAQ,Commercial Services,Personnel Services,293.0,28.92,11.48,21.2,8.72,10.08,0.86,6.1,0.78,11,2.78,-0.1,64.8,0.81,-0.8,0.0,100,25.4,24.57,26.74,29.78,24.07,33.65,11.76,True,True,35.05,8.02,1.943,14,1.448,18,,,1.902,filing-other,
ASYS,2026-05-08,NASDAQ,Producer Manufacturing,Industrial Machinery,290.8,18.21,16.86,18.01,0.99,15.96,0.27,4.25,0.47,14,8.37,63.8,155.0,0.67,7.8,0.0,50,6.58,-2.68,-0.94,3.76,-7.38,15.13,-13.35,False,True,21.49,4.09,-1.0,1,-1.0,1,-1.0,1,-1.0,earnings,"2.02,5.02,9.01"
JAKK,2026-02-20,NASDAQ,Consumer Durables,Recreational Products,289.9,18.16,11.95,23.73,10.53,16.95,0.67,6.98,0.9,2,3.48,17.5,4.2,1.0,-43.2,34.2,100,10.77,10.08,7.53,-0.05,-3.39,14.36,-6.0,False,True,22.47,10.19,-1.0,7,-1.0,7,-1.0,7,-0.68,earnings,"2.02,8.01,9.01"
SLNH,2025-09-10,NASDAQ,Electronic Technology,Electronic Equipment/Instruments,288.6,0.53,9.43,11.32,1.72,20.0,0.36,44.12,1.66,12,10.71,-22.1,-42.4,0.6,-87.9,76.1,100,20.69,60.34,70.69,503.45,387.93,503.45,-1.72,True,True,0.59,6.78,40.75,17,57.75,33,38.0,45,30.0,other-8k,"7.01,9.01"
SLNH,2025-09-22,NASDAQ,Electronic Technology,Electronic Equipment/Instruments,288.6,1.08,12.04,94.44,73.55,87.83,0.94,16.99,1.83,4,16.09,96.4,13.7,0.54,-74.7,12.5,57,95.87,142.98,108.26,48.76,226.45,324.79,47.11,True,True,2.1,45.24,0.0,6,0.0,6,0.0,6,0.295,equity-sale,"8.01,9.01"
SLNH,2025-09-23,NASDAQ,Electronic Technology,Electronic Equipment/Instruments,288.6,2.1,40.95,12.86,-19.93,34.39,0.21,8.65,0.8,3,19.68,281.8,110.0,0.52,-38.1,2.0,36,18.24,-7.09,-20.61,-31.42,17.57,73.65,-39.86,False,False,,,,,,,,,,equity-sale,"8.01,9.01"
SLNH,2026-04-14,NASDAQ,Electronic Technology,Electronic Equipment/Instruments,288.6,0.93,24.73,12.9,-9.48,21.78,0.18,5.24,0.11,43,12.28,-43.3,-61.4,0.49,-77.4,66.3,83,-9.48,-2.59,12.93,-6.9,53.45,68.1,-21.55,False,False,,,,,,,,,,filing-other,3.01
SLNH,2026-04-21,NASDAQ,Electronic Technology,Electronic Equipment/Instruments,288.6,1.4,16.43,-6.43,-19.63,29.92,0.11,9.77,0.42,19,16.19,-10.8,-68.3,0.49,-68.3,53.1,85,-9.82,-26.38,-33.74,-4.91,12.27,44.79,-44.17,False,False,,,,,,,,,,equity-sale,"7.01,9.01"
SLNH,2026-04-22,NASDAQ,Electronic Technology,Electronic Equipment/Instruments,288.6,1.31,9.16,12.21,2.8,11.94,0.81,5.52,0.31,12,17.26,-9.7,-66.8,0.49,-72.2,55.8,85,-6.29,-20.98,-10.49,13.29,16.08,65.03,-36.36,False,True,1.47,8.84,-1.0,1,-1.0,1,-1.0,1,-1.0,equity-sale,"7.01,9.01"
SLNH,2026-04-30,NASDAQ,Electronic Technology,Electronic Equipment/Instruments,288.6,1.28,10.94,29.69,16.9,34.38,0.86,4.32,0.4,11,19.35,10.3,-56.0,0.49,-72.4,54.6,100,11.27,9.15,7.04,52.11,19.72,66.2,-10.56,False,True,1.66,22.89,-1.0,2,-1.0,2,-1.0,2,-1.0,other-8k,"8.01,9.01"
TDUP,2025-05-06,NASDAQ,Retail Trade,Internet Retail,287.6,4.44,21.4,47.75,21.71,24.24,1.0,15.94,1.56,2,8.12,74.8,619.6,0.67,16.5,0.0,40,19.48,15.58,16.88,33.21,41.93,44.34,7.05,True,True,6.56,19.51,0.5,17,0.578,27,0.289,42,0.247,earnings,"2.02,9.01"
XFOR,2025-08-12,NASDAQ,Health Technology,Biotechnology,287.5,1.42,21.83,81.69,49.13,60.0,0.94,68.04,6.2,1,11.94,-57.5,-90.7,0.21,-93.5,75.3,57,69.36,64.74,69.36,164.74,95.95,179.19,41.62,True,True,2.58,36.05,0.0,2,0.0,2,0.0,2,0.0,agreement,"1.01,3.02,5.02,8.01,9.01"
XFOR,2025-08-13,NASDAQ,Health Technology,Biotechnology,287.5,2.58,23.64,13.57,-8.15,26.84,0.29,16.53,0.79,2,14.7,-22.1,-81.7,0.21,-88.1,13.7,67,-1.57,-21.94,-12.23,32.6,3.45,51.41,-23.2,False,False,,,,,,,,,,agreement,"1.01,3.02,5.02,8.01,9.01"
XFOR,2025-10-24,NASDAQ,Health Technology,Biotechnology,287.5,3.09,8.41,22.98,13.43,38.29,0.41,57.93,0.23,22,7.4,45.1,-45.8,0.7,-87.5,13.0,98,11.64,11.64,20.6,10.75,11.94,23.88,-2.69,False,True,3.8,13.61,0.0,8,0.0,8,0.0,8,-0.039,equity-sale,
PMTS,2026-03-05,NASDAQ,Finance,Finance/Rental/Leasing,287.1,12.46,15.97,41.25,21.8,24.22,0.9,12.07,1.05,6,5.62,-8.7,-14.1,0.76,-57.0,69.6,100,7.4,9.2,7.06,-3.39,6.44,23.56,-9.27,False,True,17.6,17.9,-1.0,2,-1.0,2,-1.0,2,-1.0,earnings,"2.02,7.01,8.01,9.01"
SVCO,2026-03-13,NASDAQ,Technology Services,Packaged Software,286.3,3.3,30.3,52.42,16.98,39.9,0.8,105.05,20.55,7,6.57,-21.4,-35.9,0.75,-34.6,71.6,100,17.44,40.93,47.44,60.47,72.09,77.91,12.33,True,True,5.03,24.25,5.0,40,4.148,44,4.975,76,3.615,earnings,"1.01,2.02,9.01"
NXH,2026-04-28,NASDAQ,Retail Trade,Internet Retail,285.5,5.34,33.33,-11.24,-33.43,65.95,0.03,21.21,3.16,2,6.99,-19.6,-37.7,0.86,-43.7,43.5,100,-32.3,-23.6,-30.06,-34.13,-10.11,-7.44,-37.36,False,False,,,,,,,,,,earnings,"2.02,9.01"
FATE,2026-05-05,NASDAQ,Health Technology,Biotechnology,285.2,1.8,13.89,31.11,15.12,19.19,1.0,6.67,1.24,8,8.51,55.2,33.3,0.81,5.7,0.0,96,11.71,16.59,9.76,-7.8,8.29,40.49,-22.44,False,True,2.36,16.1,-1.0,6,-1.0,6,-1.0,6,-0.64,filing-other,
RCKT,2025-07-17,NASDAQ,Health Technology,Biotechnology,284.3,2.86,14.34,16.78,2.14,13.18,0.56,3.17,0.23,2,7.44,-56.2,-72.6,0.44,-82.7,58.0,72,-7.03,3.06,-1.83,-6.73,-7.34,8.26,-13.46,False,True,3.34,6.89,-1.0,1,-1.0,1,-1.0,1,-1.0,other-8k,"8.01,9.01"
RCKT,2025-08-20,NASDAQ,Health Technology,Biotechnology,284.3,2.91,31.62,28.87,-2.09,30.53,0.64,21.08,1.09,5,5.6,-57.5,-73.4,0.86,-79.7,51.0,96,-2.61,-7.57,-13.32,-15.67,-17.23,3.92,-20.89,False,False,,,,,,,,,,other-8k,"8.01,9.01"
RCKT,2025-10-14,NASDAQ,Health Technology,Biotechnology,284.3,3.47,12.97,23.05,8.93,13.52,0.86,4.14,0.16,12,6.4,21.3,-41.3,0.95,-79.2,39.2,100,8.16,-5.36,1.53,1.28,-16.84,15.03,-23.21,False,True,4.27,10.47,-1.0,3,-1.0,3,-1.0,3,-1.084,other-8k,"8.01,9.01"
TBI,2025-05-13,NYSE,Commercial Services,Personnel Services,283.7,4.65,24.52,18.28,-5.01,11.13,0.03,12.92,5.03,0,7.08,-37.3,-42.5,0.52,-36.0,61.0,100,-8.29,-3.28,-2.59,3.97,12.61,15.37,-12.78,False,False,,,,,,,,,,agreement,"1.01,3.03,5.03,8.01,9.01"
TBI,2026-08-05,NYSE,Commercial Services,Personnel Services,283.7,7.69,20.81,28.74,6.57,13.89,0.72,3.56,0.31,3,6.23,27.3,39.8,0.62,4.4,0.0,100,9.8,14.1,6.78,16.79,9.8,18.73,5.6,True,True,9.9,9.09,0.0,5,0.0,5,0.0,5,0.259,earnings,"2.02,7.01,9.01"
QTTB,2025-10-08,NASDAQ,Health Technology,Biotechnology,283.7,2.52,18.25,18.65,0.34,18.52,0.58,21.47,0.05,18,8.51,-24.1,73.8,0.83,-94.4,67.8,100,8.72,32.55,22.48,-11.07,-19.8,33.89,-22.99,False,True,2.99,9.7,0.621,7,0.0,9,0.0,9,1.517,none,
QTTB,2025-10-10,NASDAQ,Health Technology,Biotechnology,283.7,3.24,10.8,10.19,-0.56,12.39,0.41,5.79,0.02,12,9.34,59.6,92.9,0.83,-93.2,10.8,80,10.03,1.67,-11.7,-17.27,-37.05,11.14,-40.11,False,False,,,,,,,,,,none,
QTTB,2025-12-01,NASDAQ,Health Technology,Biotechnology,283.7,2.19,94.06,74.43,-10.12,69.87,0.03,1632.68,2.82,27,9.33,28.1,19.7,0.49,-85.2,3.7,100,-19.76,-14.82,-18.59,-28.24,-24.71,-6.82,-36.0,False,False,,,,,,,,,,agreement,"1.01,1.02,2.01,7.01,8.01,9.01"
QTTB,2026-05-27,NASDAQ,Health Technology,Biotechnology,283.7,7.09,29.34,81.24,40.13,43.72,0.93,68.06,0.13,9,10.38,49.9,254.5,0.73,14.0,0.0,66,12.43,27.15,32.93,40.35,30.32,61.94,9.61,True,True,12.85,28.79,-0.259,9,-0.262,18,0.546,66,-0.28,agreement,"1.01,3.02,8.01,9.01"
QTTB,2026-07-13,NASDAQ,Health Technology,Biotechnology,283.7,11.21,63.34,90.72,16.77,30.2,0.79,43.85,0.17,5,11.5,122.0,213.1,0.16,21.9,0.0,5,0.82,-16.93,-17.86,-16.93,-14.42,28.73,-22.83,False,True,21.38,19.17,-1.0,2,-1.0,2,-1.0,2,-1.0,equity-sale,"7.01,8.01,9.01"
DUOT,2026-08-17,NASDAQ,Technology Services,Packaged Software,282.3,9.11,13.61,12.84,-0.68,18.46,0.61,8.38,1.66,2,6.95,1.6,1.3,0.52,-32.3,23.8,100,11.98,0.58,-0.77,-10.34,-21.55,23.96,-23.19,False,False,,,,,,,,,,other-8k,"5.02,7.01,9.01"
DUOT,2026-08-18,NASDAQ,Technology Services,Packaged Software,282.3,10.28,12.11,12.74,0.56,16.96,0.33,6.01,0.9,2,7.6,21.1,17.0,0.44,-24.6,12.9,97,-6.72,-10.46,-11.32,-25.29,-27.98,2.82,-31.02,False,True,11.59,5.35,-1.0,1,-1.0,1,-1.0,1,-1.0,earnings,"2.02,5.02,7.01,9.01"
FULC,2025-11-19,NASDAQ,Health Technology,Pharmaceuticals: Major,282.3,9.73,9.46,18.29,8.08,16.65,0.61,6.16,0.54,4,9.45,49.2,55.7,0.76,5.3,0.0,98,3.85,10.23,6.29,-17.75,14.18,47.79,-18.97,False,True,11.51,9.21,-1.0,7,-1.0,7,-1.0,7,-0.594,filing-other,
FULC,2025-12-08,NASDAQ,Health Technology,Pharmaceuticals: Major,282.3,8.9,45.62,45.96,0.23,23.55,0.08,28.38,3.44,4,9.25,22.9,25.0,0.71,6.3,0.0,100,12.65,-1.23,-0.31,-1.39,-22.99,18.21,-24.61,False,True,12.99,1.92,-1.0,1,-1.0,1,-1.0,1,-1.0,equity-sale,"7.01,8.01,9.01"
BKTI,2025-06-20,AMEX,Electronic Technology,Telecommunications Equipment,281.9,51.65,12.29,-7.42,-17.55,23.4,0.07,4.52,0.86,6,5.81,61.7,37.3,0.86,7.4,0.0,93,-12.14,-6.47,-7.69,-18.05,-30.45,-0.67,-33.98,False,False,,,,,,,,,,none,
BKTI,2025-08-14,AMEX,Electronic Technology,Telecommunications Equipment,281.9,43.44,23.16,42.66,15.83,20.1,0.95,8.98,1.05,4,5.06,-5.8,50.7,0.89,-7.8,8.7,100,22.02,26.43,25.61,30.49,33.72,38.93,10.67,True,True,61.97,16.09,0.486,12,1.535,39,0.38,44,0.514,earnings,"2.02,7.01,9.01"
IKT,2025-12-26,NASDAQ,Health Technology,Pharmaceuticals: Major,281.9,1.65,8.48,21.21,11.73,20.18,0.86,4.17,0.29,2,7.14,6.5,1.9,1.0,-48.7,38.2,100,9.5,14.53,12.29,-4.47,-5.59,20.61,-10.06,False,True,2.0,14.75,-0.373,7,-1.0,8,-1.0,8,-0.192,none,
IKT,2026-02-23,NASDAQ,Health Technology,Pharmaceuticals: Major,281.9,1.76,12.5,2.27,-9.09,20.57,0.14,65.95,5.91,4,5.93,12.8,4.8,0.89,-40.4,16.7,100,3.54,5.56,-2.53,-4.55,-12.12,14.14,-14.14,False,False,,,,,,,,,,filing-other,
RWAY,2026-08-07,NASDAQ,Finance,Finance/Rental/Leasing,281.6,5.98,8.7,14.38,5.23,7.7,0.97,3.28,0.66,1,2.97,-12.4,-32.7,0.94,-42.0,67.3,100,2.0,4.31,6.46,2.15,2.31,7.54,-1.38,True,True,6.84,6.94,-0.821,6,-0.505,19,,,-0.589,earnings,"2.02,9.01"
ALTO,2025-09-22,NASDAQ,Process Industries,Chemicals: Specialty,281.6,0.92,14.13,14.13,0.0,9.71,0.2,5.98,0.21,20,7.06,-17.1,-32.4,0.98,-48.8,81.7,100,4.76,1.9,3.81,8.57,7.62,15.24,-2.86,False,False,,,,,,,,,,none,
ALTO,2025-11-06,NASDAQ,Process Industries,Chemicals: Specialty,281.6,1.16,31.9,22.41,-7.19,16.79,0.22,44.9,2.8,3,5.68,9.4,36.5,0.97,-25.4,21.8,100,-9.8,16.34,26.8,41.18,64.05,90.85,-15.03,False,False,,,,,,,,,,earnings,"2.02,9.01"
ALTO,2026-03-05,NASDAQ,Process Industries,Chemicals: Specialty,281.6,2.6,36.54,54.62,13.24,34.62,0.83,33.29,1.08,6,6.76,1.6,128.1,0.95,11.6,0.0,100,23.66,29.58,33.8,27.32,31.55,42.54,13.24,True,True,4.02,22.39,0.556,10,0.433,22,0.578,44,0.585,earnings,"2.02,9.01"
LXEO,2025-10-07,NASDAQ,Health Technology,Biotechnology,280.7,6.47,27.51,28.9,1.09,12.69,0.46,15.29,1.38,7,8.29,40.7,261.5,0.79,-29.6,5.1,78,-2.67,-0.12,3.03,16.36,1.21,25.82,-6.06,False,True,8.34,5.52,-1.0,1,-1.0,1,-1.0,1,-1.0,other-8k,"7.01,8.01,9.01"
LAB,2025-06-23,NASDAQ,Health Technology,Medical Specialties,280.0,1.05,14.29,17.14,2.5,32.5,0.08,14.95,2.57,7,7.58,-13.2,-52.5,0.97,-48.3,61.0,100,1.67,5.83,0.0,8.33,13.33,17.5,-4.17,False,True,1.23,2.44,-1.0,1,-1.0,1,-1.0,1,-1.0,agreement,"1.01,7.01,9.01"
FRD,2026-06-12,NASDAQ,Non-Energy Minerals,Steel,279.4,26.38,18.27,31.61,11.28,16.37,0.7,10.56,0.43,1,4.19,55.1,40.5,0.75,17.7,0.0,92,11.76,15.61,19.07,3.94,12.18,21.7,-1.7,False,True,34.72,10.25,0.0,7,0.0,7,0.0,7,0.126,earnings,"2.02,9.01"
ZIP,2025-08-12,NYSE,Technology Services,Internet Software/Services,278.7,3.48,8.05,10.92,2.66,19.43,0.79,3.17,1.0,1,5.9,-29.6,-57.0,0.7,-66.6,98.3,100,15.43,15.43,15.43,33.78,25.8,42.82,2.26,True,True,3.86,13.34,2.058,17,1.689,20,0.932,1,1.683,earnings,"2.02,7.01,8.01,9.01"
TSSI,2025-05-16,NASDAQ,Technology Services,Information Technology Services,277.1,8.87,46.56,74.07,18.77,31.83,0.76,32.25,6.11,4,7.91,-43.6,-4.3,0.59,-28.8,20.2,100,7.38,-12.77,1.38,11.23,66.15,68.46,-15.31,False,True,15.44,19.43,-1.0,2,-1.0,2,-1.0,2,-1.0,earnings,"2.02,9.01"
TSSI,2026-03-11,NASDAQ,Technology Services,Information Technology Services,277.1,11.05,16.56,8.05,-7.3,26.23,0.18,14.8,0.46,48,8.16,25.7,-23.3,0.6,-59.7,68.1,100,-1.16,-5.9,-15.61,3.57,1.86,11.41,-20.19,False,False,,,,,,,,,,earnings,"2.02,9.01"
TSSI,2026-05-29,NASDAQ,Technology Services,Information Technology Services,277.1,13.54,15.95,21.71,4.97,15.07,0.56,5.08,0.61,6,8.67,31.1,63.3,0.65,-50.8,50.2,100,-0.25,-11.27,-14.78,-18.6,-23.57,2.99,-31.59,False,True,16.48,7.77,-1.0,1,-1.0,1,-1.0,1,-1.0,filing-other,
IFRX,2025-08-29,NASDAQ,Health Technology,Biotechnology,272.6,1.17,17.95,36.75,15.94,23.08,1.0,13.6,0.52,7,10.12,45.7,-15.8,0.97,-51.0,44.0,100,26.81,13.77,14.49,-10.87,-0.72,31.88,-21.01,False,True,1.6,18.75,-0.433,8,-1.0,9,-1.0,9,-0.322,none,
IFRX,2025-11-10,NASDAQ,Health Technology,Biotechnology,272.6,1.23,43.9,28.46,-10.73,31.43,0.41,56.26,3.23,2,12.04,47.7,-26.3,0.65,-37.1,18.9,93,-6.78,-28.25,-29.94,-32.2,-40.11,9.6,-48.02,False,False,,,,,,,,,,filing-other,
IFRX,2026-03-18,NASDAQ,Health Technology,Biotechnology,272.6,0.913,8.54,-3.61,-11.2,18.86,0.03,4.22,0.01,49,7.2,-8.7,-19.9,0.9,-48.9,83.3,100,-8.17,-2.32,-5.15,-8.88,21.09,26.14,-19.17,False,False,,,,,,,,,,filing-other,
IFRX,2026-05-06,NASDAQ,Health Technology,Biotechnology,272.6,1.97,29.44,26.9,-1.96,24.35,0.36,14.75,0.22,8,13.64,134.5,42.8,0.75,15.4,0.0,70,3.92,-1.96,-1.18,-4.31,-21.57,15.65,-22.35,False,False,,,,,,,,,,equity-sale,
CNCK,2025-12-01,NASDAQ,Finance,Investment Banks/Brokers,272.4,3.24,12.35,143.21,116.48,187.35,0.76,875.32,35.4,21,7.37,-36.3,-34.3,0.67,-75.7,96.4,100,75.82,56.59,17.31,-3.57,-29.12,104.12,-45.05,False,True,7.88,58.88,-0.778,5,-0.806,9,-0.806,9,-0.675,filing-other,
CNCK,2026-05-12,NASDAQ,Finance,Investment Banks/Brokers,272.4,1.75,36.86,17.71,-13.99,21.83,0.21,204.77,1.93,6,7.77,-36.1,-50.6,0.48,-74.8,81.4,99,-19.0,-15.24,-12.73,-15.24,-26.93,-5.64,-29.02,False,False,,,,,,,,,,filing-other,
HQI,2026-08-11,NASDAQ,Commercial Services,Personnel Services,270.9,13.57,8.33,26.68,16.94,29.25,0.58,6.58,0.38,24,5.13,16.4,25.0,1.0,1.1,0.0,100,13.2,14.42,13.74,18.71,8.44,29.32,-0.48,False,True,17.19,14.49,-1.0,12,-1.0,12,-1.0,12,-0.716,earnings,"2.02,9.01"
GLSI,2025-09-10,NASDAQ,Health Technology,Biotechnology,269.8,11.0,16.36,3.55,-11.02,16.76,0.14,8.2,0.78,15,5.04,14.1,-5.7,0.79,-17.3,16.6,100,-10.78,-8.75,-12.89,-14.49,-10.59,-5.86,-24.02,False,False,,,,,,,,,,none,
GLSI,2025-12-15,NASDAQ,Health Technology,Biotechnology,269.8,10.73,20.5,-3.91,-20.26,40.34,0.05,43.72,8.97,5,6.38,-4.8,16.6,0.76,-10.6,3.2,100,-19.57,-4.18,3.36,69.53,126.53,154.52,-22.66,False,False,,,,,,,,,,none,
GLSI,2026-01-22,NASDAQ,Health Technology,Biotechnology,269.8,22.3,21.93,5.65,-13.35,32.77,0.14,6.86,1.16,2,20.91,143.4,94.1,0.54,-17.4,3.7,44,-6.33,23.45,10.41,-7.36,-11.51,25.41,-16.7,True,False,,,,,,,,,,none,
IMRX,2025-06-16,NASDAQ,Health Technology,Pharmaceuticals: Major,267.2,1.9,10.53,24.74,12.86,14.29,0.9,5.9,0.02,18,10.53,13.1,-11.2,0.6,-44.7,69.7,100,-13.33,21.9,40.0,63.81,88.57,119.05,-20.95,False,True,2.37,11.39,-1.0,1,-1.0,1,-1.0,1,-1.0,other-8k,"5.07,8.01"
IMRX,2025-06-17,NASDAQ,Health Technology,Pharmaceuticals: Major,267.2,2.37,8.02,-23.21,-28.91,56.57,0.17,69.05,0.28,14,10.32,41.1,20.3,0.59,-32.6,0.0,95,8.2,-4.69,17.97,40.23,67.97,79.69,-19.53,True,False,,,,,,,,,,other-8k,"5.07,8.01"
IMRX,2025-06-18,NASDAQ,Health Technology,Pharmaceuticals: Major,267.2,1.82,13.74,52.2,33.82,44.17,0.78,12.78,0.17,5,12.38,8.3,11.3,0.57,-45.5,63.6,100,23.67,42.03,54.11,66.67,99.52,122.22,10.63,True,True,2.77,25.63,1.676,18,1.606,26,0.62,36,1.197,other-8k,8.01
IMRX,2025-08-21,NASDAQ,Health Technology,Pharmaceuticals: Major,267.2,3.43,8.16,34.99,24.8,27.03,0.93,14.15,0.08,16,8.61,131.8,100.6,0.4,-20.9,5.2,33,31.81,59.57,50.94,48.52,149.6,152.56,21.35,True,True,4.63,20.09,0.892,9,2.28,26,1.43,37,1.057,filing-other,
IMRX,2025-09-10,NASDAQ,Health Technology,Pharmaceuticals: Major,267.2,7.05,13.33,15.46,1.88,24.93,0.34,4.16,0.04,8,13.19,224.9,370.0,0.49,11.6,0.0,25,2.75,-1.63,1.0,15.52,-18.65,26.16,-24.66,False,True,8.14,7.86,0.0,11,0.0,11,0.0,11,-0.146,filing-other,06b
IMRX,2026-05-22,NASDAQ,Health Technology,Pharmaceuticals: Major,267.2,5.22,14.75,3.26,-10.02,30.25,0.06,13.16,0.45,19,5.8,5.2,-27.2,0.97,-40.6,37.9,100,-12.02,-15.53,-24.96,-34.39,-24.21,-0.58,-35.56,False,False,,,,,,,,,,none,
STRO,2026-02-10,NASDAQ,Health Technology,Pharmaceuticals: Major,267.0,13.98,21.67,11.87,-8.05,18.67,0.23,4.77,0.37,3,11.77,70.5,81.6,0.46,-19.8,2.6,53,-7.52,-5.0,2.47,20.16,44.27,56.03,-10.17,True,False,,,,,,,,,,agreement,"1.01,7.01,9.01"
POWW,2026-02-09,NASDAQ,Electronic Technology,Aerospace & Defense,265.8,1.68,11.9,7.14,-4.26,10.8,0.21,5.0,1.01,8,4.31,3.7,47.4,0.98,-11.7,11.0,100,2.13,0.53,5.32,12.77,7.98,18.62,-4.26,True,False,,,,,,,,,,earnings,"2.02,9.01"
POWW,2026-08-10,NASDAQ,Electronic Technology,Aerospace & Defense,265.8,2.13,12.68,20.19,6.67,11.72,0.61,4.16,0.7,4,4.04,5.4,26.8,0.98,-7.7,3.9,100,-3.33,-8.33,-7.5,-6.67,-12.08,10.83,-12.5,False,True,2.56,6.64,-1.0,1,-1.0,1,-1.0,1,-1.0,earnings,"2.02,5.03,9.01"
STRT,2026-08-26,NASDAQ,Producer Manufacturing,Auto Parts: OEM,265.2,79.07,17.62,-7.98,-21.76,36.4,0.18,3.24,0.89,2,4.04,5.3,-13.0,1.0,0.5,0.0,100,-24.42,-24.58,-21.43,-23.57,-29.27,-17.81,-29.57,False,False,,,,,,,,,,earnings,"2.02,7.01,9.01"
LAW,2026-04-27,NYSE,Technology Services,Packaged Software,264.9,4.13,16.95,4.84,-10.35,18.18,0.06,4.48,0.41,12,6.64,-37.9,-40.9,0.67,-47.0,39.8,100,-7.87,-10.35,0.62,-22.57,-21.53,3.52,-29.77,False,False,,,,,,,,,,none,
ACIU,2025-12-11,NASDAQ,Health Technology,Pharmaceuticals: Major,264.6,2.79,13.62,15.41,1.58,40.62,0.63,68.25,18.01,2,7.82,14.8,34.8,0.73,-20.7,20.6,100,-0.63,3.79,-6.94,-1.26,11.04,19.87,-9.46,True,True,3.22,20.5,-0.424,4,-0.424,4,-0.106,1,-0.247,filing-other,
ACB,2025-09-29,NASDAQ,Process Industries,Agricultural Commodities/Milling,261.3,4.86,13.37,28.19,13.07,16.91,0.78,11.38,0.19,9,4.0,14.6,9.7,0.98,-20.3,24.1,100,8.17,3.09,5.44,-2.0,-7.62,20.96,-11.07,False,True,6.23,11.72,-1.0,9,-1.0,9,-1.0,9,-0.918,none,
ACB,2025-12-12,NASDAQ,Process Industries,Agricultural Commodities/Milling,261.3,4.55,18.68,18.68,0.0,12.12,0.82,11.33,0.16,11,4.17,-8.5,-22.2,0.87,-21.9,28.6,100,-5.19,3.15,-8.15,-20.19,-21.48,17.78,-23.7,False,False,,,,,,,,,,none,
ACB,2026-04-23,NASDAQ,Process Industries,Agricultural Commodities/Milling,261.3,3.8,8.68,-13.68,-20.58,27.08,0.03,7.85,0.54,18,4.66,-12.2,-26.1,0.9,-38.0,81.2,100,-17.92,-17.19,-16.71,-16.95,-13.8,-13.1,-21.79,False,False,,,,,,,,,,none,
ACB,2026-08-11,NASDAQ,Process Industries,Agricultural Commodities/Milling,261.3,2.89,15.22,20.59,4.65,8.28,0.83,5.43,0.51,9,3.65,-15.5,-19.5,0.71,-50.0,79.6,100,14.71,10.51,10.21,20.42,16.52,24.62,5.11,True,True,3.485,6.46,1.8,17,1.711,19,,,1.489,filing-other,
TII,2025-07-22,AMEX,Non-Energy Minerals,Other Metals/Minerals,258.3,1.515,8.91,0.99,-7.27,18.9,0.19,4.11,0.31,4,6.96,138.8,397.5,0.71,-14.1,0.0,38,-10.0,-10.18,-11.91,-12.73,-23.36,-5.45,-23.36,False,False,,,,,,,,,,none,
TII,2025-09-22,AMEX,Non-Energy Minerals,Other Metals/Minerals,258.3,1.533,9.59,-0.2,-8.93,15.58,0.34,3.74,0.15,14,4.79,128.1,356.3,0.71,-12.5,0.0,38,-10.09,-13.39,-1.07,39.64,48.21,101.79,-13.75,False,False,,,,,,,,,,none,
TII,2025-12-29,AMEX,Non-Energy Minerals,Other Metals/Minerals,258.3,3.23,16.72,-5.88,-19.36,26.67,0.05,9.49,0.51,1,12.35,94.3,330.7,0.86,-9.8,0.0,46,-20.69,-21.49,-17.24,-22.28,31.03,49.87,-25.73,False,False,,,,,,,,,,filing-other,
TII,2026-01-15,AMEX,Non-Energy Minerals,Other Metals/Minerals,258.3,3.19,9.09,23.2,12.93,35.05,0.53,32.9,2.81,2,11.87,4.8,203.8,0.78,-16.7,0.0,87,16.95,47.7,33.62,16.09,6.9,62.36,2.01,True,True,3.93,15.78,1.113,9,0.0,10,0.0,10,1.393,none,
TII,2026-01-20,AMEX,Non-Energy Minerals,Other Metals/Minerals,258.3,4.07,21.13,19.41,-1.42,15.97,0.4,4.56,0.41,3,13.15,66.7,168.6,0.76,10.3,0.0,53,4.26,-5.68,-1.42,-10.34,-32.25,14.6,-32.86,False,False,,,,,,,,,,none,
TII,2026-01-21,AMEX,Non-Energy Minerals,Other Metals/Minerals,258.3,4.86,10.91,5.76,-4.64,11.88,0.15,3.49,0.36,4,13.37,95.2,217.6,0.81,1.7,0.0,44,-15.21,-8.53,-8.35,-22.45,-34.32,-3.15,-40.26,False,False,,,,,,,,,,none,
TII,2026-06-26,AMEX,Non-Energy Minerals,Other Metals/Minerals,258.3,2.23,26.46,-5.83,-25.53,40.84,0.1,31.19,1.57,7,9.2,-19.5,-10.4,0.83,-50.1,61.7,100,-25.18,-19.15,-14.18,-26.24,-29.43,-9.93,-31.91,False,False,,,,,,,,,,filing-other,
TII,2026-08-12,AMEX,Non-Energy Minerals,Other Metals/Minerals,258.3,2.39,10.46,10.88,0.38,14.11,0.49,6.23,0.1,13,6.07,-10.5,-42.0,0.94,-53.3,47.0,100,4.17,-0.38,-1.52,9.47,12.88,28.03,-8.33,False,True,2.65,6.42,-1.0,4,-1.0,4,-1.0,4,-0.706,filing-other,
CMRC,2026-05-07,NASDAQ,Technology Services,Packaged Software,257.7,2.88,13.54,23.61,8.87,17.48,0.53,5.3,1.03,9,6.44,-2.4,-36.1,1.0,-41.5,69.3,100,-5.2,-12.54,-16.21,-9.48,-13.76,9.79,-18.2,False,True,3.56,8.43,-1.0,1,-1.0,1,-1.0,1,-1.0,earnings,"2.02,9.01"
PDYN,2025-05-29,NASDAQ,Producer Manufacturing,Industrial Machinery,257.5,7.5,9.87,2.93,-6.31,13.95,0.05,3.3,0.05,46,10.1,9.0,63.0,0.76,-44.9,38.4,100,-4.49,-12.14,-0.12,4.61,6.92,26.7,-13.23,False,False,,,,,,,,,,filing-other,
PDYN,2026-01-13,NASDAQ,Producer Manufacturing,Industrial Machinery,257.5,6.27,13.88,13.72,-0.14,15.56,0.5,5.4,0.3,8,8.19,-34.7,-31.6,0.41,-45.1,76.1,95,-5.32,-5.46,-7.42,4.06,-7.84,34.03,-17.35,False,False,,,,,,,,,,earnings,"2.02,7.01,8.01,9.01"
PDYN,2026-01-28,NASDAQ,Producer Manufacturing,Industrial Machinery,257.5,6.52,46.17,13.96,-22.04,30.03,0.03,31.83,5.22,3,9.83,-21.4,-23.4,0.48,-26.7,18.5,99,-26.55,-28.44,-29.59,-30.95,-26.13,-11.23,-36.94,False,False,,,,,,,,,,none,
PDYN,2026-03-05,NASDAQ,Producer Manufacturing,Industrial Machinery,257.5,7.43,14.27,34.05,17.31,22.55,0.98,8.76,0.59,1,9.35,40.5,6.6,0.68,-34.7,28.1,100,0.47,-11.07,-16.84,-21.55,-23.67,12.37,-38.4,False,True,9.96,18.07,-1.0,2,-1.0,2,-1.0,2,-1.0,earnings,"2.02,7.01"
PDYN,2026-03-18,NASDAQ,Producer Manufacturing,Industrial Machinery,257.5,6.77,13.88,-6.94,-18.29,26.65,0.04,4.09,0.22,4,8.92,50.4,-6.9,0.71,-40.7,46.1,94,-13.62,-14.53,-16.86,-19.58,-14.01,-10.25,-32.17,False,False,,,,,,,,,,none,
PDYN,2026-05-28,NASDAQ,Producer Manufacturing,Industrial Machinery,257.5,7.52,9.84,17.02,6.54,11.98,0.72,4.24,0.09,11,7.32,6.8,41.9,0.89,-36.5,34.1,100,2.06,4.12,-1.21,-16.83,-29.54,8.96,-32.57,False,True,8.8,7.95,-1.0,1,-1.0,1,-1.0,1,-1.0,filing-other,
ZNTL,2026-01-09,NASDAQ,Health Technology,Biotechnology,257.0,2.84,10.21,31.69,19.49,24.35,0.91,9.39,0.99,5,9.96,56.9,113.5,0.81,-1.9,0.0,73,11.5,12.14,-5.43,-10.54,-23.32,26.2,-30.67,False,True,3.74,18.18,-1.0,5,-1.0,5,-1.0,5,-0.779,other-8k,"7.01,8.01"
ZNTL,2026-04-09,NASDAQ,Health Technology,Biotechnology,257.0,2.76,9.42,60.14,46.36,57.89,0.95,26.51,1.28,8,8.39,14.0,78.1,0.78,-23.5,11.3,100,118.87,72.19,66.23,28.81,40.07,130.13,24.17,True,True,4.42,35.52,0.0,6,0.0,6,0.0,6,0.166,other-8k,"7.01,8.01"
PPIH,2025-06-13,NASDAQ,Producer Manufacturing,Industrial Machinery,255.8,14.57,16.68,18.94,1.94,16.0,0.31,9.52,0.96,20,4.14,11.0,-13.6,0.87,-3.3,0.4,100,29.94,24.71,38.29,34.53,41.59,44.12,5.82,True,True,17.33,4.79,6.289,21,6.289,21,10.675,63,5.747,earnings,"2.02,5.02,7.01,9.01"
PPIH,2025-12-12,NASDAQ,Producer Manufacturing,Industrial Machinery,255.8,29.29,12.67,11.27,-1.24,16.59,0.25,4.01,0.3,13,4.9,11.8,69.0,1.0,-0.3,0.0,100,-1.88,-2.45,-2.3,-2.33,-1.39,3.79,-10.12,False,False,,,,,,,,,,earnings,"2.02,9.01"
CHPT,2026-04-14,NYSE,Producer Manufacturing,Electrical Products,255.6,5.43,9.58,15.29,5.21,9.43,0.57,3.85,0.54,3,5.87,-22.9,-51.3,0.79,-66.5,89.1,100,4.87,4.54,12.77,11.93,4.71,22.69,1.36,True,True,6.26,5.11,0.0,11,0.0,11,0.0,11,-0.042,filing-other,
AUDC,2025-11-04,NASDAQ,Electronic Technology,Telecommunications Equipment,254.0,8.83,8.49,5.55,-2.71,8.29,0.2,4.71,0.37,6,2.53,-11.3,8.3,1.0,-24.7,58.4,100,1.04,-3.13,-1.46,-7.2,-9.6,2.82,-11.9,False,False,,,,,,,,,,filing-other,
RELL,2025-10-09,NASDAQ,Electronic Technology,Electronic Production Equipment,253.6,10.61,15.93,11.78,-3.58,17.27,0.14,16.25,1.2,6,3.92,8.5,8.4,1.0,-20.7,48.1,100,-8.54,-4.88,-7.64,-11.95,-16.1,1.54,-16.42,False,False,,,,,,,,,,earnings,"2.02,9.01"
RELL,2026-04-09,NASDAQ,Electronic Technology,Electronic Production Equipment,253.6,11.76,14.8,22.7,6.89,18.38,0.86,7.37,0.84,6,4.92,0.7,19.5,0.89,-12.0,6.3,100,-1.11,0.44,-2.67,4.74,10.07,12.59,-9.78,False,True,14.43,13.65,-1.0,1,-1.0,1,-1.0,1,-1.0,earnings,"2.02,9.01"
RELL,2026-07-23,NASDAQ,Electronic Technology,Electronic Production Equipment,253.6,18.01,17.6,21.15,3.02,12.32,0.48,6.25,0.96,7,6.4,30.5,65.8,0.9,6.6,0.0,100,-15.2,-11.43,-14.4,-2.08,-17.33,2.93,-21.77,False,True,21.82,5.55,-1.0,1,-1.0,1,-1.0,1,-1.0,earnings,"2.02,9.01"
ASLE,2025-08-07,NASDAQ,Distribution Services,Wholesale Distributors,253.4,6.16,22.4,23.21,0.66,15.45,0.67,5.91,0.57,8,3.45,-12.5,-10.3,0.98,-13.9,18.3,100,9.55,16.31,13.13,17.37,13.13,20.95,1.86,True,True,7.59,9.35,1.662,14,1.225,18,0.563,38,1.662,earnings,"2.02,5.02,9.01"
PALI,2025-08-07,NASDAQ,Health Technology,Pharmaceuticals: Major,252.7,1.0,49.0,-12.0,-40.94,126.19,0.04,118.22,1.39,7,13.48,31.6,-24.8,0.76,-65.5,60.7,100,-46.98,-49.66,-44.97,-51.01,-57.72,-42.28,-60.4,False,False,,,,,,,,,,filing-other,
PALI,2025-10-01,NASDAQ,Health Technology,Pharmaceuticals: Major,252.7,0.86,22.09,52.33,24.76,88.54,0.41,172.79,1.76,8,9.43,17.8,28.4,0.54,-75.7,40.5,100,61.9,81.9,90.48,64.76,101.9,117.14,31.43,True,True,1.31,26.72,1.2,10,1.0,18,1.086,44,1.371,equity-sale,
PALI,2025-10-02,NASDAQ,Health Technology,Pharmaceuticals: Major,252.7,1.31,16.03,29.77,11.84,28.99,0.8,3.75,0.15,2,13.7,79.5,95.5,0.52,-64.8,20.7,43,5.26,10.53,38.16,13.82,27.63,50.0,0.0,True,True,1.7,18.82,0.0,7,0.0,7,0.0,7,-0.021,equity-sale,
PALI,2025-10-06,NASDAQ,Health Technology,Pharmaceuticals: Major,252.7,1.6,22.5,19.37,-2.55,32.56,0.34,6.74,0.32,3,15.36,122.2,125.4,0.49,-54.6,15.1,28,-14.29,7.14,-5.61,-5.1,2.04,16.33,-20.41,False,False,,,,,,,,,,filing-other,
PALI,2025-12-10,NASDAQ,Health Technology,Pharmaceuticals: Major,252.7,1.9,8.95,10.53,1.45,11.11,0.55,3.19,0.08,7,11.28,227.6,187.9,0.6,-37.3,16.0,31,6.28,-12.56,-18.84,6.28,-3.86,27.54,-20.29,False,True,2.1,5.71,-1.0,2,-1.0,2,-1.0,2,-1.0,none,
IVVD,2025-05-12,NASDAQ,Health Technology,Biotechnology,250.6,0.646,9.29,29.72,18.7,28.36,0.88,3.09,0.01,13,12.95,-58.9,-37.9,0.37,-74.2,88.4,81,21.95,-0.28,9.92,27.34,28.33,54.39,-9.92,False,True,0.838,20.05,-1.0,3,-1.0,3,-1.0,3,-0.933,other-8k,"8.01,9.01"
IVVD,2025-05-13,NASDAQ,Health Technology,Biotechnology,250.6,0.838,9.67,2.74,-6.31,26.74,0.0,3.88,0.02,13,13.9,-50.1,-16.2,0.37,-66.5,84.4,86,-9.03,-15.45,-11.97,-7.94,-5.44,15.34,-30.79,False,False,,,,,,,,,,other-8k,"8.01,9.01"
IVVD,2025-08-26,NASDAQ,Health Technology,Biotechnology,250.6,0.56,68.75,83.93,8.99,40.74,0.67,132.76,0.42,24,9.55,-37.7,-56.9,0.75,-65.5,76.0,100,-7.83,2.96,10.05,36.51,29.1,53.44,-18.52,False,True,1.03,21.36,-1.0,1,-1.0,1,-1.0,1,-1.0,filing-other,
IVVD,2025-11-14,NASDAQ,Health Technology,Biotechnology,250.6,1.77,44.63,32.77,-8.2,27.78,0.32,23.65,0.3,3,12.95,204.6,127.8,0.37,-6.6,0.0,20,10.94,-2.34,-2.34,-2.34,-13.28,19.92,-18.36,False,False,,,,,,,,,,filing-other,
HITI,2026-06-16,NASDAQ,Retail Trade,Specialty Stores,249.6,2.25,15.11,12.0,-2.7,7.29,0.28,15.4,1.63,4,3.63,-9.6,-22.9,1.0,-36.1,53.2,100,-8.49,-11.58,-14.67,-10.04,-17.76,-2.9,-18.73,False,False,,,,,,,,,,filing-other,
BGS,2026-03-04,NYSE,Consumer Non-Durables,Food: Major Diversified,249.5,5.05,9.11,16.24,6.53,16.85,0.45,3.6,0.35,2,4.08,8.4,15.8,0.9,-31.6,15.6,100,1.27,1.27,-2.54,-11.62,-12.16,4.72,-13.97,False,True,5.87,6.98,-1.0,1,-1.0,1,-1.0,1,-1.0,earnings,"2.02,7.01,9.01"
MVST,2026-03-16,NASDAQ,Producer Manufacturing,Electrical Products,249.1,2.23,14.35,3.59,-9.41,11.74,0.04,7.83,0.37,37,5.52,-33.2,-32.0,0.62,-64.2,78.3,100,-40.39,-34.9,-37.65,-44.71,-32.16,-26.27,-46.27,False,False,,,,,,,,,,earnings,"2.02,9.01"
GPRO,2025-07-23,NASDAQ,Consumer Durables,Electronics/Appliances,248.0,1.37,68.98,12.41,-33.48,62.33,0.09,46.32,6.37,2,9.33,176.8,24.5,0.6,37.0,0.0,61,-36.5,-39.09,-42.12,-43.41,-46.87,-26.57,-49.89,False,False,,,,,,,,,,none,
GPRO,2026-04-14,NASDAQ,Consumer Durables,Electronics/Appliances,248.0,0.935,18.72,-5.88,-20.72,31.03,0.04,8.01,0.16,13,9.41,-36.0,-52.8,0.44,-63.6,71.5,97,0.9,15.32,26.13,36.94,1.8,64.86,-19.82,True,False,,,,,,,,,,none,
CNDT,2026-05-22,NASDAQ,Commercial Services,Miscellaneous Commercial Services,245.7,1.6,19.37,17.5,-1.57,11.75,0.66,3.41,0.95,2,7.85,6.0,-14.4,0.71,-35.9,54.3,100,-6.28,-6.28,-8.38,-24.61,-30.37,3.66,-32.46,False,False,,,,,,,,,,agreement,"1.01,7.01,9.01"
ALMU,2026-04-13,NASDAQ,Commercial Services,Miscellaneous Commercial Services,245.6,10.76,30.39,42.66,9.41,18.71,0.54,19.63,6.17,1,8.73,-51.6,-34.8,0.6,-45.8,77.4,99,1.64,23.66,18.82,42.41,100.86,115.25,-0.93,False,True,15.35,9.12,-1.0,1,-1.0,1,-1.0,1,-1.0,none,
CAMP,2025-05-06,NASDAQ,Health Technology,Biotechnology,245.4,1.92,11.46,20.83,8.41,32.04,0.88,192.17,11.83,8,16.24,-61.8,-81.9,0.44,-82.6,86.8,69,2.34,-0.47,-5.61,4.21,-11.21,7.48,-15.89,False,True,2.32,21.98,-0.588,5,-1.0,6,-0.255,1,-0.516,none,
CAMP,2025-09-10,NASDAQ,Health Technology,Biotechnology,245.4,1.99,54.27,40.2,-9.12,46.83,0.23,393.57,3.44,12,11.74,13.1,-63.8,0.94,-75.0,28.7,100,-9.45,-13.68,-15.64,-9.12,15.31,15.96,-28.34,False,False,,,,,,,,,,agreement,"1.01,3.02,5.02,7.01,9.01"
CAMP,2026-06-16,NASDAQ,Health Technology,Biotechnology,245.4,3.96,13.38,4.29,-8.02,27.12,0.0,11.04,0.02,16,9.94,-28.6,-39.0,0.95,-42.1,22.1,100,-7.8,-6.46,-10.24,-3.34,-13.14,4.9,-16.7,False,False,,,,,,,,,,none,
AZ,2026-08-13,NASDAQ,Finance,Financial Conglomerates,243.9,6.47,8.19,25.19,15.71,19.71,0.93,13.93,0.76,22,7.58,0.0,7.8,0.95,-31.5,37.7,100,4.71,3.86,-1.71,-5.29,-17.29,15.71,-19.0,False,True,8.1,15.43,-1.0,5,-1.0,5,-1.0,5,-0.888,filing-other,
FXHO,2025-10-20,NASDAQ,Electronic Technology,Telecommunications Equipment,243.1,350.0,14.29,-7.14,-18.75,29.03,0.17,15.0,0.99,2,14.82,-93.9,-94.9,0.76,-98.4,58.1,76,-16.25,-13.75,-32.5,-33.75,-62.5,0.0,-76.25,False,False,,,,,,,,,,none,
FXHO,2025-10-22,NASDAQ,Electronic Technology,Telecommunications Equipment,243.1,335.0,10.45,10.45,0.0,23.08,0.6,15.87,1.86,4,16.18,-94.4,-95.4,0.73,-98.5,35.3,74,-6.76,-27.03,-33.78,-32.43,-68.92,2.7,-74.32,False,False,,,,,,,,,,filing-other,
FXHO,2025-10-31,NASDAQ,Electronic Technology,Telecommunications Equipment,243.1,215.0,27.91,6.98,-16.36,38.1,0.25,13.28,3.26,5,19.68,-96.0,-97.9,0.65,-98.8,71.1,69,-3.64,-9.09,-21.82,-56.36,-77.82,5.45,-79.09,False,False,,,,,,,,,,filing-other,
FXHO,2025-11-14,NASDAQ,Electronic Technology,Telecommunications Equipment,243.1,100.0,95.0,20.0,-38.46,95.65,0.05,23.06,4.42,1,22.1,-97.8,-99.0,0.25,-99.1,83.0,45,-23.08,-41.03,-57.69,-68.72,-78.33,-10.26,-79.49,False,False,,,,,,,,,,none,
FXHO,2025-11-17,NASDAQ,Electronic Technology,Telecommunications Equipment,243.1,120.0,45.83,25.0,-14.29,29.63,0.38,8.01,0.61,1,23.49,-97.2,-99.0,0.24,-99.2,49.3,44,-20.0,-42.86,-59.14,-68.0,-75.2,-17.14,-77.14,False,False,,,,,,,,,,none,
FXHO,2026-05-01,NASDAQ,Electronic Technology,Telecommunications Equipment,243.1,18.55,25.07,-19.14,-35.34,107.09,0.17,1635.38,7.36,59,8.24,-38.0,-92.4,0.68,-99.8,99.8,96,-44.4,-57.89,-57.5,-65.95,-50.43,-28.45,-67.67,False,False,,,,,,,,,,filing-other,
FXHO,2026-06-11,NASDAQ,Electronic Technology,Telecommunications Equipment,243.1,10.0,71.0,-15.0,-50.29,193.75,0.03,42.7,2.06,2,23.37,-66.2,-83.6,0.16,-99.8,37.9,49,-50.88,-45.73,-69.18,-63.68,-8.77,46.2,-70.64,False,False,,,,,,,,,,none,
FXHO,2026-07-06,NASDAQ,Electronic Technology,Telecommunications Equipment,243.1,7.2,81.46,171.53,49.64,125.84,0.61,29.54,1.36,2,33.24,-72.0,-85.9,0.43,-99.8,39.1,62,15.58,43.13,19.4,13.28,-10.98,68.39,-37.47,False,True,19.55,43.38,-0.419,8,-1.0,11,-1.0,11,-0.313,none,
RDNW,2025-08-12,NASDAQ,Retail Trade,Specialty Stores,243.0,2.0,15.5,60.5,38.96,53.51,0.76,704.39,18.68,35,8.44,-21.9,-54.9,0.6,-67.3,72.9,100,32.9,28.14,35.93,50.65,74.89,79.61,23.38,True,True,3.21,28.97,1.28,34,1.194,37,0.419,41,0.764,earnings,"1.01,2.02,2.03,5.02,5.03,7.01,9.01"
RDNW,2025-11-05,NASDAQ,Retail Trade,Specialty Stores,243.0,3.34,19.76,23.95,3.5,16.88,0.45,4.85,0.0,88,8.96,71.3,38.3,0.63,-43.3,14.6,71,2.5,22.5,33.25,29.75,33.5,42.38,-2.53,True,True,4.14,7.0,3.759,13,3.966,32,4.655,51,3.38,earnings,"2.02,9.01"
SSP,2025-11-17,NASDAQ,Consumer Services,Broadcasting,241.9,2.3008,20.59,39.87,15.99,29.45,0.84,14.44,0.68,5,8.37,3.0,30.8,0.78,-11.5,2.2,100,18.7,7.32,20.05,18.43,69.04,77.69,3.25,True,True,3.218,19.86,-0.047,9,1.224,26,0.472,42,-0.157,filing-other,
BNC,2025-07-28,NASDAQ,Producer Manufacturing,Trucks/Construction/Farm Machinery,241.7,8.875,485.8,548.85,10.76,79.78,0.31,1960.92,81.13,21,7.93,9.6,18.7,0.73,324.1,0.0,100,-21.18,-48.03,-66.47,-47.41,-56.01,1.29,-69.22,False,True,57.585,19.94,-1.0,1,-1.0,1,-1.0,1,-1.0,agreement,"1.01,7.01,9.01"
BNC,2025-10-07,NASDAQ,Producer Manufacturing,Trucks/Construction/Farm Machinery,241.7,9.4,8.4,8.51,0.1,10.85,0.55,3.23,0.22,3,11.86,-5.3,16.6,0.24,-87.7,55.8,84,11.58,-7.36,-5.5,-26.5,-43.87,17.76,-45.63,False,True,10.2,5.59,-1.0,3,-1.0,3,2.053,1,-1.111,other-8k,"5.02,7.01,9.01"
BNC,2026-06-24,NASDAQ,Producer Manufacturing,Trucks/Construction/Farm Machinery,241.7,2.27,11.89,18.5,5.91,17.01,0.68,8.45,0.23,10,14.33,-29.3,-66.4,0.73,-96.9,95.4,99,20.08,16.54,9.45,9.06,12.6,26.77,0.79,True,True,2.69,10.41,0.071,8,0.607,20,0.107,4,0.369,earnings,"1.01,2.02,5.02,5.03,8.01,9.01"
DYNC,2025-07-21,NASDAQ,Finance,Financial Conglomerates,240.9,10.25,41.95,16.98,-17.59,32.29,0.13,793.16,19.47,30,0.06,3.0,4.7,1.0,38.8,0.0,100,-19.52,-18.83,-23.37,-26.87,-25.02,-11.77,-27.84,False,False,,,,,,,,,,other-8k,"7.01,9.01"
MGNX,2025-06-10,NASDAQ,Health Technology,Pharmaceuticals: Major,240.1,1.64,22.26,8.54,-11.22,21.91,0.0,58.35,8.39,9,8.69,-28.4,-51.6,0.56,-60.7,63.9,100,-14.71,-24.19,-31.67,-34.66,-21.2,0.25,-40.9,False,False,,,,,,,,,,agreement,"1.01,8.01,9.01"
MGNX,2025-11-13,NASDAQ,Health Technology,Pharmaceuticals: Major,240.1,1.47,12.93,8.84,-3.61,13.73,0.33,3.82,0.11,5,8.07,-7.0,-4.5,0.9,-62.2,60.3,100,-9.64,-7.23,-17.47,-7.83,-15.66,-1.45,-20.48,False,False,,,,,,,,,,earnings,2.02
MGNX,2026-05-12,NASDAQ,Health Technology,Pharmaceuticals: Major,240.1,2.95,16.95,19.32,2.03,14.29,0.33,13.24,0.37,13,6.14,72.5,115.3,0.57,-11.1,2.4,44,0.0,23.19,31.01,26.96,12.17,34.49,-4.93,False,True,3.52,4.55,-1.0,1,-1.0,1,-1.0,1,-1.0,earnings,"1.01,2.02,7.01,9.01"
AENT,2025-10-27,NASDAQ,Distribution Services,Electronics Distributors,237.6,6.03,9.62,6.14,-3.18,13.66,0.58,3.13,0.39,9,7.43,17.8,119.3,0.67,-42.9,20.0,86,-0.3,-6.96,-3.33,2.12,5.14,9.68,-9.83,True,False,,,,,,,,,,none,
ELMD,2025-08-27,AMEX,Health Technology,Medical Specialties,237.0,20.66,16.89,19.89,2.57,9.34,0.81,5.44,0.29,13,3.69,1.6,-24.8,1.0,-32.1,51.9,100,1.57,-0.83,3.15,3.77,-3.77,11.59,-4.18,True,True,24.77,7.02,0.0,9,0.0,9,0.0,9,-0.157,earnings,"2.02,7.01,9.01"
ELMD,2026-02-11,AMEX,Health Technology,Medical Specialties,237.0,28.06,8.52,-9.98,-17.04,29.96,0.26,11.05,0.56,5,4.09,15.5,45.1,1.0,-11.0,2.6,100,-23.45,-16.78,-20.79,-20.95,-23.58,-15.5,-24.43,False,False,,,,,,,,,,earnings,"2.02,7.01,9.01"
SLGL,2025-05-06,NASDAQ,Health Technology,Pharmaceuticals: Major,236.5,4.42,8.6,73.3,59.58,74.09,1.0,7.98,0.15,7,25.19,-37.7,-9.8,0.65,-70.9,94.1,100,60.83,63.54,57.71,62.4,53.75,72.08,36.77,True,True,7.66,42.56,0.008,12,-0.06,14,-0.101,38,0.025,filing-other,
CURV,2026-03-20,NYSE,Retail Trade,Apparel/Footwear Retail,236.3,1.25,16.0,28.0,10.34,31.94,0.35,52.36,2.58,10,8.61,17.9,-33.2,0.98,-79.1,66.3,100,17.24,17.93,23.45,25.52,52.41,59.31,2.07,True,True,1.6,10.0,0.938,11,2.0,23,0.0,25,0.855,earnings,"2.02,9.01"
LTBR,2025-05-23,NASDAQ,Process Industries,Chemicals: Specialty,236.0,10.66,13.23,42.59,25.93,39.14,0.79,23.78,1.25,35,8.04,9.9,72.2,0.65,-28.6,16.4,100,35.38,23.86,17.73,30.32,21.21,46.64,-0.5,True,True,15.2,23.68,0.0,3,0.0,3,0.0,3,-0.023,filing-other,
LYEL,2025-07-25,NASDAQ,Health Technology,Biotechnology,236.0,10.41,13.35,19.31,5.25,17.38,0.68,4.0,0.27,5,6.99,11.5,-10.9,0.89,-61.2,51.7,100,16.36,5.42,-6.61,-6.95,-8.81,20.19,-21.36,False,True,12.42,10.55,0.0,3,0.0,3,0.0,3,0.005,agreement,"1.01,3.02,7.01,9.01"
NAGE,2026-03-05,NASDAQ,Health Technology,Pharmaceuticals: Other,233.4,4.94,15.18,3.24,-10.37,16.06,0.15,4.01,0.24,1,4.85,-22.8,-48.9,0.71,-61.3,88.4,100,-11.07,-8.26,-15.29,-16.7,-23.02,-5.1,-26.89,False,False,,,,,,,,,,earnings,"2.02,7.01,9.01"
FUFU,2025-08-15,NASDAQ,Technology Services,Data Processing Services,233.3,3.97,14.86,-5.04,-17.32,46.2,0.05,88.23,9.17,19,7.41,8.2,-20.6,0.94,-26.9,36.7,100,-23.9,-25.22,-17.11,-15.13,-10.09,-5.26,-28.73,False,False,,,,,,,,,,filing-other,
FUFU,2026-03-12,NASDAQ,Technology Services,Data Processing Services,233.3,2.05,9.27,20.49,10.27,18.18,0.68,3.22,0.02,30,10.91,-31.0,-47.0,0.79,-61.7,99.2,100,8.93,4.91,0.45,-15.18,-10.27,14.06,-30.36,False,True,2.47,10.93,-0.111,1,-0.519,2,-0.111,1,-0.111,none,
FUFU,2026-03-23,NASDAQ,Technology Services,Data Processing Services,233.3,1.56,12.82,28.85,14.2,16.74,0.86,12.37,0.09,25,11.75,-42.6,-59.5,0.76,-69.9,99.5,100,11.36,7.95,3.98,3.41,24.43,50.85,-9.09,False,True,2.01,12.64,-0.197,1,-0.197,1,-0.197,1,-0.197,none,
ANGI,2025-05-07,NASDAQ,Technology Services,Internet Software/Services,232.0,11.25,33.24,34.67,1.07,11.76,0.73,3.1,1.07,0,5.97,-38.9,-52.1,0.59,-44.7,26.2,100,-0.07,7.47,7.47,5.8,10.81,14.48,-1.93,True,True,15.15,7.92,0.592,10,0.558,25,0.0,27,0.661,earnings,"2.02,7.01,9.01"
BRCC,2026-05-05,NYSE,Consumer Non-Durables,Food: Specialty/Candy,230.5,10.9,13.76,23.85,8.87,38.66,0.35,18.7,1.4,8,7.53,38.3,-14.2,0.68,-48.2,56.5,100,1.61,4.84,4.03,34.68,20.97,49.6,-8.06,False,True,13.5,11.85,-1.0,2,-1.0,2,-1.0,2,-1.0,earnings,"2.02,9.01"
BRCC,2026-08-04,NYSE,Consumer Non-Durables,Food: Specialty/Candy,230.5,10.5,20.95,0.0,-17.32,34.07,0.31,5.65,0.45,9,7.58,-3.7,23.7,0.67,-31.5,46.0,100,-20.47,-21.26,-33.23,-35.28,-34.88,-15.75,-39.27,False,False,,,,,,,,,,earnings,"2.02,9.01"
DPRO,2025-06-09,NASDAQ,Consumer Durables,Motor Vehicles,230.3,2.97,12.29,12.46,0.15,20.81,0.58,4.85,0.42,5,9.58,34.4,-15.9,0.38,-40.1,46.8,89,11.24,-27.74,-26.24,-22.64,3.75,31.03,-37.63,False,True,3.34,10.78,0.0,2,0.0,2,0.0,2,0.0,filing-other,
DPRO,2025-06-10,NASDAQ,Consumer Durables,Motor Vehicles,230.3,3.34,10.78,11.08,0.27,25.21,0.25,12.25,1.23,6,10.04,40.9,2.5,0.38,-33.6,36.2,83,-32.97,-34.59,-38.65,-23.24,5.0,5.41,-43.78,False,True,3.71,5.93,-1.0,1,-1.0,1,-1.0,1,-1.0,filing-other,
DPRO,2025-07-16,NASDAQ,Consumer Durables,Motor Vehicles,230.3,3.61,19.53,43.49,20.05,31.03,0.9,16.63,3.75,2,11.99,48.6,6.8,0.37,-22.5,6.7,75,67.32,39.05,44.38,15.18,7.3,69.29,2.9,True,True,5.18,21.91,0.0,2,0.0,2,0.0,2,0.0,none,
DPRO,2025-07-17,NASDAQ,Consumer Durables,Motor Vehicles,230.3,5.18,14.58,39.38,21.65,27.49,0.95,8.23,0.76,1,13.16,95.5,46.3,0.37,6.6,0.0,47,-8.17,-2.95,4.13,-12.55,-25.7,17.78,-25.86,False,True,7.22,20.64,-1.0,1,-1.0,1,-1.0,1,-1.0,filing-other,
DPRO,2025-09-30,NASDAQ,Consumer Durables,Motor Vehicles,230.3,6.95,18.85,17.12,-1.45,21.66,0.17,28.74,1.67,8,8.93,111.9,153.6,0.59,13.1,0.0,30,11.99,24.58,28.81,59.93,6.66,74.33,-8.6,False,False,,,,,,,,,,filing-other,
DPRO,2026-05-28,NASDAQ,Consumer Durables,Motor Vehicles,230.3,6.67,11.54,16.79,4.7,12.96,0.48,6.42,0.16,23,7.19,-2.8,-11.7,0.75,-48.3,40.8,100,0.4,0.4,-4.17,-12.5,-32.53,8.06,-34.54,False,True,7.79,5.91,-1.0,1,-1.0,1,-1.0,1,-1.0,none,
IMPP,2025-06-13,NASDAQ,Transportation,Marine Shipping,228.3,3.23,13.93,4.33,-8.42,22.65,0.4,12.53,1.8,7,5.62,31.3,11.4,0.87,-19.1,13.8,100,-7.61,-2.99,-8.42,-16.3,-13.32,0.0,-19.02,False,False,,,,,,,,,,none,
IMPP,2025-09-05,NASDAQ,Transportation,Marine Shipping,228.3,3.46,9.83,2.02,-7.11,11.76,0.32,5.07,0.33,11,3.99,10.9,45.4,1.0,-16.5,6.7,100,-0.79,5.26,17.63,21.32,25.53,38.16,-8.42,True,False,,,,,,,,,,filing-other,
IMPP,2026-03-02,NASDAQ,Transportation,Marine Shipping,228.3,4.25,8.59,3.53,-4.66,14.49,0.19,3.47,0.61,7,5.86,-29.2,27.6,0.87,-29.8,29.7,100,-11.16,-9.53,4.66,1.19,-4.66,7.04,-15.93,False,False,,,,,,,,,,none,
YARW,2025-10-08,NASDAQ,Health Technology,Pharmaceuticals: Major,228.3,20.3,8.37,5.91,-2.27,13.97,0.52,3.98,0.25,4,7.59,-70.6,-73.1,0.73,-89.8,27.8,80,-6.14,-16.36,-13.86,-20.45,-23.18,-2.73,-27.05,False,False,,,,,,,,,,none,
YARW,2025-12-17,NASDAQ,Health Technology,Pharmaceuticals: Major,228.3,20.15,77.92,48.88,-16.32,33.69,0.21,224.3,6.77,14,8.11,30.0,-57.1,0.97,-83.3,19.1,100,-18.41,-19.67,-18.69,-19.11,-20.92,-10.74,-23.29,False,False,,,,,,,,,,agreement,"1.01,3.02,5.01,5.02,7.01,9.01"
ACRE,2026-02-10,NYSE,Finance,Real Estate Investment Trusts,228.0,5.11,9.78,11.74,1.78,10.71,0.68,3.75,0.89,0,3.26,1.0,22.8,1.0,-8.0,1.3,100,-0.71,-7.84,-8.2,-9.27,-10.34,2.67,-13.55,False,True,5.71,6.83,-1.0,2,-1.0,2,-1.0,2,-1.0,earnings,"2.02,7.01,9.01"
ACRE,2026-08-04,NYSE,Finance,Real Estate Investment Trusts,228.0,4.25,9.88,8.94,-0.86,4.59,0.24,3.14,0.7,2,2.76,-18.9,-18.6,1.0,-20.7,70.2,100,0.64,4.28,1.28,-0.86,-4.28,5.14,-5.14,False,False,,,,,,,,,,earnings,"2.02,7.01,9.01"
PRQR,2026-03-30,NASDAQ,Health Technology,Pharmaceuticals: Major,227.8,1.37,22.63,10.22,-10.12,16.55,0.25,5.62,0.79,9,7.48,-36.9,-35.1,0.83,-45.8,68.7,100,-3.57,1.79,1.19,18.45,-11.9,27.98,-16.07,False,False,,,,,,,,,,none,
SMRT,2026-08-05,NYSE,Electronic Technology,Computer Communications,226.1,1.05,9.52,23.81,13.04,14.04,1.0,3.14,0.35,1,5.26,-26.6,-38.6,0.9,-47.7,76.0,100,19.13,18.26,26.09,20.0,18.26,32.17,5.22,True,True,1.3,12.31,0.563,9,0.25,17,0.0,19,0.5,earnings,"2.02,7.01,9.01"
PLAY,2025-04-08,NASDAQ,Consumer Services,Movies/Entertainment,226.1,16.19,14.45,-0.8,-13.33,26.18,0.14,3.08,0.4,3,7.54,-47.0,-54.9,0.52,-57.6,93.1,97,-5.4,-7.72,-2.37,5.13,13.28,13.87,-18.35,False,False,,,,,,,,,,earnings,"2.02,9.01"
PLAY,2025-06-11,NASDAQ,Consumer Services,Movies/Entertainment,226.1,25.87,11.52,17.74,5.58,9.36,0.86,5.06,0.52,7,5.57,34.1,-29.8,0.9,-34.0,35.3,100,6.38,12.89,11.13,5.65,11.89,23.15,0.94,True,True,30.46,7.42,0.0,9,0.0,9,0.0,9,0.311,earnings,"2.02,9.01"
LOVE,2025-04-10,NASDAQ,Consumer Durables,Home Furnishings,225.3,15.93,15.0,16.07,0.93,17.54,0.72,4.46,1.01,2,8.02,-37.9,-36.0,0.4,-53.6,71.1,94,0.11,6.39,9.5,14.03,9.72,17.36,-7.1,True,True,18.49,11.2,0.464,13,0.71,24,-0.072,1,0.47,earnings,"2.02,5.02,9.01"
LOVE,2026-03-26,NASDAQ,Consumer Durables,Home Furnishings,225.3,11.29,21.35,21.88,0.44,8.94,0.45,4.83,0.47,15,5.84,-22.0,-36.4,0.71,-37.4,77.7,100,-1.24,7.81,4.89,12.04,17.3,32.7,-5.11,False,True,13.76,3.85,-1.0,1,-1.0,1,-1.0,1,-1.0,earnings,"2.02,7.01,9.01"
NATR,2025-11-07,NASDAQ,Health Technology,Pharmaceuticals: Other,224.5,13.73,19.23,30.52,9.47,12.05,0.99,4.37,0.66,4,3.34,-14.7,-0.5,0.94,-9.4,18.8,100,20.83,26.39,29.32,29.14,27.73,36.29,12.28,True,True,17.92,10.66,0.942,9,1.932,33,3.581,83,1.111,earnings,"2.02,9.01"
PDEX,2025-10-17,NASDAQ,Health Technology,Medical Specialties,224.3,23.91,10.75,9.66,-0.98,11.64,0.39,3.31,0.4,3,6.63,-48.8,-60.7,0.48,-62.3,97.5,78,-3.17,-0.45,7.25,36.86,21.19,39.31,-4.65,True,False,,,,,,,,,,none,
AMWL,2026-05-06,NYSE,Technology Services,Packaged Software,223.5,6.36,16.51,12.42,-3.51,10.13,0.2,3.72,0.27,20,7.53,44.5,25.0,0.86,-19.0,10.0,100,4.59,9.99,4.32,6.48,18.49,34.41,-5.26,True,False,,,,,,,,,,earnings,"2.02,9.01"
EU,2025-05-23,NASDAQ,Non-Energy Minerals,Other Metals/Minerals,223.4,1.6,10.62,23.12,11.3,15.79,0.96,4.07,0.35,2,5.9,-37.3,-59.3,0.7,-60.1,49.6,100,20.9,15.25,8.47,28.25,43.5,48.02,8.47,True,True,1.97,13.2,0.0,5,0.0,5,0.0,5,0.09,filing-other,
SMHI,2026-07-30,NYSE,Transportation,Marine Shipping,223.3,7.72,18.26,23.58,4.49,15.23,0.94,4.4,1.26,2,5.37,3.5,19.9,1.0,7.3,0.0,100,3.29,3.94,3.5,5.7,4.16,9.53,-1.42,True,True,9.54,12.58,0.175,17,-0.117,19,-0.367,35,0.103,earnings,"2.02,8.01,9.01"
EAF,2025-09-19,NYSE,Producer Manufacturing,Electrical Products,223.1,12.7,9.25,5.98,-2.99,11.37,0.49,3.39,0.22,6,9.75,11.4,24.5,0.65,-45.2,28.2,100,-6.88,-4.5,-0.32,-4.14,27.57,46.45,-15.75,False,False,,,,,,,,,,filing-other,
CGEN,2025-12-17,NASDAQ,Health Technology,Biotechnology,222.6,1.49,12.08,2.01,-8.98,13.61,0.25,8.67,0.73,6,5.58,11.2,-9.7,0.84,-37.2,49.2,100,-9.58,-8.38,-7.78,-7.19,41.32,42.51,-14.37,False,False,,,,,,,,,,filing-other,
FF,2026-08-11,NYSE,Process Industries,Chemicals: Specialty,221.9,5.16,27.71,23.45,-3.34,14.4,0.3,10.65,2.51,4,4.78,6.6,39.8,1.0,22.0,0.0,100,-11.23,-15.17,-14.11,-18.36,-18.51,-3.03,-23.22,False,False,,,,,,,,,,earnings,"2.02,9.01"
KROS,2025-04-10,NASDAQ,Health Technology,Pharmaceuticals: Major,221.9,10.33,12.97,18.49,4.88,7.76,0.71,3.93,0.27,4,5.54,-30.6,-82.7,0.95,-83.9,48.0,100,4.37,12.17,20.57,21.77,16.97,26.99,2.23,True,True,12.24,5.23,2.375,17,2.203,20,2.063,44,2.026,agreement,"1.01,3.03,5.03,8.01,9.01"
ZSQR,2026-04-27,NASDAQ,Technology Services,Data Processing Services,220.0,16.4,14.63,-7.32,-19.15,108.89,0.63,3.9,0.29,9,8.72,17.7,3.5,0.87,-12.2,0.0,100,-20.08,-15.11,-25.11,-35.9,-49.63,-10.96,-57.47,False,False,,,,,,,,,,other-8k,"8.01,9.01"
RNAC,2026-06-09,NASDAQ,Health Technology,Biotechnology,219.0,5.86,19.62,16.89,-2.28,41.58,0.09,19.57,1.19,4,10.66,-31.5,-14.8,0.84,-55.0,66.2,100,5.99,35.66,29.1,37.52,37.95,56.92,-4.92,True,False,,,,,,,,,,other-8k,"7.01,9.01"
TONX,2025-05-13,NASDAQ,Technology Services,Packaged Software,217.5,5.81,17.9,5.68,-10.36,24.73,0.14,27.93,0.04,23,9.62,7.2,-40.8,0.84,-57.5,93.1,100,-18.69,-7.01,-1.61,-11.24,18.47,40.0,-22.77,False,False,,,,,,,,,,filing-other,
TONX,2025-08-04,NASDAQ,Technology Services,Packaged Software,217.5,9.51,59.94,114.72,34.25,118.1,0.42,1033.96,0.92,14,9.9,67.4,62.6,0.51,-5.7,0.0,66,25.05,29.91,4.47,38.59,-18.74,54.77,-19.13,False,True,20.42,33.15,0.0,10,0.0,10,0.0,10,-0.032,agreement,"1.01,7.01,8.01,9.01"
TONX,2026-05-05,NASDAQ,Technology Services,Packaged Software,217.5,2.09,11.48,27.27,14.16,14.55,0.97,4.48,0.05,12,8.82,1.0,-51.5,0.54,-92.2,88.4,100,36.91,56.22,48.93,45.92,61.37,90.56,9.44,True,True,2.66,12.41,2.152,9,1.364,22,0.909,33,2.425,none,
TONX,2026-07-01,NASDAQ,Technology Services,Packaged Software,217.5,2.55,16.08,14.12,-1.69,23.05,0.14,7.77,0.08,8,11.15,3.2,17.5,0.32,-90.1,69.8,89,-2.7,14.53,12.84,14.86,4.73,24.32,-7.09,False,False,,,,,,,,,,other-8k,"7.01,9.01"
HDSN,2025-07-31,NASDAQ,Distribution Services,Wholesale Distributors,216.8,8.32,12.14,12.86,0.64,6.59,0.48,8.83,0.85,9,2.77,24.4,44.2,0.97,4.8,0.0,100,2.36,6.11,4.82,2.89,10.18,10.83,-2.57,False,True,9.39,3.09,-1.0,1,-1.0,1,-1.0,1,-1.0,earnings,"2.02,9.01"
XPOF,2025-07-03,NYSE,Consumer Services,Other Consumer Services,216.7,7.46,21.45,35.39,11.48,12.91,0.97,4.93,0.38,7,4.9,-8.6,-43.0,0.94,-52.0,53.7,100,4.08,9.93,14.79,21.52,13.69,22.96,-2.26,False,True,10.1,11.09,-1.0,1,-1.0,1,-1.0,1,-1.0,other-8k,8.01
XPOF,2025-11-07,NYSE,Consumer Services,Other Consumer Services,216.7,6.3,10.63,1.59,-8.18,17.94,0.46,3.87,0.27,9,5.48,-15.0,-22.6,0.86,-63.1,96.0,100,-8.18,-8.61,-12.91,-15.35,-1.87,5.16,-22.81,False,False,,,,,,,,,,earnings,"2.02,9.01"
XPOF,2026-05-20,NYSE,Consumer Services,Other Consumer Services,216.7,4.83,8.7,13.25,4.19,14.41,0.48,4.22,0.36,8,6.44,-42.0,-16.7,0.65,-52.9,91.4,100,6.29,9.9,10.86,4.38,30.1,34.1,-1.14,True,True,5.47,6.53,0.532,9,0.308,1,0.308,1,0.635,filing-other,
OSS,2025-06-11,NASDAQ,Electronic Technology,Computer Processing Hardware,215.8,3.23,8.36,14.55,5.71,14.08,0.6,7.39,0.79,9,8.13,20.5,20.5,0.71,-28.3,37.2,100,-2.29,28.0,30.86,10.57,39.71,49.43,-3.14,False,True,3.7,7.84,-1.0,1,-1.0,1,-1.0,1,-1.0,none,
OSS,2026-01-08,NASDAQ,Electronic Technology,Computer Processing Hardware,215.8,7.87,9.4,11.69,2.09,16.53,0.18,6.91,1.34,2,8.32,35.9,78.9,0.51,7.6,0.0,88,-6.27,31.24,26.02,23.11,7.32,48.08,-7.67,False,True,8.79,2.96,-1.0,1,-1.0,1,-1.0,1,-1.0,filing-other,
OSS,2026-01-12,NASDAQ,Electronic Technology,Computer Processing Hardware,215.8,8.07,13.14,29.49,14.46,21.6,0.86,7.2,1.4,3,9.17,44.6,59.2,0.49,-8.1,0.0,86,23.77,18.84,18.07,15.12,4.27,39.65,-12.81,False,True,10.45,15.64,0.0,4,0.0,4,0.0,4,0.082,filing-other,
OSS,2026-01-13,NASDAQ,Electronic Technology,Computer Processing Hardware,215.8,10.45,14.55,8.13,-5.6,18.6,0.28,6.26,0.98,4,9.82,76.8,86.6,0.48,11.7,0.0,46,-2.34,-10.94,-2.51,-13.45,-21.05,2.76,-33.5,False,False,,,,,,,,,,filing-other,
OSS,2026-05-06,NASDAQ,Electronic Technology,Computer Processing Hardware,215.8,9.77,16.99,56.91,34.12,52.27,0.83,13.35,2.03,10,8.51,9.0,90.4,0.86,-10.4,3.7,100,32.11,39.28,38.76,37.27,65.35,82.68,25.02,True,True,15.33,30.3,0.0,8,0.0,8,0.0,8,0.042,filing-other,
AIRO,2026-05-28,NASDAQ,Electronic Technology,Aerospace & Defense,214.3,7.29,10.15,21.95,10.71,14.34,0.76,5.41,0.18,14,7.23,-28.3,-7.4,0.6,-79.4,90.7,100,11.83,17.81,16.69,5.35,-13.7,23.04,-17.68,False,True,8.89,9.79,-0.69,6,-1.0,9,-1.0,9,-0.242,none,
AIRO,2026-08-13,NASDAQ,Electronic Technology,Aerospace & Defense,214.3,8.49,16.96,26.15,7.85,18.99,0.43,9.16,1.09,11,6.73,8.4,-7.8,0.71,-61.7,52.9,100,-3.63,-9.57,-17.02,-19.13,-26.99,13.6,-32.43,False,True,10.71,7.56,-1.0,1,-1.0,1,-1.0,1,-1.0,earnings,"2.02,9.01"
AOUT,2025-06-27,NASDAQ,Consumer Durables,Recreational Products,213.3,11.96,10.37,-13.13,-21.29,34.44,0.11,33.11,4.92,6,4.62,-5.5,-19.9,1.0,-26.3,45.2,100,-20.83,-20.15,-21.06,-29.32,-26.67,-17.58,-30.57,False,False,,,,,,,,,,earnings,"2.02,7.01,9.01"
WHWK,2025-10-16,NASDAQ,Health Technology,Biotechnology,212.6,2.1,64.76,24.29,-24.57,53.88,0.12,791.55,10.25,10,6.52,16.7,36.4,0.92,-9.2,3.5,100,-36.13,-34.1,-29.19,-34.97,-39.6,-18.93,-41.91,False,False,,,,,,,,,,none,
WHWK,2026-05-13,NASDAQ,Health Technology,Biotechnology,212.6,3.92,10.46,25.77,13.86,24.52,0.78,26.47,0.06,5,6.39,38.5,79.8,0.71,-3.3,0.0,97,17.78,-1.85,-2.54,10.39,-6.24,26.91,-9.7,False,True,4.93,16.02,-0.861,3,-1.0,4,-1.0,4,-0.861,agreement,"1.01,3.02,7.01,9.01"
DHX,2026-02-05,NYSE,Commercial Services,Personnel Services,211.9,1.66,30.72,15.66,-11.52,21.55,0.28,17.97,1.17,3,5.28,-12.2,-38.7,1.0,-35.0,36.5,100,-8.29,29.03,6.91,15.21,23.5,41.01,-17.05,False,False,,,,,,,,,,earnings,"2.02,8.01,9.01"
ZUMZ,2025-09-05,NASDAQ,Retail Trade,Apparel/Footwear Retail,211.3,18.45,8.56,15.5,6.39,11.14,0.62,5.5,0.76,10,4.3,43.5,30.7,0.83,-17.8,21.2,100,6.04,3.74,0.95,1.55,-0.05,7.29,-3.59,False,True,21.31,6.48,-1.0,7,-1.0,7,-1.0,7,-0.795,earnings,"2.02,9.01"
ZUMZ,2025-12-05,NASDAQ,Retail Trade,Apparel/Footwear Retail,211.3,27.26,10.09,12.33,2.03,7.88,0.99,5.31,0.92,4,4.27,28.3,135.4,0.89,7.2,0.0,93,-1.3,-2.33,-2.97,-4.5,-12.0,5.63,-14.9,False,True,30.62,7.22,-1.0,8,-1.0,8,-1.0,8,-0.864,earnings,"2.02,9.01"
GSIT,2025-10-20,NASDAQ,Electronic Technology,Semiconductors,209.8,5.08,47.64,155.31,72.93,147.28,0.52,473.49,1.32,5,8.88,-5.8,96.1,0.48,27.3,0.0,84,44.8,52.27,60.67,29.33,-1.33,128.53,-10.4,False,True,12.97,43.41,-0.689,9,-0.813,13,-1.0,19,-0.551,earnings,"1.01,2.02,8.01,9.01"
GSIT,2025-10-21,NASDAQ,Electronic Technology,Semiconductors,209.8,12.97,20.89,-16.27,-30.74,61.85,0.04,15.05,0.53,1,15.96,151.8,395.0,0.48,-13.6,0.0,24,-17.79,-41.14,-27.1,-44.13,-53.19,-12.63,-57.14,False,False,,,,,,,,,,earnings,"1.01,2.02,8.01,9.01"
GSIT,2025-12-26,NASDAQ,Electronic Technology,Semiconductors,209.8,6.06,9.74,26.24,15.04,33.95,0.52,21.59,0.17,11,7.3,57.8,76.7,0.37,-63.4,64.7,60,3.76,-6.62,11.73,18.5,13.23,38.35,-6.77,False,True,7.65,14.9,-1.0,1,-1.0,1,-1.0,1,-1.0,none,
GSIT,2026-01-14,NASDAQ,Electronic Technology,Semiconductors,209.8,7.68,15.36,-3.52,-16.37,28.99,0.25,4.25,0.06,11,8.88,65.2,50.0,0.51,-51.2,56.5,69,-12.98,-1.35,-12.19,-14.9,-33.41,3.84,-34.2,False,False,,,,,,,,,,none,
GSIT,2026-05-11,NASDAQ,Electronic Technology,Semiconductors,209.8,8.45,9.94,38.7,26.16,33.69,0.78,15.42,0.12,17,9.5,32.7,0.7,0.49,-48.8,56.0,97,24.22,16.9,-3.55,13.56,-17.87,39.94,-23.79,False,True,11.72,20.73,-0.856,4,-1.0,5,-1.0,5,-0.689,filing-other,
QSI,2025-10-15,NASDAQ,Technology Services,Packaged Software,209.7,2.15,13.95,22.33,7.35,16.77,0.7,4.23,0.19,1,12.11,18.1,74.8,0.37,-57.5,26.2,86,3.67,5.51,-10.2,-12.65,-37.96,26.53,-40.41,False,True,2.63,10.46,-1.0,2,-1.0,2,-1.0,2,-1.0,filing-other,
USBC,2025-06-06,AMEX,Electronic Technology,Electronic Equipment/Instruments,209.6,0.51,101.96,205.88,51.46,131.94,0.88,107.05,13.04,2,11.81,-77.2,-94.7,0.62,-93.0,11.3,70,195.15,250.49,218.45,161.17,258.25,420.39,50.49,True,True,1.56,53.85,1.345,10,0.571,12,0.0,14,1.71,agreement,"1.01,3.02,5.02,7.01,9.01"
USBC,2025-06-09,AMEX,Electronic Technology,Electronic Equipment/Instruments,209.6,1.56,119.23,94.87,-11.11,53.73,0.36,25.84,1.09,1,17.83,-18.8,-83.8,0.62,-76.9,1.9,92,-11.7,29.53,2.92,-25.44,-3.22,56.73,-54.68,False,False,,,,,,,,,,none,
USBC,2025-08-25,AMEX,Electronic Technology,Electronic Equipment/Instruments,209.6,1.2,14.17,-2.5,-14.6,37.17,0.1,4.41,0.02,24,17.27,160.9,-61.9,0.4,-90.7,84.4,34,-16.79,-25.55,-27.74,-45.26,-33.58,-7.3,-51.09,False,False,,,,,,,,,,filing-other,
USBC,2025-10-24,AMEX,Electronic Technology,Electronic Equipment/Instruments,209.6,0.83,8.43,26.51,16.67,46.59,0.41,9.03,0.06,16,11.0,-67.3,80.4,0.33,-93.9,83.0,65,17.78,10.0,8.89,-7.78,-20.0,33.33,-21.11,False,True,1.05,16.19,-0.647,6,-1.0,7,-0.529,4,-0.549,none,
USBC,2026-01-27,AMEX,Electronic Technology,Electronic Equipment/Instruments,209.6,0.57,14.04,15.79,1.54,46.81,0.86,40.43,0.37,8,7.38,-45.7,-77.6,0.63,-93.1,82.1,90,-6.15,-29.23,-26.15,-26.15,-40.0,-1.54,-41.54,False,True,0.66,28.79,-0.684,2,-0.684,2,-0.263,1,-0.684,agreement,"1.01,7.01,9.01"
USBC,2026-05-12,AMEX,Electronic Technology,Electronic Equipment/Instruments,209.6,0.51,13.73,37.25,20.69,56.14,0.41,186.85,0.7,13,7.41,6.3,-38.6,0.9,-89.2,85.6,100,17.24,-5.17,-22.41,-36.21,-41.38,29.31,-50.0,False,True,0.7,18.57,-1.0,2,-1.0,2,-1.0,2,-1.0,filing-other,
ALEC,2025-08-08,NASDAQ,Health Technology,Biotechnology,208.8,1.46,11.64,47.26,31.9,44.16,0.9,16.69,1.1,25,7.57,40.4,-18.4,0.75,-73.5,58.0,100,36.81,33.74,38.04,54.6,69.33,88.34,22.09,True,True,2.15,28.37,0.0,6,0.0,6,0.0,6,0.016,earnings,"2.02,9.01"
FIRY,2026-07-28,NYSE,Technology Services,Data Processing Services,208.6,8.36,67.05,17.7,-29.54,53.48,0.13,160.61,0.69,25,6.56,31.4,107.4,0.67,-30.2,0.0,90,-29.54,-32.12,-33.05,-26.82,-32.83,-21.23,-35.41,False,False,,,,,,,,,,other-8k,"7.01,9.01"
GLDG,2025-09-09,AMEX,Non-Energy Minerals,Precious Metals,208.2,1.22,8.2,2.46,-5.3,9.84,0.25,4.4,1.1,2,4.02,56.4,48.8,0.87,6.5,0.0,99,-2.27,-9.85,-9.85,-6.82,7.58,10.61,-15.15,False,False,,,,,,,,,,none,
GLDG,2025-10-08,AMEX,Non-Energy Minerals,Precious Metals,208.2,1.42,16.2,15.49,-0.61,12.75,0.79,6.79,2.23,1,6.36,91.9,97.2,0.59,13.0,0.0,45,-0.61,4.85,6.06,-12.12,-24.24,9.09,-24.85,False,False,,,,,,,,,,none,
GLDG,2025-10-09,AMEX,Non-Energy Minerals,Precious Metals,208.2,1.64,9.15,0.0,-8.38,13.21,0.24,3.47,0.61,1,6.72,113.0,118.7,0.57,6.5,0.0,36,-4.47,-7.26,-8.38,-21.79,-30.17,0.0,-30.73,False,False,,,,,,,,,,filing-other,
GLDG,2026-01-26,AMEX,Non-Energy Minerals,Precious Metals,208.2,1.9,15.26,12.63,-2.28,9.66,0.35,4.68,1.13,2,5.69,35.7,134.6,0.94,14.7,0.0,91,-5.48,-13.7,-30.59,-29.22,-24.66,-1.83,-37.9,False,False,,,,,,,,,,filing-other,
NGEN,2025-06-02,NASDAQ,Health Technology,Pharmaceuticals: Major,206.4,3.79,15.04,-31.93,-40.83,196.67,0.37,8.8,2.14,2,10.97,97.4,102.7,0.67,-14.5,6.1,48,-51.61,-49.08,-41.74,-39.52,-42.89,-27.52,-56.42,True,False,,,,,,,,,,none,
NVA,2025-09-29,AMEX,Non-Energy Minerals,Precious Metals,206.2,3.06,11.11,7.25,-3.47,8.37,0.31,3.47,0.46,2,6.8,21.8,33.9,0.79,-10.5,1.5,100,-3.53,29.82,45.65,100.94,78.94,378.82,-7.03,False,False,,,,,,,,,,filing-other,
NVA,2025-10-01,AMEX,Non-Energy Minerals,Precious Metals,206.2,3.28,27.26,17.68,-7.52,17.18,0.49,5.72,0.88,2,7.01,34.1,47.0,0.76,9.8,0.0,100,5.75,18.64,12.79,161.5,59.08,290.03,-7.07,True,False,,,,,,,,,,filing-other,
NVA,2025-10-13,AMEX,Non-Energy Minerals,Precious Metals,206.2,5.382,19.66,26.94,6.09,15.9,0.51,4.82,1.07,2,9.98,190.0,144.6,0.6,17.1,0.0,31,123.11,95.59,47.58,-5.53,53.26,152.8,-11.49,False,True,6.832,7.55,0.0,6,0.0,6,0.0,6,3.724,filing-other,
NVA,2025-10-14,AMEX,Non-Energy Minerals,Precious Metals,206.2,6.832,67.54,110.3,25.53,69.23,0.71,73.1,17.53,3,10.51,272.9,173.5,0.59,56.4,0.0,30,-4.64,1.33,-40.03,-46.65,-12.9,32.62,-50.2,False,True,14.368,33.05,-1.0,4,-1.0,4,-1.0,4,-0.861,filing-other,
NVA,2025-10-16,AMEX,Non-Energy Minerals,Precious Metals,206.2,10.915,8.35,15.4,6.51,32.23,0.3,5.18,0.28,2,15.02,480.6,321.4,0.59,-27.4,37.8,30,-1.93,-41.96,-42.36,-37.68,-19.5,8.74,-51.8,False,True,12.596,8.86,-1.0,1,-1.0,1,-1.0,1,-1.0,filing-other,
ESOA,2026-02-10,NASDAQ,Industrial Services,Engineering & Construction,205.9,9.5,28.74,33.47,3.68,12.34,0.64,10.56,0.89,4,4.86,-12.4,-1.5,0.9,0.7,0.0,100,13.65,16.19,17.58,28.13,11.61,29.52,4.82,True,True,12.68,7.33,2.065,14,1.215,19,0.0,22,1.925,earnings,"2.02,9.01"
QUIK,2026-04-27,NASDAQ,Electronic Technology,Semiconductors,205.0,13.08,11.7,20.03,7.46,17.37,0.52,9.49,1.19,1,6.7,58.5,100.6,0.62,5.9,0.0,65,-7.53,9.31,25.33,41.62,55.72,62.9,-8.69,False,True,15.7,8.34,-1.0,1,-1.0,1,-1.0,1,-1.0,none,
LDI,2025-09-08,NYSE,Finance,Finance/Rental/Leasing,205.0,2.89,17.65,31.83,12.06,20.3,0.68,14.61,1.42,2,10.27,122.3,60.6,0.46,14.1,0.0,52,-3.24,24.71,32.94,2.65,-14.12,48.53,-15.74,False,True,3.81,12.07,-1.0,1,-1.0,1,-1.0,1,-1.0,filing-other,
LDI,2025-09-10,NYSE,Finance,Finance/Rental/Leasing,205.0,3.29,10.03,6.69,-3.04,13.86,0.41,3.37,0.39,3,10.93,140.1,104.3,0.48,-10.2,12.5,36,17.13,24.86,25.97,-9.94,-12.43,39.5,-21.82,False,False,,,,,,,,,,filing-other,
LDI,2025-09-15,NYSE,Finance,Finance/Rental/Leasing,205.0,4.27,12.41,5.85,-5.83,14.19,0.42,3.55,0.59,4,11.74,218.7,209.4,0.57,6.4,0.0,29,-7.5,-14.38,-27.29,-34.38,-38.96,5.21,-42.5,False,False,,,,,,,,,,filing-other,
LDI,2026-01-09,NYSE,Finance,Finance/Rental/Leasing,205.0,2.44,15.16,19.26,3.56,12.16,0.34,4.08,0.34,14,6.23,-18.9,64.9,0.7,-44.4,61.1,100,-0.36,-6.76,13.88,-8.19,-24.2,15.3,-27.4,False,True,2.91,3.95,-1.0,1,-1.0,1,-1.0,1,-1.0,none,
EXFY,2026-05-13,NASDAQ,Technology Services,Packaged Software,204.3,0.966,14.91,18.01,2.7,11.21,0.58,4.54,0.32,2,6.95,-23.9,-29.0,0.7,-58.0,72.5,100,2.7,3.6,2.7,4.5,15.32,22.52,-1.8,True,True,1.14,6.14,0.143,15,8.714,47,15.286,93,0.143,other-8k,"7.01,9.01"
EXFY,2026-08-07,NASDAQ,Technology Services,Packaged Software,204.3,1.98,9.6,35.86,23.96,30.23,0.83,4.76,0.47,4,5.92,78.4,42.4,0.3,3.1,0.0,45,13.82,2.3,5.99,21.66,9.68,29.49,-6.91,False,True,2.69,20.07,-1.0,2,-1.0,2,-1.0,2,-1.0,earnings,"2.02,7.01,9.01"
TROO,2025-09-24,NASDAQ,Finance,Finance/Rental/Leasing,204.0,1.23,8.94,-7.32,-14.93,50.91,0.07,5.23,0.01,17,10.3,66.2,55.7,0.48,-60.9,7.0,66,-5.22,-1.49,-4.48,-1.49,11.94,14.93,-15.67,True,False,,,,,,,,,,none,
AUC,2025-07-11,NASDAQ,Finance,Investment Managers,203.6,7.038,53.2,38.11,-9.85,47.96,0.46,63.8,4.05,5,17.49,-62.4,-72.2,0.49,-76.0,62.5,71,-16.53,10.52,-11.35,-29.72,-43.61,36.89,-51.03,False,False,,,,,,,,,,none,
AUC,2025-09-15,NASDAQ,Finance,Investment Managers,203.6,8.88,12.61,9.01,-3.2,32.67,0.23,5.08,0.03,15,11.77,17.5,-56.0,0.7,-77.8,31.4,100,-9.3,-10.1,-15.5,-3.7,-13.3,10.0,-22.2,False,False,,,,,,,,,,none,
KLTR,2025-11-11,NASDAQ,Technology Services,Packaged Software,201.4,1.47,19.05,25.17,5.14,17.54,0.43,104.86,10.82,5,6.14,-9.8,-36.1,1.0,-37.9,77.8,100,-0.57,-4.57,-9.71,-16.57,2.29,7.43,-20.29,False,True,1.84,7.07,-1.0,1,-1.0,1,-1.0,1,-1.0,earnings,"2.02,3.02,7.01,8.01,9.01"
XGN,2026-05-11,NASDAQ,Health Services,Medical/Nursing Services,201.1,2.95,13.9,34.92,18.45,34.09,0.86,29.95,2.54,20,6.13,-12.5,-71.6,0.89,-72.5,83.9,100,10.42,14.58,3.87,37.5,28.27,65.18,-1.79,True,True,3.98,22.61,0.622,16,0.244,19,0.178,42,0.367,earnings,"2.02,9.01"
XGN,2026-08-04,NASDAQ,Health Services,Medical/Nursing Services,201.1,4.68,22.86,37.82,12.17,18.99,0.65,12.75,0.44,18,8.3,51.0,22.2,0.83,-53.0,38.2,100,15.65,19.48,17.74,14.61,23.83,39.01,11.13,True,True,6.45,11.01,0.197,10,0.732,26,,,0.329,earnings,"2.02,9.01"
RBKB,2026-02-11,NASDAQ,Finance,Regional Banks,200.1,8.7473,15.47,23.81,7.23,14.63,0.51,22.31,0.36,16,3.24,26.6,-6.1,0.86,0.9,0.0,100,8.79,10.91,8.86,13.39,13.47,16.94,1.7,True,True,10.8304,6.94,0.0,4,0.0,4,0.0,4,0.165,other-8k,"8.01,9.01"
CHCI,2026-08-13,NASDAQ,Consumer Durables,Homebuilding,200.0,14.85,11.04,13.67,2.37,14.2,0.33,4.01,0.24,5,4.73,-12.7,31.6,1.0,-16.4,19.1,100,3.27,15.59,12.55,20.5,21.71,33.84,-1.15,True,True,16.88,4.44,4.253,20,3.107,21,,,3.804,earnings,"2.02,9.01"
MPAA,2026-06-08,NASDAQ,Producer Manufacturing,Auto Parts: OEM,199.7,10.59,32.29,34.56,1.71,18.24,0.56,15.04,0.27,52,4.32,4.3,-18.4,1.0,-22.7,25.2,100,-5.78,6.71,6.0,6.71,-0.71,17.27,-6.64,True,True,14.25,9.19,0.0,12,0.0,12,0.0,12,0.178,earnings,"2.02,9.01"
CMT,2026-03-10,AMEX,Producer Manufacturing,Industrial Machinery,199.2,18.05,10.03,8.37,-1.51,10.07,0.26,3.07,0.41,7,4.05,-3.7,-9.1,1.0,-10.9,16.9,100,-6.95,-2.72,3.02,6.04,15.91,17.82,-7.85,False,False,,,,,,,,,,earnings,"2.02,8.01,9.01"
SES,2025-04-25,NYSE,Producer Manufacturing,Electrical Products,198.4,0.869,30.03,18.53,-8.85,22.55,0.04,3.27,0.36,5,14.69,-23.1,25.9,0.33,-55.3,25.9,90,-7.08,-20.44,-27.88,-22.83,-15.75,-5.31,-30.97,False,False,,,,,,,,,,earnings,"2.02,7.01,9.01"
SES,2025-09-22,NYSE,Producer Manufacturing,Electrical Products,198.4,1.58,8.23,17.09,8.19,16.77,0.89,5.72,0.13,60,7.75,89.2,199.8,0.68,-32.4,8.9,36,10.53,8.19,2.34,42.11,91.23,118.13,-8.19,False,True,1.85,12.97,-1.0,6,-1.0,6,-1.0,6,-0.667,none,
SES,2025-09-23,NYSE,Producer Manufacturing,Electrical Products,198.4,1.85,8.65,2.16,-5.97,17.3,0.12,6.59,0.17,48,8.15,99.4,215.2,0.68,-20.6,7.6,36,-5.47,-7.46,-16.92,34.83,41.29,85.57,-21.89,False,False,,,,,,,,,,none,
SES,2025-10-07,NYSE,Producer Manufacturing,Electrical Products,198.4,2.43,9.88,11.52,1.5,18.68,0.29,4.25,0.2,11,11.12,173.3,326.3,0.65,5.5,0.0,34,3.37,13.11,18.73,6.37,-22.1,39.7,-22.85,False,True,2.71,5.17,0.929,10,0.0,11,0.0,11,1.357,none,
SES,2026-04-24,NYSE,Producer Manufacturing,Electrical Products,198.4,1.22,9.02,-4.92,-12.78,19.47,0.14,3.8,0.29,20,7.77,-49.2,-50.8,0.37,-64.3,53.3,86,-19.55,-23.31,-21.05,-30.15,-8.27,-7.52,-32.33,False,False,,,,,,,,,,earnings,"2.02,5.02,7.01,9.01"
VLN,2025-07-24,NYSE,Electronic Technology,Semiconductors,198.2,2.9,11.38,7.59,-3.41,12.08,0.39,12.02,1.9,7,7.5,22.9,-4.0,0.94,-7.7,4.2,100,-3.41,-23.22,-25.7,-34.37,-35.6,3.1,-38.39,False,False,,,,,,,,,,filing-other,
VLN,2026-01-09,NYSE,Electronic Technology,Semiconductors,198.2,1.56,9.62,58.97,45.03,66.87,0.78,89.71,7.71,8,4.32,-15.2,-43.5,0.97,-51.1,79.7,100,35.09,22.22,16.37,7.6,-11.11,47.95,-17.54,False,True,2.48,34.27,-0.635,6,-0.753,11,-0.953,15,-0.576,filing-other,
RILY,2025-12-16,NASDAQ,Finance,Investment Banks/Brokers,197.8,3.72,27.15,53.76,20.93,38.76,0.8,34.14,1.18,8,8.57,-50.6,27.8,0.51,-40.1,50.4,94,-0.21,6.34,-2.11,-1.27,100.85,131.92,-13.11,False,True,5.72,23.78,-1.0,2,-1.0,2,-0.735,1,-1.0,earnings,"2.02,9.01"
RILY,2026-01-15,NASDAQ,Finance,Investment Banks/Brokers,197.8,7.54,33.16,25.99,-5.38,20.02,0.2,7.94,0.71,3,14.1,28.9,30.2,0.68,21.3,0.0,100,-11.45,-4.78,-2.69,-16.73,-32.07,5.28,-35.16,False,False,,,,,,,,,,earnings,"2.02,9.01"
GDEV,2025-09-29,NASDAQ,Technology Services,Packaged Software,197.4,26.0,29.19,8.62,-15.93,19.75,0.03,3.05,0.11,24,15.98,72.4,107.4,0.81,-21.4,2.5,61,-18.58,5.89,7.77,-18.31,-27.48,25.63,-37.81,False,False,,,,,,,,,,none,
GDEV,2025-12-01,NASDAQ,Technology Services,Packaged Software,197.4,17.21,9.76,43.57,30.8,33.0,0.95,9.53,0.17,67,6.83,10.8,11.1,0.56,-55.2,39.2,100,12.23,-10.27,-2.11,-15.09,-20.59,30.76,-23.77,False,True,24.709,23.83,-1.0,2,-0.596,1,-0.596,1,-1.0,none,
GDEV,2026-04-02,NASDAQ,Technology Services,Packaged Software,197.4,13.86,8.15,7.5,-0.6,1.42,0.52,3.2,0.03,91,2.83,-7.6,-51.9,0.89,-64.5,70.1,100,-3.94,-4.94,-8.47,12.58,9.81,25.48,-11.94,False,False,,,,,,,,,,none,
BETR,2025-09-23,NASDAQ,Finance,Finance/Rental/Leasing,194.5,49.98,37.64,35.55,-1.52,27.12,0.55,23.86,1.1,1,17.12,305.4,303.7,0.52,-26.9,0.0,26,-2.59,-22.93,-18.39,-12.2,8.86,22.77,-31.28,False,False,,,,,,,,,,filing-other,
BAFN,2025-09-29,NASDAQ,Finance,Regional Banks,194.4,8.9,18.54,16.52,-1.71,9.35,0.0,3.79,0.42,5,3.39,-36.4,-51.0,0.49,-46.6,77.3,100,-0.85,-4.36,-1.42,-12.32,-10.81,2.41,-14.22,False,False,,,,,,,,,,agreement,"1.01,7.01,8.01,9.01"
BAFN,2026-03-17,NASDAQ,Finance,Regional Banks,194.4,5.28,10.8,13.83,2.74,15.17,0.83,3.25,0.32,10,7.09,-34.8,-38.4,0.79,-70.4,97.8,100,-1.37,0.17,2.74,8.55,27.35,29.06,-2.82,True,True,6.01,11.15,-0.358,1,-0.358,1,-0.358,1,-0.358,none,
GCTS,2026-01-29,NYSE,Electronic Technology,Semiconductors,194.1,0.991,17.05,27.14,8.62,65.77,0.21,505.14,48.97,12,7.89,-30.7,-30.7,0.81,-53.0,81.9,100,0.0,3.45,8.62,6.9,-5.17,27.59,-13.79,False,True,1.26,11.9,-1.0,2,-1.0,2,-0.667,1,-1.0,other-8k,"8.01,9.01"
GCTS,2026-05-18,NYSE,Electronic Technology,Semiconductors,194.1,1.83,12.57,40.98,25.24,34.0,0.85,18.41,0.35,4,11.66,50.0,44.1,0.76,-8.4,0.0,98,35.92,67.48,60.19,67.96,28.16,90.78,4.85,True,True,2.58,22.48,1.138,11,0.0,14,0.0,14,1.259,none,
GCTS,2026-05-20,NYSE,Electronic Technology,Semiconductors,194.1,2.8,15.18,-2.14,-15.04,22.73,0.17,3.26,0.11,2,14.47,124.0,109.0,0.73,11.3,0.0,49,6.98,2.33,15.66,-1.4,-1.4,21.86,-25.58,False,False,,,,,,,,,,none,
ALTG,2025-07-08,NYSE,Distribution Services,Wholesale Distributors,193.7,7.41,8.37,16.06,7.1,13.65,0.64,5.47,1.2,2,5.4,79.9,13.1,0.56,-6.6,3.3,58,7.1,-0.5,-4.36,-4.98,-9.22,9.22,-10.59,False,True,8.6,8.02,-1.0,4,-1.0,4,-1.0,4,-0.961,none,
AREC,2025-04-17,NASDAQ,Energy Minerals,Coal,193.6,1.11,13.06,16.22,2.79,47.37,0.28,9.01,0.62,2,22.49,56.3,8.8,0.51,-6.3,0.2,77,-1.99,-12.35,-17.13,-33.86,-25.82,13.15,-42.63,False,True,1.29,11.63,-1.0,1,-1.0,1,-1.0,1,-1.0,none,
AREC,2025-08-19,NASDAQ,Energy Minerals,Coal,193.6,1.27,14.96,-0.79,-13.7,24.39,0.1,6.39,0.15,9,14.67,40.8,110.3,0.37,-25.1,4.5,62,-9.59,21.92,43.84,23.29,73.97,91.78,-19.18,False,False,,,,,,,,,,filing-other,
AREC,2025-10-13,NASDAQ,Energy Minerals,Coal,193.6,4.08,8.7,22.06,12.29,25.97,0.8,5.56,0.25,7,12.87,191.4,748.2,0.29,-7.8,0.0,12,53.55,-4.17,6.65,-22.44,-6.43,60.32,-31.91,False,True,4.98,17.27,0.0,2,0.0,2,0.0,2,0.0,agreement,"1.01,3.02,8.01,9.01"
AREC,2025-10-14,NASDAQ,Energy Minerals,Coal,193.6,4.98,20.68,36.75,13.31,39.96,0.85,8.83,0.45,6,13.22,277.3,684.3,0.29,15.8,0.0,12,-16.64,-33.44,-29.62,-42.6,-36.11,2.41,-49.75,False,True,6.81,25.4,-1.0,1,-1.0,1,-1.0,1,-1.0,agreement,"1.01,3.02,8.01,9.01"
AREC,2025-11-03,NASDAQ,Energy Minerals,Coal,193.6,3.85,28.31,3.9,-19.03,26.99,0.1,4.55,0.47,5,18.18,193.9,398.7,0.21,-30.5,11.1,7,-20.04,-26.92,-15.99,-36.64,-42.11,-13.97,-49.39,False,False,,,,,,,,,,other-8k,"7.01,9.01"
VRXA,2026-06-09,NASDAQ,Health Technology,Biotechnology,193.5,12.9,8.53,34.11,23.57,55.48,0.87,6.14,0.03,39,16.97,21.4,22.1,0.84,-10.7,0.0,100,22.25,42.86,-32.43,-83.57,-82.29,95.43,-87.86,False,True,17.3,32.49,0.0,3,0.0,3,0.0,3,0.16,filing-other,
VRXA,2026-06-11,NASDAQ,Health Technology,Biotechnology,193.5,17.115,8.97,44.84,32.92,79.41,0.79,3.11,0.02,31,17.9,55.6,61.9,0.81,2.7,0.0,95,7.24,-49.28,-75.98,-87.56,-88.53,39.46,-90.88,False,True,24.79,38.48,-1.0,3,-1.0,3,-1.0,3,-1.202,filing-other,
PERF,2026-03-18,NYSE,Technology Services,Packaged Software,192.5,1.35,26.67,29.63,2.34,11.59,0.58,65.88,4.61,11,6.19,-23.3,-32.2,0.92,-36.0,85.0,100,-5.26,-0.58,-1.17,-4.68,1.75,2.34,-8.19,False,True,1.75,6.29,-1.0,1,-1.0,1,-1.0,1,-1.0,filing-other,
PERF,2026-07-10,NYSE,Technology Services,Packaged Software,192.5,1.74,10.06,10.34,0.26,2.11,0.5,57.67,0.68,11,1.89,6.7,-2.2,1.0,-28.3,35.3,100,0.78,0.26,0.26,0.78,0.26,1.04,-0.26,True,True,1.92,1.04,0.0,12,-0.5,18,-1.0,21,0.0,filing-other,
FC,2026-04-02,NYSE,Commercial Services,Miscellaneous Commercial Services,190.2,16.15,9.16,44.4,32.27,35.56,0.91,10.66,2.43,2,5.6,-3.8,-14.6,0.35,-37.9,64.6,91,31.93,23.48,22.23,33.75,21.84,38.29,17.07,True,True,23.32,24.4,-0.257,14,-0.359,16,0.0,51,-0.262,earnings,"2.02,7.01,9.01"
TARA,2025-09-22,NASDAQ,Health Technology,Pharmaceuticals: Major,189.7,3.19,20.69,15.05,-4.68,16.76,0.15,19.01,0.03,17,4.46,10.8,-30.7,1.0,-63.3,77.5,100,-7.01,11.43,14.55,26.49,44.42,53.77,-8.31,False,False,,,,,,,,,,none,
CNTN,2025-08-20,NASDAQ,Technology Services,Data Processing Services,189.6,1.17,20.94,206.84,153.71,202.24,0.83,3679.14,5.98,11,9.16,-20.9,-39.4,0.73,-77.9,92.8,100,251.24,444.88,250.53,181.98,87.99,541.7,79.51,True,True,3.59,62.67,0.524,9,0.0,11,0.0,11,0.96,filing-other,
CNTN,2025-08-21,NASDAQ,Technology Services,Data Processing Services,189.6,3.59,38.3,38.44,0.1,47.46,0.43,9.21,0.31,1,19.11,165.9,92.7,0.71,-22.3,0.0,55,-4.93,23.06,21.85,-25.88,-27.49,82.88,-49.04,False,True,4.97,16.9,0.0,4,0.0,4,0.0,4,0.452,filing-other,
CNTN,2025-11-03,NASDAQ,Technology Services,Data Processing Services,189.6,2.95,129.15,8.47,-52.66,128.9,0.05,147.77,0.13,22,8.83,141.8,89.1,0.62,-25.6,10.8,51,-52.07,-38.61,-45.71,-58.88,-64.94,-22.04,-67.74,False,False,,,,,,,,,,agreement,"1.01,3.02,8.01,9.01"
DGXX,2025-05-22,NASDAQ,Technology Services,Data Processing Services,187.3,1.45,10.34,-2.76,-11.88,41.38,0.52,17.05,0.71,1,12.21,-25.6,-16.7,0.6,-57.6,39.8,100,-1.25,-14.38,-20.63,-5.63,48.12,95.0,-26.25,True,False,,,,,,,,,,filing-other,
DGXX,2025-06-10,NASDAQ,Technology Services,Data Processing Services,187.3,1.74,8.05,17.82,9.04,18.29,0.94,3.99,0.15,2,13.13,48.7,-3.3,0.59,-50.1,21.5,88,23.4,20.21,52.66,27.13,39.89,71.81,6.38,True,True,2.05,14.63,1.067,8,1.933,20,1.867,44,0.945,filing-other,
DGXX,2025-07-17,NASDAQ,Technology Services,Data Processing Services,187.3,3.1,11.61,7.42,-3.76,16.67,0.4,13.0,0.6,3,14.2,216.0,108.1,0.43,-8.2,1.8,31,6.07,3.47,-9.25,-13.01,-18.5,22.83,-27.75,False,False,,,,,,,,,,filing-other,
DGXX,2025-10-06,NASDAQ,Technology Services,Data Processing Services,187.3,2.64,8.71,10.23,1.39,12.0,0.48,3.21,0.09,10,8.3,-3.3,149.1,0.73,-32.5,24.7,84,-3.48,-8.01,12.89,57.84,119.16,136.24,-11.32,False,True,2.91,5.5,-1.0,1,-1.0,1,-1.0,1,-1.0,none,
DGXX,2025-10-15,NASDAQ,Technology Services,Data Processing Services,187.3,3.34,10.78,6.29,-4.05,22.29,0.31,6.41,0.25,5,10.25,0.3,240.5,0.71,-12.9,0.0,83,-3.51,22.43,19.46,27.03,10.54,83.24,-8.11,True,False,,,,,,,,,,filing-other,
DGXX,2025-10-16,NASDAQ,Technology Services,Data Processing Services,187.3,3.55,10.99,0.56,-9.39,16.18,0.31,3.76,0.17,5,10.87,-3.3,218.4,0.71,-7.3,0.0,83,-2.28,5.33,10.91,40.61,-6.85,72.08,-11.17,True,False,,,,,,,,,,filing-other,
DGXX,2025-10-20,NASDAQ,Technology Services,Data Processing Services,187.3,3.85,15.32,17.66,2.03,20.24,0.49,5.34,0.32,5,12.12,7.5,322.6,0.71,3.0,0.0,83,-6.53,-1.58,29.95,41.67,-16.67,52.7,-29.95,False,True,4.53,8.94,-1.0,1,-1.0,1,-1.0,1,-1.0,filing-other,
DGXX,2025-10-27,NASDAQ,Technology Services,Data Processing Services,187.3,4.59,8.06,25.71,16.33,27.45,0.83,4.5,0.42,5,15.07,49.5,285.7,0.71,0.0,0.0,65,6.65,11.69,26.81,-0.6,-13.91,36.69,-40.93,False,True,5.77,18.54,-1.0,2,-1.0,2,-1.0,2,-1.0,none,
DGXX,2026-05-05,NASDAQ,Technology Services,Data Processing Services,187.3,3.95,35.19,29.37,-4.31,20.59,0.41,54.87,4.32,19,9.96,44.2,-34.5,0.68,-21.2,7.9,98,16.85,24.16,57.12,44.57,42.7,72.28,-0.75,True,False,,,,,,,,,,filing-other,
DGXX,2026-05-11,NASDAQ,Technology Services,Data Processing Services,187.3,6.63,11.92,12.07,0.13,12.85,0.29,4.77,0.33,2,11.77,172.8,27.5,0.6,9.1,0.0,61,13.07,-2.7,-2.43,9.16,-20.49,23.99,-24.39,False,True,7.43,3.63,-1.0,1,-1.0,1,-1.0,1,-1.0,filing-other,
ALXO,2025-09-19,NASDAQ,Health Technology,Biotechnology,186.7,1.09,12.84,11.01,-1.63,18.64,0.14,3.01,0.23,4,11.22,125.2,45.5,0.25,-40.0,47.4,40,3.25,26.02,52.03,77.24,21.95,84.55,-8.13,False,False,,,,,,,,,,filing-other,
ALXO,2026-01-30,NASDAQ,Health Technology,Biotechnology,186.7,1.57,16.24,10.83,-4.66,18.4,0.37,10.58,0.14,38,10.72,-1.3,176.4,0.87,-19.6,3.5,92,-7.95,10.14,12.33,21.1,16.16,45.75,-9.59,True,False,,,,,,,,,,agreement,"1.01,8.01,9.01"
AP,2025-05-19,NYSE,Non-Energy Minerals,Steel,185.9,2.74,8.03,14.6,6.08,11.35,1.0,3.87,1.11,4,9.53,26.3,60.2,0.94,-5.1,0.0,100,0.34,1.35,2.03,18.58,3.38,34.8,-8.78,False,True,3.14,10.19,-1.0,2,-1.0,2,-1.0,2,-1.0,filing-other,
AP,2025-06-03,NYSE,Non-Energy Minerals,Steel,185.9,3.47,12.97,1.15,-10.46,16.33,0.14,4.38,1.1,1,10.78,75.3,71.8,0.75,9.2,0.0,69,-8.16,-5.61,-16.84,-21.94,-26.02,-3.32,-28.57,False,False,,,,,,,,,,none,
AP,2025-11-13,NYSE,Non-Energy Minerals,Steel,185.9,1.91,9.95,13.61,3.33,28.57,0.12,26.0,4.48,10,7.43,-35.0,-15.5,0.62,-47.4,75.6,100,17.14,24.76,16.67,23.33,72.86,78.57,1.9,True,True,2.17,3.23,4.429,11,48.571,52,63.714,83,5.096,earnings,"2.02,9.01"
CUE,2026-01-22,NASDAQ,Health Technology,Biotechnology,185.3,11.28,12.77,-2.93,-13.92,30.31,0.11,3.52,0.87,5,17.16,-54.4,-57.8,0.33,-72.5,52.7,81,-10.38,-7.78,-14.86,-25.47,-32.78,-5.9,-33.96,False,False,,,,,,,,,,none,
CUE,2026-04-07,NASDAQ,Health Technology,Biotechnology,185.3,5.31,18.08,6.21,-10.05,31.98,0.29,40.28,3.35,6,11.23,-53.8,-75.7,0.67,-79.7,97.3,87,31.1,140.19,109.57,220.57,457.26,506.06,-13.88,True,False,,,,,,,,,,other-8k,8.01
CUE,2026-05-01,NASDAQ,Health Technology,Biotechnology,185.3,14.74,128.97,106.38,-9.87,46.44,0.37,26.66,2.44,3,42.71,46.7,-28.8,0.63,9.0,0.0,93,-11.56,0.68,3.7,-31.82,-28.7,22.73,-46.07,False,False,,,,,,,,,,agreement,"1.01,3.02,5.02,8.01,9.01"
CUE,2026-07-10,NASDAQ,Health Technology,Biotechnology,185.3,36.51,11.12,0.74,-9.34,23.74,0.0,3.11,0.02,21,15.0,315.4,214.5,0.38,-2.1,0.0,18,-23.79,-29.78,-23.19,-20.83,-33.15,-9.19,-37.74,False,False,,,,,,,,,,agreement,"1.01,3.02,5.02,8.01,9.01"
SIDU,2025-09-12,NASDAQ,Electronic Technology,Telecommunications Equipment,185.2,1.3,18.46,1.54,-14.29,37.98,0.06,18.51,0.05,18,5.75,-19.8,-25.7,0.54,-79.9,85.1,100,-38.9,-31.17,-29.87,-34.42,-21.43,-4.35,-39.55,False,False,,,,,,,,,,equity-sale,
SIDU,2025-12-22,NASDAQ,Electronic Technology,Telecommunications Equipment,185.2,1.16,67.67,97.41,17.74,43.89,0.62,113.21,14.63,5,14.9,8.4,-27.0,0.44,-71.2,32.5,97,-15.17,-0.77,37.28,138.56,91.77,177.12,-30.59,False,True,2.29,21.4,-1.0,1,-1.0,1,-1.0,1,-1.0,agreement,"1.01,8.01,9.01"
SIDU,2025-12-24,NASDAQ,Electronic Technology,Telecommunications Equipment,185.2,1.65,15.15,33.33,15.79,24.87,0.66,4.44,0.22,2,17.48,61.8,-8.3,0.41,-71.9,56.4,66,1.58,40.53,127.89,111.05,84.74,183.68,-7.11,False,True,2.2,14.09,-1.0,1,-1.0,1,-1.0,1,-1.0,agreement,"1.01,8.01,9.01"
SIDU,2025-12-26,NASDAQ,Electronic Technology,Telecommunications Equipment,185.2,2.2,36.36,-12.27,-35.67,91.5,0.1,9.29,0.52,3,18.32,117.8,34.1,0.49,-55.6,7.3,55,-14.33,4.67,32.0,13.67,20.67,79.67,-26.67,True,False,,,,,,,,,,none,
SIDU,2025-12-29,NASDAQ,Electronic Technology,Telecommunications Equipment,185.2,1.93,15.03,33.16,15.77,24.09,0.7,4.02,0.3,2,22.4,80.4,11.6,0.48,-67.1,41.4,54,20.27,95.05,122.52,40.09,51.35,142.79,13.06,True,True,2.57,14.4,2.27,9,2.541,18,0.0,23,3.099,agreement,"1.01,8.01,9.01"
SIDU,2026-01-02,NASDAQ,Electronic Technology,Telecommunications Equipment,185.2,3.14,16.4,37.9,18.47,26.86,0.88,3.65,0.38,3,27.27,182.9,81.5,0.43,-45.9,0.9,42,8.34,26.95,9.71,-7.8,-29.41,47.47,-29.96,False,True,4.33,19.17,-1.0,6,-1.0,6,-1.0,6,-0.542,none,
SIDU,2026-04-08,NASDAQ,Electronic Technology,Telecommunications Equipment,185.2,3.79,12.14,-3.96,-14.35,25.07,0.27,3.29,0.11,20,17.86,-23.3,226.7,0.57,-21.2,15.6,74,-21.41,16.0,14.82,-4.59,-23.06,40.94,-32.47,False,False,,,,,,,,,,none,
OSG,2026-05-07,NYSE,Finance,Specialty Insurance,184.7,4.22,26.78,43.36,13.08,16.6,0.85,14.32,1.71,7,6.16,-32.0,-49.0,0.71,-48.5,87.4,100,0.37,9.35,6.36,7.29,2.06,16.64,-5.61,False,True,6.05,12.4,-1.0,2,-1.0,2,-1.0,2,-1.0,earnings,"2.02,9.01"
CRNT,2026-07-21,NASDAQ,Electronic Technology,Telecommunications Equipment,184.5,2.12,8.96,7.55,-1.3,7.69,0.41,9.33,1.45,3,5.66,-17.2,-10.2,0.89,-29.8,48.6,100,-2.6,-7.79,-7.36,-0.43,-8.66,3.03,-10.82,False,False,,,,,,,,,,filing-other,
DERM,2026-05-14,NASDAQ,Health Technology,Pharmaceuticals: Major,183.2,5.19,19.27,22.35,2.58,17.72,0.64,3.69,0.46,4,5.81,-32.7,-42.7,0.52,-35.2,78.3,100,2.26,-0.65,0.32,1.94,2.42,5.82,-6.79,True,True,6.35,10.24,-0.554,8,-0.431,18,0.0,28,-0.472,earnings,"2.02,9.01"
DERM,2026-08-13,NASDAQ,Health Technology,Pharmaceuticals: Major,183.2,6.43,14.31,3.42,-9.52,16.64,0.09,4.07,0.33,6,5.21,23.9,-19.5,0.98,-23.1,34.1,100,-8.57,-9.39,1.9,2.45,-1.63,10.88,-12.38,False,False,,,,,,,,,,earnings,"2.02,9.01"
FNWD,2026-07-22,NASDAQ,Finance,Savings Banks,182.7,36.49,18.17,22.75,3.87,3.87,1.0,9.11,0.65,3,3.32,12.7,0.9,1.0,7.8,0.0,100,3.43,2.6,2.6,4.99,0.23,6.45,0.23,True,True,44.79,3.73,-0.198,11,-0.18,19,-1.0,24,-0.242,agreement,"1.01,7.01,9.01"
MSLE,2026-03-10,NASDAQ,Health Technology,Pharmaceuticals: Major,182.5,11.65,11.16,-18.11,-26.33,58.9,0.29,7.75,2.34,1,6.03,100.6,105.7,0.08,-3.3,1.9,11,-22.78,-38.22,-43.55,-45.41,-51.74,-20.15,-57.53,False,False,,,,,,,,,,filing-other,
MSLE,2026-06-29,NASDAQ,Health Technology,Pharmaceuticals: Major,182.5,7.08,8.76,11.44,2.47,6.93,0.49,4.11,0.27,16,6.99,14.4,22.9,0.7,-42.5,43.9,100,0.97,-3.64,6.62,16.95,22.86,38.96,-6.88,False,True,7.89,3.28,-1.0,1,-1.0,1,-1.0,1,-1.0,filing-other,
CHRS,2026-01-23,NASDAQ,Health Technology,Pharmaceuticals: Major,182.3,1.59,17.3,29.56,10.46,18.58,0.68,18.1,4.4,2,7.96,-5.4,55.9,0.68,-1.3,0.0,100,22.25,18.77,15.82,14.75,-13.14,40.27,-15.28,False,True,2.06,11.17,0.13,9,0.0,10,0.0,10,0.311,equity-sale,"8.01,9.01"
CHRS,2026-08-18,NASDAQ,Health Technology,Pharmaceuticals: Major,182.3,1.15,9.57,16.52,6.35,11.48,0.86,4.03,0.16,15,6.85,-22.8,-28.6,0.9,-51.8,89.1,100,5.56,12.7,8.73,8.73,-3.17,17.46,-3.97,False,True,1.34,8.96,0.0,9,-0.083,1,-0.083,1,0.222,agreement,"1.01,1.02,2.03,7.01,8.01,9.01"
DFDV,2025-08-13,NASDAQ,Finance,Financial Conglomerates,181.7,17.84,16.26,4.48,-10.13,19.85,0.12,3.52,0.05,4,14.0,36.8,2368.0,0.38,-61.5,17.0,57,-5.64,-12.97,-15.21,-26.42,-22.76,-2.12,-29.7,False,False,,,,,,,,,,earnings,"2.02,9.01"
DFDV,2026-08-20,NASDAQ,Finance,Financial Conglomerates,181.7,3.42,8.48,10.23,1.62,7.82,0.21,4.74,0.55,15,7.8,-20.1,-10.1,0.86,-81.7,80.5,100,6.2,23.45,42.32,63.88,63.34,73.32,3.77,True,True,3.77,1.59,23.333,14,14.5,17,,,20.055,filing-other,
MINE,2026-08-17,AMEX,Non-Energy Minerals,Precious Metals,179.9,2.7,8.52,9.26,0.68,8.54,0.58,14.81,0.22,11,6.47,-5.6,-32.3,0.87,-40.0,75.0,100,0.68,4.78,10.58,8.87,-1.71,16.04,-3.75,True,True,2.95,4.75,0.929,9,0.5,17,0.0,19,0.905,none,
MRLN,2026-03-23,NASDAQ,Technology Services,Packaged Software,179.9,8.0,8.5,22.0,12.44,21.13,0.81,4.33,0.14,17,8.95,-25.8,-22.6,0.9,-34.3,97.5,100,41.94,28.46,-7.83,-27.42,39.86,95.85,-32.26,False,True,9.76,14.65,0.0,4,0.0,4,0.0,4,0.324,filing-other,
MRLN,2026-06-05,NASDAQ,Technology Services,Packaged Software,179.9,7.18,27.99,19.78,-6.42,23.35,0.15,16.13,2.68,2,13.02,-31.4,-32.6,0.49,-45.9,64.4,100,-14.15,-23.29,-25.9,-31.45,-52.56,-0.82,-52.99,False,False,,,,,,,,,,none,
STIM,2026-02-11,NASDAQ,Health Technology,Medical Specialties,179.8,1.46,28.08,23.29,-3.74,28.31,0.3,13.06,2.51,5,11.71,-31.8,-62.2,0.57,-68.4,75.7,89,-15.51,-23.53,-28.34,-24.06,-32.09,-2.73,-37.43,False,False,,,,,,,,,,earnings,"2.02,9.01"
STIM,2026-08-11,NASDAQ,Health Technology,Medical Specialties,179.8,2.17,26.04,47.0,16.64,26.94,0.66,15.24,1.31,8,12.22,44.2,45.6,0.4,-36.5,16.2,81,17.37,20.66,15.17,8.96,11.15,25.78,-2.38,False,True,3.19,15.05,-0.396,8,-0.729,14,-1.0,16,-0.188,earnings,"2.02,7.01,9.01"
ORGO,2025-11-07,NASDAQ,Health Technology,Medical Specialties,178.2,3.89,31.36,44.73,10.18,24.25,0.53,42.07,0.56,11,4.46,-15.7,27.1,1.0,-23.8,28.4,100,27.98,26.81,19.37,9.39,-8.81,38.49,-9.1,False,True,5.63,11.37,0.0,7,0.0,7,0.0,7,0.443,earnings,"2.02,9.01"
ORGO,2026-04-07,NASDAQ,Health Technology,Medical Specialties,178.2,2.24,11.16,0.89,-9.24,17.94,0.07,23.5,0.56,11,5.12,-49.2,-47.8,0.57,-64.8,96.8,99,-4.02,-4.42,0.8,-3.21,4.02,9.64,-10.64,False,False,,,,,,,,,,none,
TORO,2025-06-13,NASDAQ,Transportation,Marine Shipping,178.0,2.0,8.0,23.0,13.89,19.81,0.95,222.47,11.84,9,4.94,-14.2,-19.0,0.73,-38.6,78.2,100,2.31,6.94,0.69,0.93,32.41,56.02,-9.72,False,True,2.46,15.85,-0.731,5,-1.0,6,-1.0,6,-0.616,none,
TORO,2025-07-10,NASDAQ,Transportation,Marine Shipping,178.0,2.25,14.67,31.56,14.73,33.2,0.51,15.61,0.76,1,8.27,12.5,-25.2,0.92,-26.7,23.2,100,16.28,10.85,17.05,17.05,10.08,25.58,6.59,True,True,2.96,14.53,0.07,15,-0.116,17,-0.558,37,-0.031,filing-other,
TORO,2025-12-05,NASDAQ,Transportation,Marine Shipping,178.0,4.13,23.73,40.44,13.5,20.93,0.85,345.21,2.29,21,7.19,53.0,106.5,0.76,3.4,0.0,76,3.72,2.94,-0.78,8.41,11.74,16.44,-3.13,True,True,5.8,15.17,-0.636,9,-0.386,28,-1.0,29,-0.629,filing-other,
TORO,2026-04-22,NASDAQ,Transportation,Marine Shipping,178.0,3.91,9.21,72.76,58.2,80.33,0.72,398.64,1.41,21,5.67,-6.9,-3.5,1.0,-30.6,44.4,100,56.21,75.88,68.38,32.79,23.19,99.06,16.63,True,True,6.755,36.79,0.0,4,0.0,4,0.0,4,0.101,filing-other,
AIFU,2025-05-06,NASDAQ,Finance,Multi-Line Insurance,175.2,48.0,100.0,83.33,-8.33,40.0,0.25,98.95,5.24,2,28.21,-68.4,-90.1,0.33,-89.1,37.2,58,-29.17,-29.17,-29.17,-29.17,-43.54,29.17,-68.75,False,False,,,,,,,,,,filing-other,
AIFU,2026-04-08,NASDAQ,Finance,Multi-Line Insurance,175.2,28.2,9.93,-8.51,-16.77,26.02,0.19,5.16,0.0,44,10.14,-53.2,-74.8,0.68,-83.5,99.9,88,-26.45,-14.19,-7.74,-9.68,3.23,18.06,-35.48,False,False,,,,,,,,,,none,
CURI,2025-05-07,NASDAQ,Consumer Services,Movies/Entertainment,175.0,3.3,31.21,40.3,6.93,26.19,0.39,44.89,7.93,9,8.63,17.2,38.1,0.71,15.7,0.0,100,3.23,17.32,38.34,45.03,33.03,65.13,2.54,True,True,4.63,9.29,4.419,19,2.628,20,0.0,26,3.295,earnings,"2.02,8.01,9.01"
CURI,2025-11-13,NASDAQ,Consumer Services,Movies/Entertainment,175.0,3.76,18.88,23.94,4.25,14.86,0.33,9.35,0.47,5,6.11,-6.7,-30.9,0.83,-37.5,55.1,100,2.01,3.58,-2.68,7.61,3.36,11.86,-8.5,False,True,4.66,4.72,-1.0,1,-1.0,1,-1.0,1,-1.0,earnings,"2.02,8.01,9.01"
CURI,2026-08-13,NASDAQ,Consumer Services,Movies/Entertainment,175.0,2.8,27.86,42.5,11.45,20.73,0.57,49.05,4.01,8,4.59,-5.1,-11.9,0.92,-35.0,55.4,100,-0.84,-20.11,-17.88,-28.49,-25.7,17.88,-29.89,False,True,3.99,10.53,-1.0,1,-1.0,1,-1.0,1,-1.0,earnings,"2.02,8.01,9.01"
NAKA,2025-05-12,NASDAQ,Technology Services,Internet Software/Services,174.7,156.0,631.15,251.03,-51.99,137.54,0.02,398.31,0.3,27,14.84,212.0,358.8,0.62,443.1,0.0,32,-63.7,-51.39,-51.04,-12.22,-59.32,21.94,-73.45,False,False,,,,,,,,,,agreement,"1.01,2.03,3.02,7.01,9.01"
NAKA,2025-05-15,NASDAQ,Technology Services,Internet Software/Services,174.7,306.0,12.29,81.18,61.35,79.78,0.9,11.19,0.14,4,24.06,206.0,782.4,0.57,-72.7,17.7,29,50.76,77.18,190.34,163.1,60.65,304.77,20.14,True,True,554.4,41.85,1.281,11,0.372,14,0.0,16,0.932,other-8k,"5.02,8.01,9.01"
NAKA,2025-09-16,NASDAQ,Technology Services,Internet Software/Services,174.7,49.6,8.87,20.97,11.11,20.15,0.59,11.68,0.34,7,26.59,-91.8,-21.0,0.33,-96.1,81.9,65,5.93,3.7,-7.41,-20.74,-41.48,26.67,-45.19,False,True,60.0,10.67,-0.437,1,-0.437,1,-0.437,1,-0.437,other-8k,"7.01,8.01,9.01"
ANNA,2025-06-25,NASDAQ,Energy Minerals,Oil & Gas Production,174.0,7.258,11.88,-0.1,-10.7,24.12,0.0,15.85,0.61,47,9.83,-5.6,18.0,0.6,-56.6,70.1,100,1.6,-11.33,-27.83,-41.87,-34.06,5.91,-46.31,False,False,,,,,,,,,,none,
ANNA,2025-07-02,NASDAQ,Energy Minerals,Oil & Gas Production,174.0,6.3,16.67,-6.98,-20.27,33.92,0.1,3.57,0.36,18,10.8,-24.5,-4.8,0.6,-60.7,79.4,100,-14.29,-27.21,-35.78,-38.5,-30.75,-11.56,-40.68,False,False,,,,,,,,,,none,
ANNA,2026-03-02,NASDAQ,Energy Minerals,Oil & Gas Production,174.0,2.85,16.84,27.72,9.31,18.27,0.91,6.7,0.39,4,9.24,-8.1,-32.3,0.86,-81.8,60.7,100,6.61,15.32,7.21,7.21,207.51,208.71,-13.6,False,True,3.64,14.29,-1.0,1,-1.0,1,-1.0,1,-1.0,none,
ANNA,2026-03-03,NASDAQ,Energy Minerals,Oil & Gas Production,174.0,3.64,17.03,-2.47,-16.67,51.2,0.46,11.94,0.84,4,9.72,14.1,-10.1,0.84,-76.7,48.3,100,-24.41,-3.99,-31.69,-24.18,94.6,149.77,-31.69,True,False,,,,,,,,,,filing-other,
ANNA,2026-03-04,NASDAQ,Energy Minerals,Oil & Gas Production,174.0,3.55,9.3,-9.3,-17.01,28.61,0.22,3.53,0.35,3,11.95,7.5,-13.3,0.83,-78.8,45.0,100,-1.03,-7.99,-10.31,-5.67,87.11,174.23,-25.0,False,False,,,,,,,,,,filing-other,
ANNA,2026-03-05,NASDAQ,Energy Minerals,Oil & Gas Production,174.0,3.22,13.66,19.25,4.92,15.07,0.75,7.24,0.76,4,13.1,1.9,-20.9,0.83,-80.0,42.9,100,11.75,-20.49,-0.55,3.55,115.57,190.71,-20.49,False,True,3.84,10.16,-1.0,2,-1.0,2,-1.0,2,-1.0,filing-other,
ANNA,2026-03-06,NASDAQ,Energy Minerals,Oil & Gas Production,174.0,3.84,9.37,6.51,-2.62,52.23,0.27,35.05,4.56,3,13.66,17.4,-11.3,0.81,-77.0,37.1,100,-15.0,-17.14,-5.71,68.33,85.95,153.33,-30.71,False,False,,,,,,,,,,filing-other,
ANNA,2026-03-24,NASDAQ,Energy Minerals,Oil & Gas Production,174.0,5.455,26.67,40.79,11.14,25.84,0.47,13.34,0.53,1,28.74,76.5,27.5,0.71,-62.2,83.1,71,0.87,23.15,19.97,-8.1,-38.35,53.98,-48.48,False,True,7.68,10.81,-1.0,1,-1.0,1,-1.0,1,-1.0,none,
HTLM,2026-02-11,NASDAQ,Distribution Services,Wholesale Distributors,173.9,2.12,11.79,37.03,22.57,76.79,0.29,2856.11,4.14,66,5.46,-34.2,-43.0,0.67,-75.9,99.7,100,24.05,-8.86,-22.78,-12.24,-11.39,45.57,-24.05,False,True,2.905,18.42,-1.0,2,-1.0,2,-1.0,2,-1.0,none,
QTRX,2025-06-10,NASDAQ,Health Technology,Medical Specialties,173.6,5.06,11.07,30.04,17.08,19.31,0.97,4.31,1.08,3,9.8,-33.4,-56.6,0.68,-64.1,75.2,100,18.51,7.83,9.25,10.32,4.18,26.16,0.0,True,True,6.58,15.81,-0.654,9,-0.654,19,-1.0,23,-0.603,filing-other,
HSDT,2025-06-06,NASDAQ,Health Technology,Medical Specialties,172.9,57.0,21.93,-4.39,-21.58,36.19,0.11,15.3,0.53,3,15.74,-83.1,-88.5,0.54,-94.2,42.1,62,-37.77,-20.14,-63.38,-76.98,-87.18,33.09,-88.19,False,False,,,,,,,,,,equity-sale,
HSDT,2025-06-11,NASDAQ,Health Technology,Medical Specialties,172.9,42.25,72.78,31.36,-23.97,77.88,0.09,81.91,5.14,5,18.75,-86.7,-90.6,0.54,-93.9,28.2,62,-58.84,-74.25,-75.34,-76.71,-88.97,-51.71,-89.04,False,False,,,,,,,,,,filing-other,
HSDT,2025-06-18,NASDAQ,Health Technology,Medical Specialties,172.9,15.5,19.68,16.13,-2.96,24.64,0.18,7.39,0.45,3,25.07,-94.9,-95.8,0.54,-98.5,97.2,62,-11.05,-12.13,-8.36,-49.33,-52.02,3.5,-61.46,False,False,,,,,,,,,,none,
HSDT,2025-07-21,NASDAQ,Health Technology,Medical Specialties,172.9,8.9,55.17,7.64,-30.63,56.89,0.07,58.29,5.93,2,12.98,-95.7,-98.5,0.13,-98.8,81.6,38,-39.9,-40.12,-37.65,-56.55,-53.44,-32.01,-61.12,False,False,,,,,,,,,,other-8k,8.01
HSDT,2025-09-15,NASDAQ,Health Technology,Medical Specialties,172.9,7.56,221.43,141.67,-24.81,46.21,0.2,461.97,1.11,21,7.37,-70.3,-97.5,0.29,-98.0,18.1,54,-8.11,-4.65,-34.07,-40.7,-33.87,4.94,-48.56,False,False,,,,,,,,,,agreement,"1.01,3.02,7.01,8.01,9.01"
JELD,2026-08-04,NYSE,Non-Energy Minerals,Forest Products,172.7,1.44,17.36,25.69,7.1,12.27,0.9,3.62,0.62,1,8.9,3.6,-43.7,0.46,-75.8,62.8,98,7.1,11.83,11.83,8.88,28.4,51.48,4.14,True,True,1.81,9.94,0.167,10,1.611,25,0.0,32,0.259,earnings,"2.02,7.01,9.01"
PED,2025-04-08,AMEX,Energy Minerals,Oil & Gas Production,172.5,10.32,14.34,-1.94,-14.24,16.83,0.01,3.34,0.42,7,8.3,-35.9,-48.7,0.83,-43.4,93.5,100,-8.98,-9.49,-7.12,-7.63,-10.0,-1.19,-19.32,False,False,,,,,,,,,,none,
PED,2025-06-13,AMEX,Energy Minerals,Oil & Gas Production,172.5,14.66,9.14,3.41,-5.25,9.33,0.11,14.59,1.66,12,4.91,0.1,-7.3,0.73,-23.3,38.1,100,-17.5,-6.25,-8.75,-18.25,-22.12,1.25,-28.12,False,False,,,,,,,,,,none,
PED,2025-06-17,AMEX,Energy Minerals,Oil & Gas Production,172.5,13.2,10.45,10.61,0.14,9.93,0.51,4.41,0.3,3,5.38,-6.5,-12.4,0.71,-30.1,54.4,100,2.88,0.14,-9.05,-11.8,-9.6,11.11,-21.12,False,True,14.6,4.79,-1.0,4,-1.0,4,-1.0,4,-0.667,none,
PED,2025-10-23,AMEX,Energy Minerals,Oil & Gas Production,172.5,11.34,9.35,9.52,0.16,6.94,0.38,5.94,0.19,10,3.72,-10.0,5.2,1.0,-39.2,70.3,100,0.0,5.0,-4.84,-8.71,-17.1,8.06,-19.03,False,True,12.42,2.58,-1.0,2,-1.0,2,-1.0,2,-1.0,none,
PED,2026-03-02,AMEX,Energy Minerals,Oil & Gas Production,172.5,12.48,12.18,11.86,-0.29,6.97,0.83,11.14,0.42,10,5.72,30.0,7.6,0.97,-14.6,15.5,100,-1.14,-8.71,9.57,17.29,19.07,34.93,-20.0,False,False,,,,,,,,,,equity-sale,"3.02,3.03,5.01,5.03,7.01,8.01,9.01"
AMPY,2025-04-28,NYSE,Energy Minerals,Integrated Oil,172.0,2.69,16.73,8.92,-6.69,12.67,0.03,13.87,5.07,0,9.43,-49.8,-59.7,0.35,-57.3,75.8,85,-9.87,-13.06,-17.2,-6.69,-14.01,3.5,-19.43,False,False,,,,,,,,,,none,
AMPY,2025-09-25,NYSE,Energy Minerals,Integrated Oil,172.0,4.8,12.08,21.67,8.55,20.31,0.64,28.21,1.38,11,4.92,37.9,21.2,0.84,-26.8,15.9,100,12.83,-2.42,-9.85,-3.35,-11.71,21.75,-23.23,False,True,5.84,11.47,-1.0,4,-1.0,4,-1.0,4,-0.96,none,
AMPY,2025-09-26,NYSE,Energy Minerals,Integrated Oil,172.0,5.84,12.16,3.94,-7.33,10.27,0.21,8.01,0.53,3,5.76,75.4,45.6,0.81,-10.9,6.4,78,-16.18,-20.15,-23.36,-28.24,-27.33,-6.87,-36.95,False,False,,,,,,,,,,none,
SUPX,2025-06-09,NASDAQ,Commercial Services,Miscellaneous Commercial Services,171.9,10.135,8.63,-1.92,-9.72,14.92,0.03,5.66,1.43,6,8.8,115.9,172.4,0.79,-23.6,11.0,43,-6.45,-16.71,-10.99,-8.54,-5.45,-0.36,-18.07,False,False,,,,,,,,,,none,
SUPX,2025-07-30,NASDAQ,Commercial Services,Miscellaneous Commercial Services,171.9,16.12,18.49,43.98,21.52,80.73,0.51,67.53,7.0,4,6.22,59.6,347.8,0.97,14.0,0.0,71,15.34,20.52,33.14,36.65,122.51,276.96,-11.52,True,True,23.21,29.34,0.0,7,0.0,7,0.0,7,-0.009,filing-other,
SUPX,2026-01-28,NASDAQ,Commercial Services,Miscellaneous Commercial Services,171.9,16.59,18.51,5.61,-10.89,30.7,0.13,4.2,0.25,4,8.88,-74.2,2.9,0.19,-74.3,60.9,61,-3.81,-27.31,-27.06,-18.82,-31.94,6.77,-36.42,False,False,,,,,,,,,,none,
SUPX,2026-08-24,NASDAQ,Commercial Services,Miscellaneous Commercial Services,171.9,8.52,13.85,23.71,8.66,28.33,0.97,7.84,1.08,17,10.72,-30.5,-39.0,0.71,-87.3,66.9,100,8.25,0.82,-4.33,-22.47,-22.06,16.29,-29.79,False,True,10.54,21.63,-1.0,6,-1.0,6,-1.0,6,-0.778,filing-other,
WW,2026-03-16,NASDAQ,Consumer Services,Other Consumer Services,171.0,21.08,8.63,0.57,-7.42,19.95,0.07,4.16,0.72,12,7.09,-19.0,-32.6,0.71,-51.2,84.8,100,-18.69,-18.12,-21.57,-42.31,-53.49,-8.3,-55.68,False,False,,,,,,,,,,earnings,"2.02,9.01"
DTIL,2025-04-15,NASDAQ,Health Technology,Biotechnology,170.6,4.46,16.59,23.77,6.15,21.14,0.79,6.76,0.05,9,7.7,-17.1,-50.0,0.95,-47.0,72.5,100,-3.65,-1.35,9.23,8.46,-4.81,14.81,-5.77,True,True,5.52,14.31,-0.519,8,-0.532,14,-0.646,1,-0.511,filing-other,
RDCM,2025-05-14,NASDAQ,Technology Services,Packaged Software,170.4,12.85,10.51,4.98,-5.0,11.04,0.18,9.54,0.51,24,4.94,-9.3,23.0,0.95,-11.1,14.0,100,-7.96,-7.61,-7.04,-5.92,-11.2,-3.66,-12.89,False,False,,,,,,,,,,filing-other,
RDCM,2025-11-12,NASDAQ,Technology Services,Packaged Software,170.4,12.67,13.97,5.13,-7.76,12.55,0.3,6.66,0.44,12,3.9,-1.0,-6.1,1.0,-9.6,12.1,100,-11.57,-11.5,-13.16,-10.87,-4.99,-2.35,-16.07,False,False,,,,,,,,,,filing-other,
MRT,2025-06-26,AMEX,Finance,Finance/Rental/Leasing,168.6,2.465,11.16,20.08,8.03,15.81,0.56,4.09,0.42,8,5.3,-22.3,-16.7,0.87,-29.6,63.4,100,3.83,6.2,9.49,10.58,-0.36,13.5,-4.01,False,True,2.96,8.11,-0.292,8,-0.833,15,-0.479,1,-0.264,filing-other,
FLWS,2025-07-23,NASDAQ,Retail Trade,Internet Retail,166.9,6.65,15.49,4.36,-9.64,23.75,0.07,6.63,1.0,3,6.21,23.6,-20.8,0.98,-16.9,32.3,100,-18.49,-11.46,-23.18,-22.53,-28.39,-8.98,-30.6,False,False,,,,,,,,,,none,
FLWS,2025-10-22,NASDAQ,Retail Trade,Internet Retail,166.9,5.15,32.23,-14.76,-35.54,68.65,0.06,62.97,8.92,7,5.72,-17.7,-1.3,0.76,-26.3,33.4,100,-30.1,-42.88,-48.75,-48.75,-52.13,-27.31,-56.98,False,False,,,,,,,,,,filing-other,
FLWS,2026-01-29,NASDAQ,Retail Trade,Internet Retail,166.9,4.04,12.38,14.6,1.98,17.01,0.29,4.25,0.1,9,6.36,10.1,-31.5,0.7,-50.2,60.4,100,-4.85,-13.22,-11.45,-18.72,-23.35,4.19,-30.84,False,True,4.63,4.75,-1.0,1,-1.0,1,-1.0,1,-1.0,earnings,"2.02,9.01"
FLWS,2026-04-22,NASDAQ,Retail Trade,Internet Retail,166.9,4.0,11.0,-1.5,-11.26,23.18,0.27,5.15,0.1,13,7.93,-10.5,-11.9,0.7,-47.4,49.3,100,-14.86,-14.64,-21.4,-11.49,-10.59,14.64,-25.45,False,False,,,,,,,,,,filing-other,
UIS,2025-05-01,NYSE,Technology Services,Information Technology Services,166.2,3.97,10.58,2.02,-7.74,10.3,0.17,3.96,0.73,3,5.92,-41.3,-26.9,0.76,-50.8,75.1,100,3.19,6.38,13.67,24.83,8.66,38.04,-5.92,True,False,,,,,,,,,,earnings,"2.02,9.01"
UIS,2026-02-25,NYSE,Technology Services,Information Technology Services,166.2,2.13,22.07,15.49,-5.38,12.77,0.37,4.4,1.46,1,5.19,-14.5,-46.6,0.7,-57.1,87.9,100,-6.54,-9.62,-7.31,-8.85,-18.08,-1.92,-20.38,False,False,,,,,,,,,,earnings,"2.02,8.01,9.01"
TNXP,2025-05-16,NASDAQ,Health Technology,Pharmaceuticals: Major,165.5,23.1,8.96,21.21,11.24,20.8,0.58,3.56,0.16,17,8.95,93.3,65.0,0.52,-80.6,38.6,54,5.68,12.55,14.94,51.21,46.88,76.0,-0.24,True,True,28.0,10.71,3.733,15,2.18,18,3.227,51,2.525,filing-other,
ATOM,2026-02-13,NASDAQ,Commercial Services,Miscellaneous Commercial Services,165.1,2.39,16.32,64.02,41.01,50.67,0.93,49.65,6.59,4,10.86,-0.4,-29.3,0.87,-64.0,79.1,100,106.12,139.57,115.29,88.49,71.58,171.04,42.81,True,True,3.92,31.94,1.03,8,0.495,14,0.0,28,1.416,earnings,"2.02,9.01"
LUCD,2026-01-21,NASDAQ,Health Technology,Medical Specialties,164.4,1.21,31.4,-6.61,-28.93,45.45,0.02,50.46,3.26,15,3.92,-3.2,8.0,0.98,-11.7,1.9,100,-32.7,-22.64,-27.04,-24.53,-13.21,-10.69,-33.96,False,False,,,,,,,,,,none,
SANG,2025-09-16,NASDAQ,Electronic Technology,Telecommunications Equipment,164.1,5.92,9.12,-0.68,-8.98,10.62,0.06,18.84,0.85,55,2.26,1.4,25.7,1.0,-19.1,28.3,100,-6.35,-19.97,-21.21,-23.99,-24.15,-0.93,-27.24,False,False,,,,,,,,,,filing-other,
PLG,2025-09-29,AMEX,Non-Energy Minerals,Other Metals/Minerals,163.7,2.55,11.37,5.88,-4.93,12.83,0.15,6.81,1.43,2,7.46,66.7,112.5,0.86,7.2,0.0,67,-6.69,-9.15,-0.35,5.28,-21.83,18.31,-25.35,False,False,,,,,,,,,,none,
PLG,2026-01-26,AMEX,Non-Energy Minerals,Other Metals/Minerals,163.7,3.47,15.56,-2.88,-15.96,22.05,0.08,3.12,0.99,1,8.43,53.5,107.8,0.75,14.9,0.0,74,-14.21,-17.71,-32.17,-36.91,-36.41,-9.98,-48.63,False,False,,,,,,,,,,none,
AIIO,2025-09-15,NASDAQ,Consumer Durables,Motor Vehicles,163.1,29.2,12.33,3.42,-7.93,69.72,0.09,46.79,1.02,12,16.78,-25.9,175.0,0.49,-52.9,33.7,70,3.66,18.9,3.66,17.68,-7.32,71.65,-16.46,False,False,,,,,,,,,,filing-other,
AIIO,2025-09-16,NASDAQ,Consumer Durables,Motor Vehicles,163.1,30.2,19.87,12.58,-6.08,33.33,0.09,19.45,1.06,5,19.99,-20.1,215.2,0.51,-48.0,26.2,70,6.63,-9.39,1.66,44.75,-15.47,55.52,-24.31,False,False,,,,,,,,,,filing-other,
AIIO,2025-09-30,NASDAQ,Consumer Durables,Motor Vehicles,163.1,38.6,23.37,35.75,10.04,20.45,0.93,4.0,0.94,4,27.98,22.9,506.9,0.49,-31.6,13.5,70,4.58,-27.76,-24.82,-35.74,-58.55,16.76,-63.29,False,True,52.4,16.03,-1.0,2,-1.0,2,-1.0,2,-1.0,equity-sale,
AIIO,2026-01-23,NASDAQ,Consumer Durables,Motor Vehicles,163.1,5.22,25.29,3.07,-17.74,32.68,0.18,45.61,1.62,33,9.16,-72.3,-80.8,0.37,-90.6,94.0,58,-20.8,-21.41,-34.25,-46.48,-66.67,-13.46,-66.97,False,False,,,,,,,,,,none,
AIIO,2026-05-08,NASDAQ,Consumer Durables,Motor Vehicles,163.1,0.589,65.87,46.01,-11.98,52.22,0.01,241.84,13.67,4,10.76,-83.2,-94.1,0.21,-98.6,70.5,42,15.66,167.14,311.46,164.07,176.36,841.66,-22.21,False,False,,,,,,,,,,equity-sale,
AIIO,2026-05-13,NASDAQ,Consumer Durables,Motor Vehicles,163.1,1.28,12.89,103.91,80.62,99.29,0.87,7.68,0.33,1,15.52,-57.3,-90.6,0.14,-97.9,17.5,53,290.31,287.54,161.59,87.54,109.0,536.68,55.71,True,True,2.61,46.36,0.512,6,0.0,7,0.0,7,1.165,none,
AIIO,2026-05-14,NASDAQ,Consumer Durables,Motor Vehicles,163.1,2.61,68.01,116.09,28.62,182.21,0.4,11.93,0.64,2,18.12,-6.1,-77.2,0.14,-93.7,11.4,64,-8.32,-3.31,-26.34,-45.95,-37.97,45.04,-48.69,False,True,5.64,42.2,-1.0,5,-1.0,5,-1.0,5,-0.863,none,
AEHL,2025-07-29,NASDAQ,Producer Manufacturing,Building Products,162.9,408.0,27.29,-8.47,-28.1,159.13,0.34,164.14,0.26,32,9.42,52.9,-29.2,0.63,-84.3,7.9,88,-33.64,-35.67,-43.44,-54.71,-43.25,-25.32,-66.73,False,False,,,,,,,,,,filing-other,
AEHL,2025-09-10,NASDAQ,Producer Manufacturing,Building Products,162.9,355.2,122.7,17.03,-47.45,110.5,0.07,74.39,0.81,3,13.67,51.6,-15.9,0.57,-76.0,2.3,85,-52.06,-65.05,-52.79,-60.19,-54.98,-48.18,-68.33,False,False,,,,,,,,,,none,
AEHL,2025-11-24,NASDAQ,Producer Manufacturing,Building Products,162.9,116.16,8.26,109.09,93.13,129.01,0.72,335.71,2.45,7,14.43,-60.6,-47.2,0.41,-88.7,99.6,82,144.27,135.88,138.17,137.4,9.16,201.53,3.05,True,True,242.88,48.22,0.385,9,0.0,15,0.0,15,0.41,none,
AEHL,2025-11-25,NASDAQ,Producer Manufacturing,Building Products,162.9,242.88,10.67,26.48,14.29,54.08,0.69,17.58,0.64,4,19.66,-21.2,11.9,0.4,-75.9,50.3,94,23.93,10.36,11.43,12.14,-47.5,41.07,-51.79,False,True,307.2,27.19,-0.23,8,-0.908,14,-0.908,14,-0.195,none,
AEHL,2025-11-26,NASDAQ,Producer Manufacturing,Building Products,162.9,307.2,14.69,8.44,-5.45,27.01,0.43,4.72,0.27,4,20.28,-3.6,45.5,0.4,-68.4,35.3,94,-15.8,-14.99,-11.99,-18.8,-64.85,1.63,-65.12,False,False,,,,,,,,,,none,
AEHL,2025-12-30,NASDAQ,Producer Manufacturing,Building Products,162.9,108.48,51.33,92.92,27.49,50.61,0.65,6.77,0.46,4,19.38,-69.1,-58.5,0.35,-85.3,97.4,73,3.51,1.17,-3.51,-22.22,-51.46,25.15,-53.22,False,True,209.28,24.77,-1.0,1,-1.0,1,-1.0,1,-1.0,none,
AEHL,2026-02-26,NASDAQ,Producer Manufacturing,Building Products,162.9,49.92,42.31,107.69,45.95,171.87,0.4,428.64,2.27,10,18.19,-79.4,-83.1,0.21,-91.2,97.4,44,-18.92,-47.3,-48.42,-53.83,-66.67,35.14,-69.82,False,True,103.68,40.74,-1.0,1,-1.0,1,-1.0,1,-1.0,filing-other,
AEHL,2026-05-08,NASDAQ,Producer Manufacturing,Building Products,162.9,8.16,94.12,135.29,21.21,407.14,0.28,886.22,8.38,7,9.89,-87.7,-94.9,0.11,-98.0,95.8,37,44.44,265.66,264.65,52.53,11.11,494.95,-8.08,True,True,19.2,53.33,1.203,9,0.484,10,0.156,12,2.062,none,
AEHL,2026-05-13,NASDAQ,Producer Manufacturing,Building Products,162.9,33.76,43.6,71.56,19.47,60.0,0.61,5.62,0.25,3,36.4,-40.4,-79.1,0.1,-94.0,18.3,60,49.5,26.73,-3.96,-58.42,-63.37,94.39,-69.97,False,True,57.92,26.8,-1.0,1,-1.0,1,-1.0,1,-1.0,none,
AEHL,2026-07-23,NASDAQ,Producer Manufacturing,Building Products,162.9,8.96,30.36,28.57,-1.37,51.52,0.18,27.76,0.3,10,16.82,-18.8,-92.2,0.46,-98.6,88.1,83,-26.03,-20.55,-30.14,-57.53,-45.63,-1.37,-63.87,False,False,,,,,,,,,,filing-other,
VYGR,2025-06-02,NASDAQ,Health Technology,Biotechnology,162.7,2.74,15.33,20.07,4.11,18.41,0.24,12.99,1.76,7,6.23,-29.9,-51.7,0.78,-61.8,91.6,100,3.8,4.43,6.01,4.75,-1.27,15.19,-10.44,False,True,3.29,4.26,0.0,5,0.0,5,-0.071,1,0.024,none,
ABOS,2026-01-26,NASDAQ,Health Technology,Pharmaceuticals: Major,162.4,1.98,21.72,5.05,-13.69,49.75,0.07,61.05,2.15,13,7.49,-6.2,26.1,0.89,-2.0,0.0,100,12.86,15.77,7.47,2.9,14.52,26.56,-8.3,True,False,,,,,,,,,,filing-other,
PEPG,2025-09-25,NASDAQ,Health Technology,Biotechnology,162.1,2.66,121.8,121.05,-0.34,29.39,0.68,73.69,1.15,4,14.42,107.8,69.4,0.83,-40.6,1.0,71,-14.07,-21.69,-13.9,-14.75,-23.73,-9.15,-26.61,False,False,,,,,,,,,,agreement,"1.01,7.01,8.01,9.01"
NERV,2025-10-08,NASDAQ,Health Technology,Pharmaceuticals: Major,160.0,2.18,20.64,29.82,7.6,32.13,0.42,62.46,2.31,2,5.83,32.9,56.8,0.87,-7.1,3.3,100,-2.28,-3.8,-4.56,104.56,45.25,373.76,-14.9,False,True,2.83,12.01,-1.0,2,-1.0,2,-1.0,2,-1.0,none,
NERV,2025-10-21,NASDAQ,Health Technology,Pharmaceuticals: Major,160.0,2.66,153.38,140.98,-4.9,108.36,0.07,355.02,18.66,2,8.59,33.0,55.6,0.76,104.9,0.0,100,-20.18,-30.27,-31.75,-45.55,-36.2,-14.24,-48.07,False,False,,,,,,,,,,agreement,"1.01,3.02,5.03,7.01,9.01"
RFAI,2026-08-21,NASDAQ,Finance,Financial Conglomerates,157.5,12.73,214.22,355.62,45.0,107.27,0.6,88.38,3.31,3,3.33,16.6,17.3,0.97,214.2,0.0,100,27.6,22.22,30.12,3.75,-6.23,60.93,-37.5,False,True,58.0,39.28,-0.724,7,-1.0,8,-1.0,8,-0.616,other-8k,"5.07,8.01,9.01"
OPRX,2025-05-13,NASDAQ,Technology Services,Packaged Software,157.5,9.2,25.0,19.67,-4.26,22.3,0.24,6.39,0.09,9,7.32,64.3,46.7,0.56,7.7,0.0,72,-12.09,-0.61,3.91,6.0,32.17,35.91,-16.7,False,False,,,,,,,,,,earnings,"2.02,9.01"
OPRX,2025-08-08,NASDAQ,Technology Services,Packaged Software,157.5,12.84,26.56,34.74,6.46,27.32,0.76,10.36,0.14,9,7.34,29.6,133.0,0.86,3.4,0.0,92,-0.43,6.65,3.75,6.15,12.55,18.46,-7.14,True,True,17.3,17.28,-0.502,7,0.0,22,0.0,22,-0.331,earnings,"2.02,9.01"
ADCT,2025-05-14,NYSE,Health Technology,Pharmaceuticals: Major,157.0,1.32,9.85,37.12,24.83,34.81,0.98,8.91,0.29,15,6.53,-10.8,-54.9,0.6,-58.5,89.4,100,16.55,61.38,35.86,91.03,153.1,167.59,16.55,True,True,1.81,25.41,3.413,22,2.652,24,2.348,51,2.659,earnings,"2.02,9.01"
BSET,2025-07-10,NASDAQ,Consumer Durables,Home Furnishings,156.3,16.99,10.3,12.65,2.13,13.25,0.74,3.42,0.22,1,4.8,15.0,22.7,1.0,-4.7,1.3,100,-2.35,-0.59,-2.4,-2.72,-13.61,3.58,-18.04,False,True,19.14,8.88,-0.341,9,-1.0,11,-1.0,11,-0.327,other-8k,"8.01,9.01"
HUCK,2026-03-11,NASDAQ,Technology Services,Packaged Software,156.2,4.38,41.55,13.47,-19.84,26.04,0.01,17.17,4.13,2,10.13,-51.1,-71.7,0.29,-66.5,75.8,65,-25.32,-30.0,-42.74,-45.16,-57.26,-13.06,-58.71,False,False,,,,,,,,,,earnings,"2.02,9.01"
HUCK,2026-07-23,NASDAQ,Technology Services,Packaged Software,156.2,3.15,36.03,25.4,-7.82,19.03,0.31,12.06,1.26,2,10.94,-20.9,-48.0,0.79,-76.8,50.3,100,-14.12,-12.25,-13.65,-11.32,-12.02,-5.02,-19.14,False,False,,,,,,,,,,agreement,"1.01,3.03,5.03,7.01,9.01"
OWLT,2025-08-08,NYSE,Consumer Durables,Electronics/Appliances,153.1,7.81,15.24,19.08,3.33,22.77,0.48,3.31,0.87,1,9.33,87.3,65.8,0.44,-7.6,1.7,49,-0.56,-14.78,-13.78,-16.33,-21.89,13.33,-25.0,False,True,9.3,9.78,-1.0,2,-1.0,2,-1.0,2,-1.0,earnings,"1.01,2.02,3.02,5.02,9.01"
OWLT,2025-11-14,NYSE,Consumer Durables,Electronics/Appliances,153.1,10.16,11.22,3.15,-7.26,14.15,0.22,3.6,0.56,1,8.75,25.3,92.8,0.81,2.7,0.0,100,0.35,10.18,5.31,15.04,14.25,48.85,-10.97,False,False,,,,,,,,,,earnings,"2.02,9.01"
OWLT,2026-08-12,NYSE,Consumer Durables,Electronics/Appliances,153.1,5.44,17.83,6.8,-9.36,14.75,0.26,4.05,0.23,18,6.4,-8.1,-53.5,0.87,-62.2,53.6,100,-2.18,-4.68,-9.67,-19.5,-26.83,6.55,-27.3,False,False,,,,,,,,,,earnings,"2.02,9.01"
SKYX,2026-05-06,NASDAQ,Electronic Technology,Electronic Equipment/Instruments,153.0,1.08,11.11,20.37,8.33,20.42,0.41,6.83,0.95,2,7.7,-50.9,-34.5,0.19,-63.5,67.5,75,21.67,0.42,-5.0,-4.17,-6.25,28.33,-15.0,False,True,1.3,7.69,0.0,3,0.0,3,0.6,2,-0.317,none,
OTLK,2025-08-18,NASDAQ,Health Technology,Pharmaceuticals: Major,152.3,2.34,11.11,18.38,6.54,16.34,0.41,5.6,0.1,4,7.65,33.7,25.1,0.87,-62.8,5.1,100,1.15,-7.31,14.23,-66.54,-58.46,30.38,-69.62,False,True,2.77,6.32,-1.0,2,-1.0,2,-1.0,2,-1.0,none,
OTLK,2025-08-26,NASDAQ,Health Technology,Pharmaceuticals: Major,152.3,2.97,13.97,-9.09,-20.24,26.49,0.03,4.58,0.12,2,10.17,84.5,100.7,0.75,-51.5,4.6,53,-29.84,-74.86,-73.71,-70.46,-70.78,-17.58,-76.66,False,False,,,,,,,,,,none,
OTLK,2025-11-13,NASDAQ,Health Technology,Pharmaceuticals: Major,152.3,1.28,14.06,14.84,0.68,34.56,0.23,35.45,0.77,12,7.16,-45.3,-23.6,0.54,-77.9,54.7,99,7.53,30.82,28.77,22.6,35.62,45.89,2.74,True,True,1.47,7.48,1.182,8,3.364,26,1.0,32,2.121,other-8k,8.01
OTLK,2026-05-28,NASDAQ,Health Technology,Pharmaceuticals: Major,152.3,0.586,10.75,26.28,14.02,33.11,0.64,5.54,0.31,3,15.01,35.3,-67.4,0.37,-80.9,40.5,72,12.48,25.42,22.5,69.49,163.48,189.68,4.01,True,True,0.74,17.57,-0.269,8,6.231,30,2.5,40,0.01,equity-sale,"8.01,9.01"
KLXE,2025-12-31,NASDAQ,Energy Minerals,Oil & Gas Production,151.8,1.57,8.28,20.38,11.18,17.79,0.9,4.46,0.78,5,7.98,-18.2,-20.3,0.97,-77.0,83.8,100,14.12,40.59,37.06,24.71,63.53,102.94,5.88,True,True,1.89,13.76,0.885,10,1.192,22,2.0,62,1.231,none,
EDRY,2026-02-23,NASDAQ,Transportation,Marine Shipping,151.5,18.5,8.05,7.3,-0.7,6.5,0.61,7.18,0.63,7,5.0,38.3,73.1,0.95,6.6,0.0,100,1.85,8.15,14.46,-3.0,-10.51,19.96,-14.83,False,False,,,,,,,,,,none,
OGI,2025-09-29,NASDAQ,Process Industries,Agricultural Commodities/Milling,150.9,1.69,8.28,16.57,7.65,10.06,1.0,5.08,1.1,7,4.14,25.2,64.1,0.92,-5.7,1.8,100,10.93,2.19,1.09,4.92,-6.56,13.61,-8.63,False,True,1.97,9.14,-0.667,5,-0.833,14,-1.0,15,-0.63,none,
OGI,2025-12-12,NASDAQ,Process Industries,Agricultural Commodities/Milling,150.9,1.64,10.37,17.07,6.08,15.57,0.96,6.48,0.88,7,4.82,-4.1,17.1,0.9,-12.9,9.0,100,-0.55,16.57,11.05,-6.63,-6.63,23.76,-17.68,False,True,1.92,13.02,-1.0,2,-1.0,2,-1.0,2,-1.0,none,
OGI,2026-08-11,NASDAQ,Process Industries,Agricultural Commodities/Milling,150.9,1.05,14.29,17.14,2.5,10.71,0.92,68.51,3.62,33,5.01,-19.8,-34.0,0.98,-46.4,83.2,100,7.5,2.5,0.83,5.83,-8.33,10.0,-10.0,False,True,1.23,8.94,0.0,12,-0.455,15,-1.0,19,0.0,filing-other,
MENS,2025-12-22,NASDAQ,Health Technology,Pharmaceuticals: Major,150.7,3.175,8.66,50.55,38.55,139.88,0.33,48.43,6.67,4,43.59,-94.9,-61.2,0.24,-94.9,83.2,44,16.52,-6.67,22.32,19.71,-8.41,57.86,-21.45,False,True,4.78,31.8,-0.5,1,-0.5,1,-0.5,1,-0.5,none,
BYND,2025-07-23,NASDAQ,Consumer Non-Durables,Food: Major Diversified,150.5,126.6,10.9,1.42,-8.55,15.31,0.16,5.84,0.9,7,6.13,61.4,5.5,0.68,-34.4,21.5,83,-17.74,-27.56,-30.77,-37.61,-48.5,-10.04,-49.57,False,False,,,,,,,,,,filing-other,
BYND,2025-10-17,NASDAQ,Consumer Non-Durables,Food: Major Diversified,150.5,15.6,16.92,24.23,6.25,36.91,0.47,17.95,2.55,4,17.53,-87.3,-81.2,0.67,-91.0,87.4,70,141.78,488.82,259.38,172.2,77.63,1164.8,44.9,True,True,19.38,14.86,12.125,6,8.583,1,8.583,1,18.271,filing-other,
BYND,2025-10-20,NASDAQ,Consumer Non-Durables,Food: Major Diversified,150.5,19.38,57.89,127.55,44.12,73.67,0.91,30.87,2.74,4,19.1,-84.7,-75.8,0.67,-84.8,53.3,70,254.9,178.43,77.45,36.27,1.96,653.92,-8.24,True,True,44.1,40.07,0.577,5,0.577,5,1.214,4,1.16,filing-other,
BYND,2025-10-21,NASDAQ,Consumer Non-Durables,Food: Major Diversified,150.5,44.1,57.14,146.26,56.71,100.0,0.88,26.23,1.72,2,22.56,-65.7,-43.8,0.67,-65.2,23.0,95,54.98,-5.41,-14.5,-42.42,-56.71,232.9,-59.48,False,True,108.6,46.69,-1.0,4,-1.0,4,-0.849,3,-0.95,filing-other,
BYND,2025-10-22,NASDAQ,Consumer Non-Durables,Food: Major Diversified,150.5,108.6,70.44,-1.1,-41.98,193.51,0.19,14.73,1.05,2,27.29,-6.0,39.8,0.67,-7.0,0.5,100,-53.97,-70.66,-70.1,-79.42,-84.18,-39.58,-84.83,False,False,,,,,,,,,,filing-other,
BYND,2025-10-24,NASDAQ,Consumer Non-Durables,Food: Major Diversified,150.5,85.2,16.73,-23.06,-34.09,61.06,0.08,3.25,0.37,4,37.99,-16.2,11.8,0.68,-56.9,58.0,100,-45.4,-44.34,-50.08,-58.07,-74.0,-28.81,-75.57,False,False,,,,,,,,,,earnings,"2.02,8.01"
BYND,2026-04-17,NASDAQ,Consumer Non-Durables,Food: Major Diversified,150.5,23.46,16.11,5.24,-9.36,17.86,0.0,6.5,0.09,30,7.61,-24.8,16.7,0.73,-88.2,80.1,100,27.75,21.15,-3.85,4.52,-11.45,54.19,-16.74,False,False,,,,,,,,,,none,
BYND,2026-04-21,NASDAQ,Consumer Non-Durables,Food: Major Diversified,150.5,34.8,18.97,-9.91,-24.28,38.61,0.09,9.31,0.18,24,10.65,25.3,79.6,0.75,-82.1,54.9,100,-20.29,-36.74,-37.68,-33.41,-45.14,-8.7,-47.54,False,False,,,,,,,,,,filing-other,
NEOV,2025-07-23,NASDAQ,Producer Manufacturing,Electrical Products,149.9,4.87,8.42,1.85,-6.06,18.48,0.37,5.65,1.36,8,10.89,136.4,28.5,0.76,-13.6,8.4,71,-0.76,-5.11,-8.33,-4.36,-29.73,7.8,-32.77,False,False,,,,,,,,,,none,
NEOV,2026-06-17,NASDAQ,Producer Manufacturing,Electrical Products,149.9,1.71,14.62,23.98,8.16,25.28,0.76,32.62,6.93,5,13.52,-55.0,-52.5,0.57,-72.5,90.8,95,41.84,9.18,-2.55,27.04,7.65,67.35,-5.61,True,True,2.12,16.04,0.0,3,0.0,3,0.735,2,0.02,none,
DLTH,2025-09-04,NASDAQ,Retail Trade,Internet Retail,149.7,2.36,19.92,52.12,26.86,70.7,0.45,2370.42,206.88,23,5.22,5.4,-14.5,0.95,-32.6,41.1,100,33.92,16.96,28.27,47.0,34.98,55.48,13.07,True,True,3.59,23.96,0.0,2,0.0,2,0.0,2,0.0,earnings,"2.02,7.01,9.01"
DLTH,2026-03-19,NASDAQ,Retail Trade,Internet Retail,149.7,2.17,24.42,44.7,16.3,26.56,0.85,384.28,0.2,41,5.78,-1.8,-47.8,1.0,-42.1,87.2,100,12.96,17.78,15.93,14.44,22.59,32.22,5.56,True,True,3.14,18.47,-0.431,7,0.0,16,0.0,16,-0.264,earnings,"2.02,7.01,9.01"
SSTK,2025-10-31,NYSE,Technology Services,Internet Software/Services,148.5,24.53,15.29,2.04,-11.49,20.61,0.11,4.06,0.25,2,6.22,22.2,46.4,0.81,-27.1,40.9,100,-20.01,-19.02,-24.19,-24.08,-29.1,-15.77,-30.27,False,False,,,,,,,,,,none,
SSTK,2026-02-23,NYSE,Technology Services,Internet Software/Services,148.5,16.05,12.15,-3.24,-13.72,16.23,0.0,3.61,0.86,2,5.76,-20.3,-25.1,0.94,-39.0,79.5,100,-12.28,-5.44,-8.56,-6.83,-6.83,-1.39,-13.33,True,False,,,,,,,,,,other-8k,"8.01,9.01"
SRFM,2025-05-28,NYSE,Transportation,Airlines,148.4,2.5,10.0,10.0,0.0,9.62,0.6,8.04,0.04,37,7.74,-29.2,-0.4,0.62,-59.1,72.4,100,-13.82,-21.45,-11.27,-12.73,24.0,102.55,-35.64,False,False,,,,,,,,,,filing-other,
SRFM,2025-06-03,NYSE,Transportation,Airlines,148.4,2.16,10.65,16.67,5.44,13.33,0.9,5.66,0.04,22,8.21,-32.9,-42.2,0.67,-64.4,79.6,100,2.09,0.0,5.02,-15.9,39.33,133.05,-25.94,False,True,2.52,10.71,-0.296,1,-0.296,1,-0.296,1,-0.296,filing-other,
SRFM,2025-06-24,NYSE,Transportation,Airlines,148.4,1.91,20.42,88.48,56.52,116.19,0.61,132.24,2.64,6,11.13,-49.9,-34.1,0.79,-65.8,79.4,100,10.43,42.17,48.26,192.61,114.78,330.87,1.3,True,True,3.6,41.67,1.547,16,0.893,20,0.4,39,0.958,filing-other,
SRFM,2025-06-25,NYSE,Transportation,Airlines,148.4,3.6,22.22,-29.44,-42.27,139.06,0.06,28.79,1.17,2,16.51,-7.2,33.8,0.79,-34.5,8.4,100,-22.5,-16.14,-24.32,72.27,27.5,125.23,-35.91,True,False,,,,,,,,,,agreement,"1.01,9.01"
SRFM,2025-06-26,NYSE,Transportation,Airlines,148.4,2.54,11.02,34.25,20.92,26.6,0.79,7.27,0.49,3,23.12,-29.6,-23.3,0.81,-58.0,52.3,100,15.96,20.92,45.39,212.06,105.32,251.42,10.99,True,True,3.41,17.3,4.254,14,2.593,18,1.339,37,2.836,agreement,"1.01,5.02,5.07,9.01"
SRFM,2025-07-08,NYSE,Transportation,Airlines,148.4,4.55,9.89,34.07,22.0,56.84,0.5,4.2,0.44,3,26.59,105.9,-23.0,0.75,-25.6,3.0,70,34.6,76.0,19.0,2.0,-14.0,98.2,-22.6,False,True,6.1,22.13,0.0,5,0.0,5,0.0,5,0.667,none,
SRFM,2025-12-22,NYSE,Transportation,Airlines,148.4,1.83,12.84,13.11,0.24,13.79,0.14,3.91,0.13,13,8.31,-59.0,-49.2,0.14,-79.2,96.4,67,2.66,-1.69,-2.66,47.7,22.03,69.49,-8.96,False,True,2.07,1.93,-1.0,1,-1.0,1,-1.0,1,-1.0,none,
SRFM,2026-01-05,NYSE,Transportation,Airlines,148.4,2.39,10.04,25.52,14.07,24.9,0.78,4.29,0.17,13,8.4,-48.7,-47.5,0.22,-73.5,72.3,78,16.73,22.43,13.69,-1.14,-21.29,33.08,-27.38,False,True,3.0,16.33,-0.469,7,-1.0,10,-1.0,10,-0.163,none,
SRFM,2026-06-29,NYSE,Transportation,Airlines,148.4,0.902,32.48,3.1,-22.18,40.7,0.2,31.97,2.33,4,8.58,-18.0,-57.7,0.86,-87.9,86.9,100,-2.93,-12.97,-23.68,-27.78,-35.56,8.79,-44.35,False,False,,,,,,,,,,none,
SRFM,2026-07-02,NYSE,Transportation,Airlines,148.4,1.04,9.13,0.0,-8.37,26.0,0.15,3.61,0.29,3,12.82,-11.1,-48.3,0.84,-88.5,81.2,100,-14.54,-20.79,-18.15,-35.86,-32.6,-8.72,-41.41,False,False,,,,,,,,,,agreement,"1.01,2.03,3.02,7.01,8.01,9.01"
TRAK,2026-04-27,NYSE,Technology Services,Packaged Software,148.3,8.12,19.33,10.22,-7.64,11.66,0.2,5.57,1.55,2,5.6,-27.2,-47.7,0.75,-59.1,65.9,100,-10.42,0.93,2.89,1.24,4.54,8.77,-10.73,False,False,,,,,,,,,,filing-other,
HUMA,2025-05-13,NASDAQ,Health Technology,Biotechnology,148.0,1.32,18.56,31.06,10.54,22.45,0.79,3.67,0.2,3,7.75,-67.1,-74.9,0.06,-76.9,82.2,43,19.49,43.13,59.11,68.05,62.3,87.22,7.35,True,True,1.73,15.03,0.0,2,0.0,2,0.538,1,0.0,earnings,"2.02,9.01"
HUMA,2025-07-08,NASDAQ,Health Technology,Biotechnology,148.0,2.16,11.11,18.98,7.08,18.94,0.49,4.0,0.19,7,7.02,60.0,-58.3,0.37,-64.5,66.3,65,5.83,-3.75,-5.0,-4.17,-3.75,18.33,-8.75,False,True,2.57,8.56,-1.0,3,-1.0,3,-1.0,3,-1.061,none,
HUMA,2025-07-23,NASDAQ,Health Technology,Biotechnology,148.0,2.3,9.13,18.7,8.76,21.89,0.78,3.7,0.16,10,7.79,67.9,-49.6,0.67,-62.9,63.3,76,6.37,-1.59,-3.19,-11.95,-35.06,9.76,-39.44,False,True,2.73,14.65,-0.9,4,-0.9,4,-0.9,4,-0.817,none,
HUMA,2025-10-06,NASDAQ,Health Technology,Biotechnology,148.0,2.1,9.52,18.1,7.83,16.97,0.81,3.37,0.15,10,7.74,-18.3,55.6,0.43,-66.0,59.0,96,-28.48,-28.7,-23.48,-21.3,-30.87,-14.39,-32.61,False,True,2.48,12.1,-1.0,1,-1.0,1,-1.0,1,-1.0,agreement,"1.01,7.01,9.01"
HUMA,2026-02-09,NASDAQ,Health Technology,Biotechnology,148.0,0.938,8.74,30.06,19.61,29.0,0.76,5.7,0.74,3,7.52,-28.4,-62.2,0.81,-77.1,94.3,100,2.94,-0.98,11.76,9.8,21.57,28.43,-5.59,False,True,1.22,18.03,-1.0,2,-1.0,2,-0.773,1,-1.0,none,
CDXS,2025-08-14,NASDAQ,Process Industries,Chemicals: Specialty,147.8,3.05,11.48,1.64,-8.82,25.24,0.01,3.29,0.45,2,6.26,23.5,-26.0,0.83,-44.1,32.3,100,-11.47,-15.59,-17.06,-20.0,-28.53,-4.12,-32.65,False,False,,,,,,,,,,earnings,"2.02,9.01"
CDXS,2026-03-12,NASDAQ,Process Industries,Chemicals: Specialty,147.8,1.27,51.97,34.65,-11.4,30.67,0.16,22.7,4.19,2,9.68,-32.1,-47.7,0.54,-50.1,55.4,100,-16.58,-23.83,-13.47,-13.99,16.06,27.46,-26.94,False,False,,,,,,,,,,earnings,"2.02,9.01"
TLYS,2026-03-12,NYSE,Retail Trade,Apparel/Footwear Retail,146.5,1.63,59.51,47.24,-7.69,21.33,0.31,94.53,3.42,6,6.97,-16.8,-17.3,0.78,-30.3,1.1,100,3.46,11.15,41.15,61.54,94.23,100.77,-8.46,True,False,,,,,,,,,,earnings,"2.02,5.02,9.01"
TLYS,2026-06-04,NYSE,Retail Trade,Apparel/Footwear Retail,146.5,4.44,18.02,18.69,0.57,30.24,0.54,10.14,0.06,11,7.4,200.0,202.0,0.7,-5.4,0.6,37,-2.1,1.34,1.34,-15.46,-17.94,11.64,-26.53,False,True,5.27,14.04,-0.919,8,-0.919,8,-1.0,9,-0.595,earnings,"2.02,9.01"
INTT,2026-02-27,AMEX,Electronic Technology,Electronic Equipment/Instruments,145.6,9.99,12.61,16.62,3.56,11.81,0.86,4.91,1.56,0,6.0,28.9,40.1,0.68,3.4,0.0,100,8.44,12.71,17.69,24.18,24.71,39.2,1.69,True,True,11.65,9.18,2.299,14,1.29,21,4.411,64,1.854,earnings,"2.02,9.01"
AGPU,2025-09-29,NASDAQ,Health Technology,Medical Specialties,145.5,11.625,176.13,54.84,-43.93,94.37,0.1,265.39,0.35,19,12.05,-6.6,-46.6,0.87,-30.1,0.0,100,-55.7,-56.07,-55.45,-58.04,-71.03,-48.47,-75.05,False,False,,,,,,,,,,agreement,"1.01,3.02,5.02,5.03,7.01,8.01,9.01"
AGPU,2025-12-08,NASDAQ,Health Technology,Medical Specialties,145.5,4.26,8.92,15.02,5.6,42.52,0.34,6.67,0.02,10,13.8,-72.2,-68.9,0.19,-89.9,99.7,47,19.83,28.23,17.03,38.36,42.89,81.9,2.69,True,True,4.9,12.65,0.855,5,1.065,1,1.065,1,1.135,none,
AGPU,2026-01-15,NASDAQ,Health Technology,Medical Specialties,145.5,6.86,19.83,3.21,-13.87,38.25,0.23,60.89,0.38,6,14.66,-49.6,-41.5,0.67,-78.9,89.9,100,-21.78,-23.97,-32.97,-65.21,-70.32,-9.98,-74.57,False,False,,,,,,,,,,none,
AGPU,2026-04-01,NASDAQ,Health Technology,Medical Specialties,145.5,1.62,14.2,119.75,92.43,132.96,0.74,2088.97,23.84,17,18.65,-77.7,-88.6,0.27,-94.2,95.0,49,120.0,157.3,161.62,95.14,219.46,487.03,63.24,True,True,3.56,49.72,0.0,7,0.0,7,0.0,7,0.226,earnings,"2.02,5.02,8.01,9.01"
AGPU,2026-04-22,NASDAQ,Health Technology,Medical Specialties,145.5,4.88,122.34,79.3,-19.35,35.24,0.25,21.89,0.91,1,30.96,-21.9,-47.6,0.27,-66.2,4.7,86,-34.56,-38.62,-48.02,-45.35,-52.72,-29.77,-61.47,False,False,,,,,,,,,,other-8k,"8.01,9.01"
AGPU,2026-07-27,NASDAQ,Health Technology,Medical Specialties,145.5,6.85,14.89,5.26,-8.39,24.28,0.36,9.06,0.04,10,13.37,3.2,24.3,0.73,-75.5,38.3,100,-6.86,8.01,7.24,6.86,30.5,49.05,-12.33,True,False,,,,,,,,,,other-8k,"8.01,9.01"
RRGB,2025-05-30,NASDAQ,Consumer Services,Restaurants,144.6,3.13,39.62,62.94,16.7,35.63,0.59,108.8,8.29,7,6.36,-44.4,-42.9,0.59,-34.6,74.2,100,34.55,48.74,51.49,10.98,32.49,61.33,7.32,True,True,5.1,17.45,0.315,9,0.0,10,0.0,10,0.734,earnings,"2.02,9.01"
RRGB,2026-02-26,NASDAQ,Consumer Services,Restaurants,144.6,3.63,16.8,33.06,13.92,23.13,0.71,18.89,0.12,9,5.42,-6.4,-45.5,0.95,-46.3,76.9,100,18.63,4.72,4.95,-18.63,-32.55,24.76,-32.78,False,True,4.83,14.08,-1.0,6,-1.0,6,-1.0,6,-0.858,earnings,"2.02,9.01"
RRGB,2026-05-20,NASDAQ,Consumer Services,Restaurants,144.6,3.85,9.87,18.18,7.57,36.31,0.75,10.68,0.12,2,6.45,3.5,-4.0,0.78,-46.4,71.3,100,10.17,6.38,13.71,4.73,47.99,53.9,-3.55,True,True,4.55,21.32,0.0,9,0.0,9,0.0,9,-0.017,earnings,"2.02,9.01"
HURC,2026-06-05,NASDAQ,Producer Manufacturing,Industrial Machinery,143.0,17.12,16.82,23.42,5.65,9.55,0.59,7.01,0.54,19,2.8,10.2,8.1,1.0,-6.8,0.6,100,6.1,8.5,8.0,10.45,10.45,18.75,4.0,True,True,21.13,5.35,1.035,17,0.85,20,0.0,34,0.858,earnings,"2.02,9.01"
MX,2026-05-29,NYSE,Electronic Technology,Semiconductors,142.0,6.79,17.97,29.6,9.86,24.61,0.54,5.86,2.2,0,14.06,146.9,185.3,0.62,13.6,0.0,32,-2.25,11.49,-13.48,-21.97,-42.32,23.1,-46.32,False,True,8.8,11.82,-1.0,1,-1.0,1,-1.0,1,-1.0,filing-other,
OCC,2025-07-08,NASDAQ,Electronic Technology,Telecommunications Equipment,141.5,3.62,25.97,28.73,2.19,21.1,0.33,45.98,0.19,4,8.58,41.4,-16.8,0.95,-34.9,4.2,100,14.69,6.14,20.61,5.26,27.85,52.85,-10.75,False,True,4.66,6.44,0.0,3,0.0,3,0.0,3,0.2,none,
OCC,2025-09-11,NASDAQ,Electronic Technology,Telecommunications Equipment,141.5,6.28,11.46,36.31,22.29,32.69,0.85,8.63,0.02,17,9.78,139.7,79.4,0.54,0.0,0.0,50,39.86,20.0,27.86,17.29,52.71,62.57,8.57,True,True,8.56,21.73,0.0,2,0.0,2,0.0,2,0.0,filing-other,
OCC,2026-03-10,NASDAQ,Electronic Technology,Telecommunications Equipment,141.5,6.11,14.24,30.61,14.33,25.42,0.9,6.63,0.11,9,12.53,-24.1,-3.8,0.52,-39.3,17.7,100,15.47,6.02,-4.3,25.64,38.54,51.72,-6.59,True,True,7.98,18.67,-0.872,5,0.0,14,0.0,14,-0.711,filing-other,
OCC,2026-06-08,NASDAQ,Electronic Technology,Telecommunications Equipment,141.5,12.3,59.43,54.47,-3.11,29.34,0.4,53.66,2.65,0,12.91,101.3,51.5,0.57,20.9,0.0,59,7.14,19.33,5.66,0.97,-18.97,42.68,-28.0,False,False,,,,,,,,,,filing-other,
SIF,2025-08-15,AMEX,Electronic Technology,Aerospace & Defense,141.3,5.63,20.25,19.01,-1.03,27.37,0.56,7.15,1.6,3,6.33,81.6,53.4,0.4,8.3,0.0,49,3.25,1.03,4.87,4.73,7.68,16.4,-5.76,True,False,,,,,,,,,,earnings,"2.02,9.01"
SIF,2026-02-17,AMEX,Electronic Technology,Aerospace & Defense,141.3,11.0,9.09,17.27,7.5,19.75,0.77,9.83,0.71,5,7.87,65.9,64.2,0.95,9.1,0.0,93,-8.33,4.67,20.33,23.25,18.0,25.0,-8.33,False,True,12.9,13.26,-1.0,1,-1.0,1,-1.0,1,-1.0,filing-other,
SIF,2026-05-08,AMEX,Electronic Technology,Aerospace & Defense,141.3,15.55,20.58,27.72,5.92,12.96,0.77,5.1,0.55,7,8.65,143.0,138.9,0.87,6.7,0.0,47,3.68,1.39,-3.89,5.33,10.24,20.0,-8.8,False,True,19.86,9.11,-1.0,1,-1.0,1,-1.0,1,-1.0,earnings,"2.02,9.01"
KRRO,2026-01-29,NASDAQ,Health Technology,Pharmaceuticals: Major,140.8,11.69,26.6,13.86,-10.07,14.91,0.16,5.31,0.14,11,8.07,-70.8,-28.1,0.46,-73.5,42.8,79,-9.93,-14.19,-22.03,-20.54,-18.04,-6.22,-26.96,False,False,,,,,,,,,,filing-other,
KRRO,2026-03-09,NASDAQ,Health Technology,Pharmaceuticals: Major,140.8,11.18,9.57,10.02,0.41,19.77,0.38,4.03,0.11,10,7.48,64.2,-66.3,0.35,-78.1,49.2,45,-6.29,-6.12,2.86,-8.0,13.55,26.98,-19.18,False,True,12.3,7.07,-1.0,1,-1.0,1,-1.0,1,-1.0,earnings,"1.01,2.02,3.02,7.01,9.01"
KRRO,2026-03-13,NASDAQ,Health Technology,Pharmaceuticals: Major,140.8,11.5,19.91,11.3,-7.18,17.43,0.09,5.0,0.13,12,8.21,46.9,-66.6,0.51,-75.3,39.5,70,-8.63,-17.26,-22.04,-24.58,-0.73,12.8,-28.21,False,False,,,,,,,,,,earnings,"2.02,9.01"
EGG,2026-07-29,AMEX,Commercial Services,Miscellaneous Commercial Services,140.0,3.81,18.11,2.89,-12.89,39.34,0.45,5.62,0.2,1,30.82,-46.3,-38.0,0.76,-65.6,30.2,100,-20.0,-21.78,-23.78,-28.67,-32.44,-8.67,-42.22,False,False,,,,,,,,,,none,
NYXH,2025-04-08,NASDAQ,Health Technology,Medical Specialties,139.5,5.71,19.44,6.13,-11.14,17.69,0.11,34.85,0.91,3,8.85,-42.1,-37.2,0.87,-42.5,97.3,100,-8.5,-9.82,-12.32,-11.58,-7.33,-2.35,-17.6,False,False,,,,,,,,,,filing-other,
NYXH,2025-08-11,NASDAQ,Health Technology,Medical Specialties,139.5,7.42,15.23,-5.39,-17.89,24.1,0.06,15.58,0.26,23,4.4,17.8,-30.3,0.9,-28.0,35.0,100,-21.75,-20.47,-23.16,-24.5,-33.45,-15.56,-34.99,False,False,,,,,,,,,,filing-other,
NYXH,2025-10-07,NASDAQ,Health Technology,Medical Specialties,139.5,5.8,15.34,12.41,-2.54,7.98,0.54,4.76,0.1,18,5.42,-25.2,1.6,0.43,-43.6,56.5,96,-8.82,-4.63,-8.82,-14.35,-24.22,2.77,-26.01,False,False,,,,,,,,,,none,
NYXH,2026-06-08,NASDAQ,Health Technology,Medical Specialties,139.5,1.45,15.17,-4.14,-16.77,24.44,0.12,31.79,1.5,2,6.34,-58.5,-69.9,0.94,-80.6,85.6,100,-19.76,-10.78,-7.19,-5.99,0.0,11.38,-24.55,False,False,,,,,,,,,,equity-sale,
NYXH,2026-06-10,NASDAQ,Health Technology,Medical Specialties,139.5,1.34,12.69,-2.24,-13.25,22.22,0.18,6.08,0.44,3,7.99,-62.7,-72.9,0.9,-82.4,67.0,96,-1.32,2.65,5.3,7.95,13.25,23.18,-11.26,True,False,,,,,,,,,,filing-other,
HUHU,2026-02-04,NASDAQ,Technology Services,Information Technology Services,139.3,5.0,8.2,10.1,1.76,13.71,0.35,3.16,0.03,99,8.73,-22.1,-15.0,0.56,-55.7,72.6,100,5.93,12.01,15.34,29.21,26.06,70.06,-0.92,True,True,5.505,4.63,0.886,1,0.886,1,0.886,1,0.886,none,
HUHU,2026-03-23,NASDAQ,Technology Services,Information Technology Services,139.3,6.0,8.35,8.33,-0.02,16.09,0.48,3.87,0.05,77,10.92,-45.6,-26.4,0.63,-46.7,36.5,100,-2.32,7.68,15.52,50.9,52.28,68.07,-3.09,True,False,,,,,,,,,,none,
FGBI,2025-11-20,NASDAQ,Finance,Regional Banks,138.9,4.87,10.14,-0.62,-9.77,13.03,0.13,4.11,0.79,4,7.09,-37.9,-47.7,0.75,-64.8,97.4,100,-4.92,-7.9,-10.7,-17.79,-5.67,-2.13,-19.65,False,False,,,,,,,,,,filing-other,
LFMD,2025-04-29,NASDAQ,Health Services,Medical/Nursing Services,138.8,6.1,31.64,41.31,7.35,23.79,0.96,28.7,2.95,5,7.19,10.9,43.5,0.81,-6.0,1.4,100,-8.34,-9.71,-3.36,6.1,42.84,51.81,-12.08,True,True,8.62,18.56,2.213,29,2.638,39,1.65,50,1.19,other-8k,"7.01,9.01"
LFMD,2026-03-10,NASDAQ,Health Services,Medical/Nursing Services,138.8,3.12,12.18,25.32,11.71,17.34,0.75,6.74,0.29,12,7.84,-10.9,-49.3,0.73,-77.9,88.3,100,16.0,13.71,26.86,10.86,-0.86,35.43,-5.14,False,True,3.91,11.51,0.0,8,0.0,8,0.0,8,0.052,earnings,"2.02,7.01,9.01"
KRMD,2026-05-07,NASDAQ,Health Technology,Medical Specialties,138.7,4.01,11.97,10.72,-1.11,8.08,0.31,3.14,0.07,11,4.54,-17.7,3.9,1.0,-32.1,34.0,100,-6.46,-10.91,-11.36,-7.8,-12.47,-2.34,-15.37,False,False,,,,,,,,,,earnings,"2.02,9.01"
ZKIN,2025-05-08,NASDAQ,Producer Manufacturing,Industrial Machinery,138.2,1.13,36.28,123.01,63.64,110.4,0.92,1253.99,3.58,15,9.72,-56.9,101.8,0.4,-51.6,2.9,67,159.09,62.34,103.9,78.57,51.95,190.26,37.66,True,True,2.52,50.4,0.0,3,0.0,3,0.0,3,-0.005,none,
ZKIN,2025-05-09,NASDAQ,Producer Manufacturing,Industrial Machinery,138.2,2.52,64.29,58.33,-3.62,47.04,0.66,15.22,0.52,2,14.61,-4.5,338.3,0.4,30.2,0.0,64,-31.4,-30.43,-30.19,-33.57,-42.03,-6.04,-48.79,False,False,,,,,,,,,,none,
ZKIN,2025-07-16,NASDAQ,Producer Manufacturing,Industrial Machinery,138.2,2.64,10.61,8.33,-2.05,15.42,0.85,3.11,0.0,17,11.33,180.0,330.0,0.51,-34.7,22.8,25,-8.56,-18.15,-13.01,-20.96,-36.3,16.78,-37.33,False,False,,,,,,,,,,none,
HOFT,2026-06-11,NASDAQ,Consumer Durables,Home Furnishings,137.9,12.33,19.22,26.12,5.78,13.41,0.56,6.73,0.14,3,5.85,-3.4,11.6,0.95,-8.1,3.6,100,4.42,3.47,7.48,16.33,1.77,23.06,-5.85,False,True,15.55,6.95,0.0,11,0.0,11,0.0,11,-0.105,earnings,"2.02,5.07,9.01"
TUSK,2025-04-14,NASDAQ,Industrial Services,Oilfield Services/Equipment,137.2,1.89,22.22,20.11,-1.73,22.79,0.24,12.07,4.54,0,11.29,-35.5,-59.4,0.46,-52.9,67.2,98,11.26,13.85,17.32,12.99,11.26,21.65,-1.73,True,False,,,,,,,,,,none,
TUSK,2025-12-03,NASDAQ,Industrial Services,Oilfield Services/Equipment,137.2,1.765,9.92,21.81,10.82,14.58,0.82,7.88,0.52,3,4.74,-24.9,-32.1,0.83,-46.3,93.9,100,11.34,7.73,0.0,-1.55,1.55,15.46,-11.6,False,True,2.15,10.7,-0.913,5,-1.0,6,-0.565,2,-0.696,agreement,"1.01,2.01,7.01,9.01"
ZENA,2025-04-24,NASDAQ,Technology Services,Information Technology Services,136.8,2.19,24.66,18.72,-4.76,26.25,0.32,95.68,0.42,22,12.76,-63.0,8.4,0.32,-78.0,69.8,75,-13.19,-23.08,-19.41,-21.61,-10.99,-3.3,-26.74,False,False,,,,,,,,,,filing-other,
ZENA,2025-06-05,NASDAQ,Technology Services,Information Technology Services,136.8,3.18,48.74,39.94,-5.92,66.75,0.11,46.96,1.17,7,9.16,5.0,-56.2,0.6,-61.9,55.1,100,-9.3,3.59,6.77,-16.49,-30.66,33.19,-31.71,False,False,,,,,,,,,,none,
ZENA,2025-08-12,NASDAQ,Technology Services,Information Technology Services,136.8,4.8,13.54,16.25,2.39,15.09,0.53,13.54,0.16,16,9.65,125.4,0.0,0.37,-56.2,40.3,47,-0.92,-9.54,-15.96,-9.36,-15.05,0.13,-20.18,False,True,5.58,7.35,-1.0,1,-1.0,1,-1.0,1,-1.0,filing-other,
ZENA,2025-11-11,NASDAQ,Technology Services,Information Technology Services,136.8,3.92,8.67,-1.53,-9.39,16.35,0.21,6.93,0.08,11,8.15,-27.4,74.2,0.83,-65.7,83.0,100,-4.23,-16.67,-19.25,-26.06,-23.47,-1.41,-32.39,False,False,,,,,,,,,,filing-other,
ZENA,2026-05-28,NASDAQ,Technology Services,Information Technology Services,136.8,1.43,11.19,13.99,2.52,5.81,0.89,3.94,0.08,3,9.75,-49.1,-51.9,0.73,-77.6,93.8,100,2.2,-5.66,-4.4,-3.77,-1.89,8.18,-17.61,False,True,1.63,4.91,-1.0,1,-1.0,1,-1.0,1,-1.0,filing-other,
ZENA,2026-06-03,NASDAQ,Technology Services,Information Technology Services,136.8,1.5,14.0,0.67,-11.7,17.93,0.23,5.78,0.15,3,9.0,-43.4,-54.5,0.71,-75.9,89.5,100,-11.11,-18.71,-10.53,-17.54,-16.96,-0.58,-23.39,False,False,,,,,,,,,,filing-other,
ZENA,2026-08-07,NASDAQ,Technology Services,Information Technology Services,136.8,1.38,15.22,19.57,3.77,12.9,0.5,24.18,2.03,8,6.95,-34.3,-48.2,0.9,-77.6,67.0,100,7.55,19.5,34.59,27.67,5.66,42.14,1.89,True,True,1.65,6.06,2.6,9,0.6,15,0.0,17,2.567,filing-other,
SPRB,2025-06-12,NASDAQ,Health Technology,Biotechnology,135.9,343.125,32.79,27.87,-3.7,20.0,0.2,3.38,0.05,20,11.57,-81.5,-88.7,0.17,-86.7,82.4,41,-7.41,-9.88,-13.58,-11.11,27.16,41.98,-20.99,False,False,,,,,,,,,,other-8k,"3.01,8.01,9.01"
SPRB,2025-08-15,NASDAQ,Health Technology,Biotechnology,135.9,8.75,9.71,2.97,-6.15,17.79,0.34,6.38,0.91,7,18.53,-97.6,-99.6,0.6,-99.7,83.1,66,-6.77,-12.81,-14.58,-27.08,2.08,32.81,-27.08,False,False,,,,,,,,,,earnings,"2.02,9.01"
SPRB,2025-10-06,NASDAQ,Health Technology,Biotechnology,135.9,8.82,294.22,1378.46,275.04,466.1,0.72,1577.93,241.27,3,14.84,-97.8,-99.4,0.54,-99.0,5.1,62,425.17,404.2,357.32,326.11,201.27,590.25,187.6,True,True,130.4,76.97,0.273,9,0.0,11,0.0,11,0.331,none,
DIBS,2025-11-07,NASDAQ,Retail Trade,Internet Retail,135.5,3.48,14.66,15.52,0.75,8.88,0.56,8.29,0.22,7,6.55,32.8,30.8,0.84,-9.1,7.0,100,3.51,24.06,24.31,25.56,49.37,66.04,-0.5,True,True,4.02,4.73,0.0,3,0.0,3,0.0,3,1.632,earnings,"2.02,8.01,9.01"
BRLT,2025-08-07,NASDAQ,Retail Trade,Specialty Stores,135.5,1.38,16.67,37.68,18.01,69.57,0.26,1298.29,110.72,14,6.71,-11.5,-17.9,0.97,-30.0,48.9,100,8.7,24.22,32.92,40.37,72.98,92.55,0.0,True,True,1.9,15.26,-1.0,1,-1.0,1,-1.0,1,-1.0,earnings,"1.01,2.02,8.01,9.01"
BRLT,2026-08-06,NASDAQ,Retail Trade,Specialty Stores,135.5,1.04,8.65,16.35,7.08,15.04,0.47,10.83,0.01,11,6.49,-26.2,-32.9,0.92,-63.5,98.3,100,13.27,17.7,20.35,17.7,16.81,27.26,-2.21,False,True,1.21,6.61,-1.0,1,-1.0,1,-1.0,1,-1.0,earnings,"2.02,9.01"
HOST,2025-11-05,AMEX,Retail Trade,Food Retail,135.4,18.865,24.3,11.32,-10.45,20.0,0.0,4.59,0.14,8,8.05,28.3,42.2,0.46,-71.5,57.7,98,-10.6,-13.43,-10.45,-12.84,-13.88,2.99,-20.9,False,False,,,,,,,,,,filing-other,
HOST,2026-02-20,AMEX,Retail Trade,Food Retail,135.4,9.38,8.21,8.96,0.69,17.39,0.89,77.11,1.56,20,9.12,-55.7,-33.2,0.7,-70.4,86.5,100,1.03,18.97,8.62,-10.34,-0.69,30.0,-12.76,True,True,10.22,13.36,0.0,5,-0.462,2,0.026,1,0.453,none,
HOST,2026-02-25,AMEX,Retail Trade,Food Retail,135.4,9.59,22.26,25.91,2.99,30.0,0.63,51.92,2.56,5,9.17,-55.7,-34.1,0.75,-65.8,64.7,100,-0.9,-9.25,-17.61,-13.73,-17.01,4.48,-24.48,False,True,12.075,15.94,-1.0,2,-1.0,2,-1.0,2,-1.0,none,
HOST,2026-06-01,AMEX,Retail Trade,Food Retail,135.4,11.655,24.02,10.51,-10.9,30.83,0.07,37.17,1.43,4,6.5,9.5,-45.1,0.98,-57.9,20.6,100,-16.22,-27.36,-32.93,-37.05,-53.03,-4.36,-57.63,False,False,,,,,,,,,,none,
HOST,2026-08-07,AMEX,Retail Trade,Food Retail,135.4,7.0,58.5,50.0,-5.36,84.51,0.01,732.96,9.83,13,7.94,-29.8,-25.9,0.49,-67.7,66.4,100,-19.24,-8.2,-16.4,-12.62,-36.73,4.1,-40.06,False,False,,,,,,,,,,agreement,"1.01,3.02,3.03,5.03,9.01"
DH,2025-05-09,NASDAQ,Technology Services,Packaged Software,134.7,2.81,27.58,31.32,2.93,23.09,0.2,4.49,0.58,3,4.33,-45.4,-31.8,0.76,-36.9,50.4,100,-0.14,-4.88,-8.51,-15.76,2.09,7.11,-16.04,False,True,3.69,4.47,-1.0,3,-1.0,3,-1.0,3,-1.232,earnings,"2.02,9.01"
GRO,2025-07-15,AMEX,Non-Energy Minerals,Other Metals/Minerals,134.4,1.45,40.69,32.41,-5.88,17.58,0.31,55.09,2.3,1,9.95,-37.5,-81.2,0.32,-86.4,39.2,74,-13.73,-28.43,-20.59,-6.86,-18.63,-1.47,-28.43,False,False,,,,,,,,,,none,
GRO,2025-08-21,AMEX,Non-Energy Minerals,Other Metals/Minerals,134.4,1.51,22.52,27.15,3.78,17.65,0.73,12.08,0.75,2,9.17,14.4,-46.5,0.75,-87.7,61.0,100,-8.11,-4.32,0.0,0.54,49.19,61.08,-15.14,False,True,1.92,11.46,-1.0,1,-1.0,1,-1.0,1,-1.0,none,
ZJK,2025-06-05,NASDAQ,Producer Manufacturing,Metal Fabrication,133.8,4.82,13.28,12.03,-1.1,20.5,0.58,467.64,0.53,55,9.21,-6.0,-24.0,0.94,-82.1,88.4,100,-8.42,-16.67,-25.82,-24.91,-32.78,-8.42,-33.88,False,False,,,,,,,,,,none,
TNYA,2026-03-05,NASDAQ,Health Technology,Pharmaceuticals: Major,133.0,0.581,8.09,40.96,30.41,36.44,1.0,8.26,0.48,4,9.82,-52.4,-50.8,0.68,-73.3,73.4,100,41.4,42.52,42.2,28.03,10.67,64.81,-1.27,True,True,0.819,26.62,0.0,4,0.0,4,0.0,4,0.116,agreement,1.01
CRBU,2025-11-03,NASDAQ,Health Technology,Biotechnology,132.9,2.42,40.5,0.41,-28.53,48.53,0.04,57.39,5.63,2,9.08,18.6,181.7,0.65,13.3,0.0,79,-36.18,-37.06,-39.12,-44.41,-48.24,-27.35,-49.41,False,False,,,,,,,,,,earnings,"2.02,7.01,8.01,9.01"
VERI,2025-07-17,NASDAQ,Commercial Services,Advertising/Marketing Services,132.6,1.98,13.64,8.59,-4.44,11.88,0.54,4.05,0.96,3,9.87,-10.8,-28.3,0.63,-60.1,62.7,100,0.44,27.56,12.89,-1.33,19.11,41.78,-15.56,False,False,,,,,,,,,,none,
VERI,2025-07-21,NASDAQ,Commercial Services,Advertising/Marketing Services,132.6,2.26,12.39,23.89,10.24,26.59,0.42,8.54,2.43,3,10.19,4.6,-16.3,0.63,-54.9,52.2,100,12.99,0.0,-14.96,-2.36,1.18,20.47,-25.2,False,True,2.8,10.0,-1.0,3,-1.0,3,-1.0,3,-0.976,none,
VERI,2025-10-15,NASDAQ,Commercial Services,Advertising/Marketing Services,132.6,5.46,45.15,53.66,5.87,26.1,0.47,6.1,2.57,0,12.24,154.0,145.9,0.33,23.3,0.0,15,-17.98,-23.03,-29.34,-19.62,-36.15,-1.96,-37.16,False,True,8.39,10.97,-1.0,1,-1.0,1,-1.0,1,-1.0,earnings,"1.01,2.02,7.01,8.01,9.01"
RTB,2025-06-02,NASDAQ,Technology Services,Packaged Software,132.1,20.3,13.79,3.45,-9.09,339.62,0.04,1260.76,90.31,3,11.95,-28.4,-69.0,0.7,-71.9,80.2,97,-31.82,36.36,1.52,6.06,36.36,81.82,-45.45,False,False,,,,,,,,,,none,
RTB,2025-06-05,NASDAQ,Technology Services,Packaged Software,132.1,13.3,63.16,136.84,45.16,103.39,0.51,65.7,2.38,1,30.82,-53.7,-75.8,0.65,-73.6,7.6,86,22.58,3.23,19.35,27.42,-1.61,58.06,-3.23,True,True,31.5,34.44,-0.484,18,-0.742,2,-0.452,1,-0.602,filing-other,
RTB,2025-08-18,NASDAQ,Technology Services,Packaged Software,132.1,10.15,10.34,10.34,0.0,20.69,0.5,25.11,0.17,5,9.67,-58.0,-77.0,0.35,-86.4,91.4,65,-6.25,-3.12,0.0,-3.12,-12.5,3.13,-15.63,False,False,,,,,,,,,,none,
RTB,2025-10-01,NASDAQ,Technology Services,Packaged Software,132.1,10.5,66.67,70.0,2.0,31.82,0.5,79.28,0.59,7,7.12,-60.0,-66.7,0.87,-78.7,71.6,95,-20.0,-18.0,-24.0,-26.0,-30.0,16.0,-40.0,False,True,17.85,13.73,-1.0,1,-1.0,1,-1.0,1,-1.0,agreement,"1.01,5.02,7.01,9.01"
RTB,2026-01-23,NASDAQ,Technology Services,Packaged Software,132.1,5.24,40.27,20.42,-14.15,41.09,0.1,91.54,0.97,12,16.25,-50.1,-54.6,0.43,-91.0,92.3,90,-22.59,-6.12,-16.87,-6.26,-20.95,4.49,-28.44,False,False,,,,,,,,,,none,
HURA,2025-08-12,NASDAQ,Health Technology,Biotechnology,131.9,3.05,11.15,6.56,-4.13,25.4,0.18,8.52,0.59,5,8.64,-20.2,-31.3,0.78,-59.6,53.9,100,-16.22,-9.73,-11.5,-11.5,-30.09,-1.18,-32.74,False,False,,,,,,,,,,filing-other,9.01
HURA,2026-02-11,NASDAQ,Health Technology,Biotechnology,131.9,1.3,13.85,-0.77,-12.84,42.45,0.51,4.07,0.37,3,17.19,-47.6,-60.0,0.37,-69.0,44.8,72,-6.08,-23.65,-25.0,9.46,32.43,45.27,-31.08,False,False,,,,,,,,,,none,
HCAT,2026-06-04,NASDAQ,Technology Services,Packaged Software,131.7,1.33,33.83,45.86,8.99,21.05,0.64,49.28,8.69,3,8.45,-31.1,-51.8,0.75,-58.5,72.7,100,8.43,-3.93,-7.87,-2.25,28.65,29.78,-14.04,False,True,1.94,11.86,-1.0,2,-1.0,2,-1.0,2,-1.0,agreement,"1.01,7.01,9.01"
KVHI,2026-05-06,NASDAQ,Electronic Technology,Telecommunications Equipment,131.5,9.43,8.7,11.24,2.34,13.15,0.53,3.2,0.46,2,5.05,51.4,64.9,0.41,-3.6,1.8,74,-0.49,7.32,7.02,4.49,-17.95,26.83,-23.12,False,True,10.49,6.48,-1.0,2,-1.0,2,-1.0,2,-1.0,earnings,"2.02,9.01"
KVHI,2026-05-26,NASDAQ,Electronic Technology,Telecommunications Equipment,131.5,11.69,9.32,-1.45,-9.86,14.04,0.08,4.2,0.84,1,6.96,95.2,96.1,0.6,9.0,0.0,47,-15.81,-27.39,-30.52,-41.24,-27.23,-0.78,-42.88,False,False,,,,,,,,,,none,
VNCE,2025-09-11,NASDAQ,Consumer Non-Durables,Apparel/Footwear,131.3,1.66,112.65,89.16,-11.05,43.34,0.17,159.97,0.64,4,4.73,16.9,-19.8,0.97,-48.8,80.8,100,-24.93,-25.5,-25.78,-0.28,-13.6,2.83,-32.86,False,False,,,,,,,,,,earnings,"2.02,9.01"
VNCE,2025-12-09,NASDAQ,Consumer Non-Durables,Apparel/Footwear,131.3,3.2,11.56,2.19,-8.4,19.67,0.46,11.2,0.01,26,7.22,92.8,119.2,0.83,-48.2,51.0,51,-5.04,-1.96,1.96,23.81,0.28,30.25,-12.61,True,False,,,,,,,,,,earnings,"2.02,9.01"
VNCE,2026-04-15,NASDAQ,Consumer Non-Durables,Apparel/Footwear,131.3,2.81,12.1,11.74,-0.32,16.33,0.29,16.15,0.01,56,8.83,0.0,5.6,0.81,-32.3,9.1,100,-3.17,42.54,39.37,46.67,33.97,87.3,-4.44,True,False,,,,,,,,,,earnings,"2.02,9.01"
VNCE,2026-04-20,NASDAQ,Consumer Non-Durables,Apparel/Footwear,131.3,3.4,11.47,32.06,18.47,23.06,0.88,14.36,0.01,34,9.53,21.9,11.1,0.76,-18.5,2.0,100,7.92,13.72,21.64,37.99,11.08,55.67,5.54,True,True,4.49,16.93,0.0,13,0.0,13,0.0,13,-0.079,none,
VNCE,2026-08-27,NASDAQ,Consumer Non-Durables,Apparel/Footwear,131.3,6.34,18.3,23.19,4.13,10.96,0.64,9.8,0.01,48,6.29,47.4,98.1,0.73,-8.5,0.6,83,0.8,-13.33,-16.27,-30.13,53.33,73.2,-34.53,False,True,7.81,6.53,-1.0,2,-1.0,2,-1.0,2,-1.0,agreement,"1.01,7.01,9.01"
RGP,2026-04-09,NASDAQ,Commercial Services,Miscellaneous Commercial Services,130.8,3.52,9.37,-1.42,-9.87,26.14,0.51,4.21,1.02,6,4.02,-33.2,-27.4,0.68,-38.9,86.6,100,-5.97,-2.08,0.52,1.3,15.84,17.14,-14.03,True,False,,,,,,,,,,earnings,"2.02,8.01,9.01"
ENGN,2025-11-11,NASDAQ,Commercial Services,Miscellaneous Commercial Services,130.7,6.01,42.26,46.76,3.16,42.27,0.3,160.17,22.16,3,10.87,66.0,108.7,0.43,-11.4,14.4,44,1.52,-0.23,-19.53,-9.82,-6.32,14.62,-26.2,False,True,8.82,11.22,-1.0,5,-1.0,5,-1.0,5,-0.764,equity-sale,"7.01,8.01,9.01"
FLYX,2025-08-18,AMEX,Transportation,Airlines,130.7,3.49,10.89,13.75,2.58,14.22,0.94,4.08,0.33,15,12.74,26.9,-6.2,0.78,-21.0,2.7,100,-4.39,-4.13,7.49,10.85,29.46,44.19,-17.44,False,True,3.97,11.79,-1.0,1,-1.0,1,-1.0,1,-1.0,none,
FLYX,2026-01-08,AMEX,Transportation,Airlines,130.7,3.14,93.63,130.25,18.91,54.97,0.48,6563.32,308.17,17,11.83,-26.1,22.2,0.95,-11.8,0.0,100,5.1,-36.68,-38.49,-46.05,-50.16,18.42,-61.84,False,True,7.23,20.75,-1.0,2,-1.0,2,-1.0,2,-1.0,agreement,"1.01,8.01,9.01"
FLYX,2026-03-17,AMEX,Transportation,Airlines,130.7,2.46,11.38,7.72,-3.28,36.79,0.68,84.11,0.16,8,9.85,-38.2,-46.1,0.43,-69.1,95.8,96,-16.42,-25.91,-13.5,-17.52,8.39,10.58,-27.01,False,False,,,,,,,,,,filing-other,
TISI,2026-08-11,NYSE,Commercial Services,Miscellaneous Commercial Services,130.4,16.55,26.89,37.22,8.14,25.7,0.84,31.33,1.17,21,4.18,3.5,15.8,1.0,5.1,0.0,100,4.76,5.33,11.05,14.71,27.0,33.57,1.62,True,True,22.71,17.75,0.782,22,,,,,0.473,earnings,"1.01,2.02,7.01,9.01"
VRME,2025-07-31,NASDAQ,Technology Services,Packaged Software,130.3,0.6862,79.25,102.56,13.01,42.31,0.8,292.96,1.86,19,4.62,-5.4,-51.3,1.0,-75.4,89.3,100,-1.63,-15.45,-25.26,-28.54,-25.64,1.22,-38.62,False,True,1.39,25.18,-1.0,2,-1.0,2,-1.0,2,-1.0,agreement,1.01
VRME,2025-09-19,NASDAQ,Technology Services,Packaged Software,130.3,0.9256,8.04,38.29,28.0,37.76,0.81,46.01,0.07,34,7.12,25.8,6.4,0.84,-80.0,91.7,100,8.0,-1.05,-8.43,1.0,13.0,30.0,-15.0,False,True,1.28,23.44,-1.0,3,-1.0,3,-1.0,3,-0.989,none,
VRME,2025-10-20,NASDAQ,Technology Services,Packaged Software,130.3,1.13,10.62,26.55,14.4,27.59,0.84,10.51,0.05,6,9.76,50.5,81.3,0.71,-75.0,88.1,86,1.6,-13.6,-9.6,-21.13,-34.16,12.0,-38.4,False,True,1.43,18.88,-1.0,2,-1.0,2,-1.0,2,-1.0,other-8k,8.01
VRME,2026-01-05,NASDAQ,Technology Services,Packaged Software,130.3,0.6746,60.09,57.13,-1.85,53.18,0.28,548.36,1.09,14,7.6,-33.2,-8.4,0.44,-78.4,89.7,97,-2.78,-4.63,-9.26,14.81,4.63,39.81,-12.95,True,False,,,,,,,,,,agreement,"1.01,7.01,9.01"
MED,2026-08-04,NYSE,Commercial Services,Miscellaneous Commercial Services,129.8,9.74,23.51,34.29,8.73,12.55,0.75,3.71,0.57,4,3.76,-8.4,-15.3,0.92,-20.4,31.2,100,2.08,4.9,-3.16,-6.15,0.5,11.06,-6.4,False,True,13.08,8.64,-1.0,2,-1.0,2,-1.0,2,-1.0,earnings,"2.02,9.01"
AIRS,2025-05-02,NASDAQ,Health Technology,Medical Specialties,129.8,2.26,26.55,33.63,5.59,31.37,0.87,13.22,2.96,4,13.23,-52.8,-63.3,0.21,-68.9,67.5,60,-15.03,-10.49,4.55,24.83,55.94,60.14,-29.37,False,True,3.02,21.36,-1.0,1,-1.0,1,-1.0,1,-1.0,earnings,"2.02,9.01"
AIRS,2026-03-16,NASDAQ,Health Technology,Medical Specialties,129.8,1.85,54.86,51.62,-2.09,30.92,0.41,98.11,8.82,10,12.36,-39.1,-70.2,0.62,-76.1,68.8,92,-6.11,-5.06,-2.97,-4.71,-8.55,21.82,-20.07,False,False,,,,,,,,,,earnings,"2.02,9.01"
ACNT,2025-11-05,NASDAQ,Process Industries,Chemicals: Specialty,129.3,11.97,8.44,4.76,-3.39,6.48,0.44,4.76,0.29,7,2.5,-7.6,-8.0,1.0,-5.3,9.8,100,-4.31,-2.23,5.47,6.93,16.02,20.18,-6.16,False,False,,,,,,,,,,earnings,"2.02,9.01"
SHIM,2025-05-15,NASDAQ,Industrial Services,Engineering & Construction,129.0,1.695,17.4,3.24,-12.06,19.16,0.25,4.04,0.0,32,11.09,-21.2,-21.5,0.63,-47.4,96.4,100,-15.58,-17.09,-21.61,-16.58,-17.09,10.55,-31.41,False,False,,,,,,,,,,earnings,"2.02,9.01"
SHIM,2025-11-14,NASDAQ,Industrial Services,Engineering & Construction,129.0,2.52,9.52,-1.98,-10.51,22.67,0.43,5.89,0.0,21,6.44,-5.6,50.0,0.7,-27.0,79.6,100,-22.1,-23.91,-22.46,-8.33,-5.8,1.45,-27.17,False,False,,,,,,,,,,earnings,"2.02,9.01"
NMRA,2025-06-09,NASDAQ,Health Technology,Pharmaceuticals: Major,127.3,1.02,11.76,6.86,-4.39,24.07,0.04,3.9,0.07,19,10.2,-23.9,-89.6,0.67,-93.4,83.7,95,-10.53,-21.23,-24.21,-29.12,-10.53,3.51,-37.19,False,False,,,,,,,,,,none,
NMRA,2025-10-30,NASDAQ,Health Technology,Pharmaceuticals: Major,127.3,2.5,10.0,17.2,6.55,14.04,0.69,4.14,0.17,4,10.1,60.3,224.3,0.87,-80.5,10.5,65,9.82,1.45,-6.18,-2.18,-18.55,18.18,-23.64,False,True,2.93,8.87,-1.0,4,-1.0,4,-1.0,4,-0.846,filing-other,
NMRA,2026-01-05,NASDAQ,Health Technology,Pharmaceuticals: Major,127.3,1.66,10.84,-1.51,-11.14,14.11,0.02,3.69,0.08,12,6.49,-9.3,85.5,0.41,-83.9,60.1,85,-1.09,26.63,20.65,1.63,10.87,39.67,-18.48,False,False,,,,,,,,,,other-8k,"8.01,9.01"
NMRA,2026-01-07,NASDAQ,Health Technology,Pharmaceuticals: Major,127.3,1.82,14.29,25.82,10.1,23.9,0.49,10.91,0.59,11,8.45,-2.2,78.4,0.4,-36.0,42.3,86,12.02,6.73,3.37,0.96,-5.77,23.56,-11.54,False,True,2.29,10.48,-1.0,6,-1.0,6,-0.292,2,-0.764,none,
FEAM,2025-10-06,NASDAQ,Process Industries,Chemicals: Specialty,127.0,4.09,10.02,8.56,-1.33,10.88,0.26,4.33,0.73,2,7.77,16.9,16.9,0.84,-81.9,20.2,100,2.22,10.67,52.22,37.78,-4.22,66.67,-11.11,False,False,,,,,,,,,,none,
FEAM,2025-10-13,NASDAQ,Process Industries,Chemicals: Specialty,127.0,5.66,11.84,21.02,8.21,16.16,0.9,3.39,0.37,2,11.6,59.4,35.5,0.76,-74.5,5.6,89,11.14,-5.53,-2.05,-17.38,-24.17,17.85,-39.02,False,True,6.85,12.66,-1.0,3,-1.0,3,-1.0,3,-1.001,none,
FEAM,2026-05-13,NASDAQ,Process Industries,Chemicals: Specialty,127.0,1.51,9.27,31.79,20.61,26.77,0.84,5.24,0.64,13,8.87,-32.6,-68.5,0.76,-78.0,84.0,100,21.21,13.94,14.55,11.52,1.21,27.88,-7.27,False,True,1.99,18.34,-0.329,8,-0.548,12,-1.0,18,-0.32,filing-other,
FEAM,2026-08-10,NASDAQ,Process Industries,Chemicals: Specialty,127.0,1.5,30.0,30.67,0.51,28.49,0.19,33.7,3.0,3,13.52,-6.3,-30.6,0.49,-74.0,52.0,100,-5.64,-16.92,-14.36,-14.87,-21.03,-0.26,-24.1,False,True,1.96,5.1,-1.0,1,-1.0,1,-1.0,1,-1.0,none,
NRXP,2026-08-07,NASDAQ,Health Technology,Pharmaceuticals: Major,126.4,3.09,13.27,15.86,2.29,23.11,0.27,6.55,0.26,5,8.68,1.0,83.9,0.67,-30.8,25.5,100,-4.29,-4.0,-6.57,1.71,-0.29,5.43,-11.71,False,True,3.58,5.84,-1.0,1,-1.0,1,-1.0,1,-1.0,other-8k,7.01
SVRN,2025-06-16,NASDAQ,Finance,Financial Conglomerates,126.3,805.0,72.05,44.1,-16.25,65.1,0.32,22.28,0.75,1,14.23,66.8,15.0,0.79,42.8,0.0,84,4.69,-48.01,-27.44,-41.88,-32.49,6.5,-58.12,False,False,,,,,,,,,,filing-other,
SVRN,2025-06-23,NASDAQ,Finance,Financial Conglomerates,126.3,720.0,51.39,52.78,0.92,46.49,0.41,8.06,0.5,2,22.74,57.5,18.0,0.79,-31.2,44.2,93,-7.8,-12.39,-15.6,-45.41,-78.58,14.68,-79.36,False,True,1100.0,15.91,-1.0,1,-1.0,1,-1.0,1,-1.0,none,
SVRN,2025-07-14,NASDAQ,Finance,Financial Conglomerates,126.3,680.0,66.91,38.24,-17.18,27.96,0.04,6.15,0.54,3,29.74,88.9,7.9,0.7,-28.4,30.7,67,-33.92,-19.82,-72.25,-92.51,-95.29,10.13,-95.46,False,False,,,,,,,,,,none,
SVRN,2025-07-30,NASDAQ,Finance,Financial Conglomerates,126.3,70.0,28.57,25.0,-2.78,30.91,0.2,27.88,5.26,5,22.53,-80.3,-87.9,0.51,-94.3,90.6,61,-25.0,-33.33,-40.0,-45.56,-64.89,-15.56,-67.78,False,False,,,,,,,,,,filing-other,
SVRN,2025-08-20,NASDAQ,Finance,Financial Conglomerates,126.3,44.0,13.64,15.91,2.0,33.72,0.55,4.73,0.42,1,12.16,-88.5,-91.9,0.27,-96.8,92.9,46,-19.0,-38.8,-36.8,-56.8,-49.2,-16.0,-57.2,False,True,51.0,15.69,-1.0,1,-1.0,1,-1.0,1,-1.0,filing-other,
SVRN,2026-03-02,NASDAQ,Finance,Financial Conglomerates,126.3,8.16,17.65,6.62,-9.38,17.76,0.33,35.69,0.69,22,10.89,-70.0,-71.9,0.46,-99.4,92.8,65,33.33,21.25,9.17,-45.42,-23.44,74.17,-67.5,False,False,,,,,,,,,,none,
SVRN,2026-03-03,NASDAQ,Finance,Financial Conglomerates,126.3,8.7,82.07,47.13,-19.19,35.06,0.1,138.47,5.83,11,11.51,-68.2,-66.5,0.46,-99.0,82.9,66,-31.06,-36.36,-46.34,-67.3,-55.18,-23.11,-80.3,False,False,,,,,,,,,,none,
SVRN,2026-03-19,NASDAQ,Finance,Financial Conglomerates,126.3,4.42,20.36,23.08,2.26,24.17,0.55,13.51,0.74,2,18.55,-83.5,-82.9,0.27,-99.7,92.9,46,-7.14,-20.3,15.79,48.68,92.11,134.59,-41.35,False,True,5.44,11.76,-0.781,1,-0.781,1,-0.781,1,-0.781,filing-other,
STXS,2025-07-28,AMEX,Health Technology,Medical Specialties,125.3,2.25,10.67,15.11,4.02,11.97,0.89,18.52,3.43,12,5.46,14.2,2.7,1.0,-8.5,1.6,100,-1.2,-8.84,-8.03,2.01,10.84,22.49,-15.26,False,True,2.59,9.65,-1.0,3,-1.0,3,-1.0,3,-1.093,none,
STXS,2026-01-06,AMEX,Health Technology,Medical Specialties,125.3,2.36,12.71,8.05,-4.14,10.8,0.19,8.71,0.59,4,3.56,-28.5,7.8,0.67,-25.9,27.5,100,-2.26,-5.64,0.75,3.38,-21.43,7.52,-22.56,False,False,,,,,,,,,,none,
STXS,2026-07-17,AMEX,Health Technology,Medical Specialties,125.3,1.65,11.52,-6.06,-15.76,27.03,0.17,8.0,0.95,4,6.55,-17.9,-40.0,1.0,-48.7,82.8,100,-18.48,-19.02,-29.89,-31.52,-25.0,-11.41,-32.61,False,False,,,,,,,,,,other-8k,"8.01,9.01"
WTF,2025-11-24,NASDAQ,Finance,Investment Banks/Brokers,124.9,3.22,8.7,9.94,1.14,88.96,0.06,11.2,0.07,19,12.6,-33.1,-51.3,0.71,-82.4,99.8,100,-19.43,-5.71,-12.0,-6.57,-5.14,7.43,-22.57,False,True,3.54,5.37,-1.0,1,-1.0,1,-1.0,1,-1.0,none,
COOK,2025-12-01,NYSE,Consumer Durables,Electronics/Appliances,124.7,45.55,8.67,-5.49,-13.03,30.16,0.26,4.47,0.28,4,9.57,-27.1,-31.5,0.51,-71.1,85.2,100,-18.28,-17.07,-27.68,3.03,5.05,16.67,-27.78,False,False,,,,,,,,,,none,
COOK,2026-03-09,NYSE,Consumer Durables,Electronics/Appliances,124.7,30.7,11.4,-12.21,-21.2,41.61,0.28,9.2,0.37,11,9.17,-25.2,-58.2,0.73,-70.1,99.0,100,-14.04,-13.74,-12.28,-16.43,-6.64,3.98,-38.86,False,False,,,,,,,,,,none,
SMID,2025-08-22,NASDAQ,Non-Energy Minerals,Construction Materials,124.7,39.22,9.0,4.9,-3.77,6.81,0.11,3.32,0.19,11,5.24,28.4,12.9,0.78,-17.7,21.5,100,-3.46,-4.09,0.98,-1.71,-14.04,1.8,-18.04,False,False,,,,,,,,,,other-8k,"7.01,9.01"
SUIG,2025-07-25,NASDAQ,Finance,Finance/Rental/Leasing,124.4,1.85,52.43,218.92,109.22,172.13,0.82,2393.43,21.47,27,4.66,32.1,-30.4,0.92,-19.2,28.7,100,110.64,114.54,74.11,112.41,128.01,207.09,52.48,True,True,5.9,58.64,0.0,3,0.0,3,0.0,3,0.014,none,
SUIG,2025-07-28,NASDAQ,Finance,Finance/Rental/Leasing,124.4,5.9,31.19,0.68,-23.26,44.85,0.17,7.05,0.24,1,13.02,301.4,112.2,0.92,16.6,0.0,59,-14.08,-28.42,-32.82,-26.49,-21.06,11.89,-44.44,False,False,,,,,,,,,,none,
OESX,2025-08-06,NASDAQ,Electronic Technology,Semiconductors,124.4,5.7,8.77,21.05,11.29,30.0,0.5,17.83,1.03,9,4.67,-19.7,-29.6,0.87,-39.8,79.9,100,4.84,11.29,3.23,-3.23,18.55,23.87,-9.68,False,True,6.9,13.04,-0.667,6,-0.778,7,-1.0,10,-0.445,earnings,"2.02,9.01"
OESX,2026-08-05,NASDAQ,Electronic Technology,Semiconductors,124.4,10.4,31.44,54.42,17.48,29.53,0.64,17.85,3.21,13,7.0,10.9,-28.0,0.9,-26.7,34.9,100,28.6,40.09,50.62,36.21,59.33,100.22,18.29,True,True,16.06,15.88,1.004,10,,,,,1.073,earnings,"2.02,9.01"
UP,2025-06-20,NYSE,Transportation,Airlines,124.1,25.6,9.37,5.47,-3.57,22.22,0.0,3.1,1.14,0,10.66,18.5,-36.0,0.3,-49.5,68.5,88,-5.71,-2.14,-12.14,-21.43,5.0,17.86,-27.5,False,False,,,,,,,,,,none,
UP,2026-01-12,NYSE,Transportation,Airlines,124.1,13.52,26.48,46.6,15.91,46.07,0.51,24.1,3.39,18,11.67,-59.8,-53.4,0.19,-75.6,85.0,70,22.81,8.77,8.77,-14.5,-21.29,42.57,-34.39,False,True,19.82,19.17,-0.663,6,-1.0,8,-1.0,8,-0.549,none,
UP,2026-01-13,NYSE,Transportation,Airlines,124.1,19.82,18.06,5.95,-10.26,17.21,0.06,3.56,0.26,3,13.3,-40.3,-27.7,0.19,-66.6,70.4,81,-5.98,-15.9,-26.07,-40.77,-45.21,3.42,-52.05,False,False,,,,,,,,,,none,
UFI,2025-04-17,NYSE,Process Industries,Textiles,123.8,4.62,16.23,14.72,-1.3,12.03,0.38,3.76,0.79,1,5.3,-25.1,-33.0,0.81,-28.9,74.9,100,-2.23,-1.12,1.3,-4.28,-13.22,3.72,-18.06,False,False,,,,,,,,,,agreement,"1.01,9.01"
UFI,2026-08-17,NYSE,Process Industries,Textiles,123.8,6.45,9.46,24.5,13.74,15.97,0.97,6.81,2.11,2,5.64,59.7,60.8,0.35,-4.3,1.2,64,14.59,7.37,8.36,4.67,-4.39,19.97,-6.8,False,True,8.03,13.45,-0.444,8,-0.685,12,-1.0,15,-0.435,agreement,"1.01,7.01,9.01"
PLBY,2025-11-13,NASDAQ,Retail Trade,Specialty Stores,123.4,1.36,17.65,22.06,3.75,11.87,0.32,11.01,0.39,17,5.47,-20.5,16.2,0.94,-34.4,41.0,100,5.0,5.63,3.12,20.0,22.5,58.12,-2.5,False,True,1.66,3.61,-1.0,1,-1.0,1,-1.0,1,-1.0,earnings,"2.02,7.01,9.01"
PLBY,2026-02-09,NASDAQ,Retail Trade,Specialty Stores,123.4,1.59,20.75,33.33,10.42,18.68,0.62,54.24,4.26,12,5.23,23.3,-7.6,0.73,-24.1,19.0,100,29.17,20.31,2.08,17.19,-10.42,43.23,-14.32,False,True,2.12,10.38,0.0,4,0.0,4,0.0,4,0.288,agreement,"1.01,7.01,9.01"
PLBY,2026-08-11,NASDAQ,Retail Trade,Specialty Stores,123.4,1.18,27.97,15.25,-9.93,19.31,0.07,5.37,0.21,14,5.9,-31.8,-44.3,0.9,-45.1,65.7,100,-17.88,-16.56,-21.85,-18.54,-23.84,-8.28,-24.5,False,False,,,,,,,,,,earnings,"2.02,9.01"
CODA,2025-06-16,NASDAQ,Electronic Technology,Aerospace & Defense,123.0,7.73,9.31,2.2,-6.51,20.69,0.43,6.41,0.61,15,5.93,15.7,-13.2,0.98,-14.6,40.6,100,-12.66,-8.99,-7.34,-3.31,0.36,2.13,-14.79,False,False,,,,,,,,,,filing-other,
BOTJ,2025-11-20,NASDAQ,Finance,Regional Banks,122.9,17.07,8.38,3.1,-4.86,5.11,0.0,5.14,0.08,16,2.59,14.0,18.8,1.0,3.4,0.0,100,-3.95,-5.95,-2.7,-3.78,-2.7,1.35,-10.0,False,False,,,,,,,,,,filing-other,
VRA,2025-06-16,NASDAQ,Consumer Non-Durables,Apparel/Footwear,122.5,1.78,8.43,34.27,23.83,26.98,0.98,5.07,0.94,3,8.66,-35.0,-62.4,0.87,-67.8,89.0,100,21.24,11.4,20.73,20.73,6.22,35.75,4.15,True,True,2.39,20.92,-0.52,2,-0.64,4,-0.66,19,-0.52,none,
VRA,2025-09-11,NASDAQ,Consumer Non-Durables,Apparel/Footwear,122.5,2.28,9.21,-7.89,-15.66,28.35,0.29,5.23,0.21,20,5.27,20.0,-13.3,0.9,-58.4,50.3,100,-11.65,-16.87,-17.27,-18.07,-18.88,-5.62,-21.69,True,False,,,,,,,,,,earnings,"2.02,9.01"
VRA,2025-11-18,NASDAQ,Consumer Non-Durables,Apparel/Footwear,122.5,2.45,14.29,17.55,2.86,27.56,0.49,50.27,3.28,7,8.36,23.7,15.6,0.87,-53.3,30.5,100,7.5,-4.29,-1.79,-13.57,-21.79,21.79,-50.36,False,True,2.88,11.81,-1.0,2,-1.0,2,-1.0,2,-1.0,none,
VRA,2026-03-12,NASDAQ,Consumer Non-Durables,Apparel/Footwear,122.5,2.49,20.08,35.74,13.04,21.21,0.65,23.4,0.38,29,6.71,13.2,9.2,0.78,-12.3,11.2,100,16.39,9.36,20.4,16.39,29.77,31.44,-1.67,False,True,3.38,12.13,-0.415,11,-1.0,12,-1.0,12,-0.366,earnings,"2.02,5.02,9.01"
VRA,2026-06-11,NASDAQ,Consumer Non-Durables,Apparel/Footwear,122.5,3.18,11.32,8.81,-2.26,18.04,0.53,60.2,0.78,39,6.19,-5.9,44.5,0.76,-19.4,5.7,100,7.06,1.41,10.17,11.58,7.34,22.6,-1.41,True,False,,,,,,,,,,earnings,"2.02,9.01"
TLSA,2025-05-06,NASDAQ,Health Technology,Pharmaceuticals: Major,122.4,1.22,10.66,22.95,11.11,24.03,0.68,5.78,0.16,17,13.36,79.4,24.5,0.32,-29.3,18.0,45,16.3,16.3,20.0,11.11,5.93,31.85,-3.7,True,True,1.5,14.0,-0.238,6,-0.667,8,0.0,42,-0.048,filing-other,
MXCT,2025-08-14,NASDAQ,Health Technology,Biotechnology,121.8,1.38,9.42,2.17,-6.62,11.59,0.19,3.48,0.64,8,7.24,-37.3,-67.1,0.92,-71.0,94.1,100,-9.93,-7.28,-5.96,-7.95,-3.97,-1.32,-12.58,False,False,,,,,,,,,,filing-other,
MXCT,2026-05-13,NASDAQ,Health Technology,Biotechnology,121.8,0.822,14.36,24.09,8.51,25.68,0.41,10.71,0.59,7,6.3,12.6,-44.1,1.0,-61.9,69.1,100,15.96,12.77,13.83,24.47,17.02,37.77,3.19,True,True,1.02,9.51,0.0,2,0.0,2,0.0,2,0.0,earnings,"2.02,7.01,9.01"
LGCY,2025-05-16,AMEX,Consumer Services,Other Consumer Services,121.7,7.78,13.11,16.71,3.18,7.61,0.89,5.3,0.75,18,5.89,-10.0,36.5,0.95,-15.1,10.7,100,0.34,0.11,2.16,4.55,13.86,16.82,-4.89,False,True,9.08,6.35,-1.0,2,-1.0,2,-1.0,2,-1.0,earnings,"2.02,9.01"
LGCY,2026-02-13,AMEX,Consumer Services,Other Consumer Services,121.7,10.04,8.57,15.04,5.96,8.86,1.0,4.76,0.47,27,4.23,11.9,-15.6,0.97,-21.5,32.4,100,11.65,12.2,16.97,30.28,26.42,34.86,0.87,True,True,11.55,8.14,2.606,17,1.649,18,0.596,35,1.978,filing-other,
IMUX,2025-06-05,NASDAQ,Health Technology,Pharmaceuticals: Major,121.6,7.75,9.68,-0.26,-9.06,20.41,0.32,9.25,1.33,5,9.7,-32.6,-44.6,0.81,-50.9,89.3,100,-7.29,4.12,-0.71,-15.29,-10.0,7.53,-20.35,False,False,,,,,,,,,,filing-other,"5.02,5.07,9.01"
IMUX,2025-06-24,NASDAQ,Health Technology,Pharmaceuticals: Major,121.6,7.08,8.05,0.0,-7.45,11.21,0.15,7.83,0.96,5,11.52,-39.5,-31.3,0.65,-55.8,89.9,100,-8.37,-8.5,-9.8,5.36,30.33,35.29,-10.72,False,False,,,,,,,,,,none,
IMUX,2026-02-13,NASDAQ,Health Technology,Pharmaceuticals: Major,121.6,8.7,29.89,4.94,-19.2,31.87,0.01,34.53,4.38,4,11.21,14.5,-5.1,0.87,-18.7,6.8,100,-18.85,-13.72,-23.45,-6.19,2.65,33.63,-26.46,False,False,,,,,,,,,,agreement,"1.01,3.02,5.02,8.01,9.01"
WALD,2025-08-19,NASDAQ,Consumer Non-Durables,Household/Personal Care,121.3,1.8,8.33,0.0,-7.69,23.75,0.53,13.95,1.01,2,8.42,-15.1,-41.7,0.75,-53.3,79.0,100,-12.82,-11.28,-18.72,-23.59,1.03,2.05,-24.1,False,False,,,,,,,,,,filing-other,
WALD,2026-04-29,NASDAQ,Consumer Non-Durables,Household/Personal Care,121.3,0.779,33.5,-2.05,-26.63,37.61,0.0,115.69,11.28,3,10.2,-50.5,-59.6,0.38,-67.7,82.7,87,-14.42,-15.1,16.35,58.65,30.77,76.54,-30.77,False,False,,,,,,,,,,filing-other,
WALD,2026-06-01,NASDAQ,Consumer Non-Durables,Household/Personal Care,121.3,1.23,12.2,48.78,32.61,60.98,0.8,5.65,0.27,1,13.57,-24.5,-53.2,0.38,-57.1,35.9,93,34.06,26.81,18.84,31.88,27.54,40.58,5.07,True,True,1.83,32.79,-0.15,11,-0.367,14,-0.342,40,-0.144,filing-other,
LENZ,2025-08-11,NASDAQ,Health Technology,Pharmaceuticals: Major,121.3,34.68,13.24,11.79,-1.27,12.35,0.52,6.87,1.77,2,6.76,31.7,37.2,0.92,0.9,0.0,100,-7.49,4.18,-1.27,1.04,1.58,8.91,-11.18,False,False,,,,,,,,,,none,
AKA,2025-05-14,NYSE,Retail Trade,Internet Retail,120.9,8.7,22.53,59.54,30.21,41.37,0.95,17.54,2.98,11,7.91,-48.5,-64.7,0.27,-61.2,89.5,66,40.99,26.74,27.77,21.06,17.92,47.75,2.72,True,True,13.88,28.24,0.0,2,0.0,2,0.0,2,0.0,earnings,"2.02,7.01,9.01"
AKA,2025-10-14,NYSE,Retail Trade,Internet Retail,120.9,10.432,39.0,38.61,-0.28,10.85,0.66,16.47,0.66,3,5.75,-5.3,17.3,0.98,-47.2,43.6,100,-12.41,2.76,-1.81,-4.48,-3.79,12.97,-24.14,False,False,,,,,,,,,,agreement,"1.01,2.03,7.01,9.01"
AKA,2026-04-08,NYSE,Retail Trade,Internet Retail,120.9,9.8,10.31,2.04,-7.49,11.33,0.26,5.23,0.04,35,5.61,-12.0,-3.4,0.92,-34.0,64.5,100,-0.28,-1.48,-4.35,1.81,1.62,5.18,-9.53,True,False,,,,,,,,,,none,
CVGI,2025-05-07,NASDAQ,Producer Manufacturing,Trucks/Construction/Farm Machinery,120.3,0.9,16.67,14.44,-1.9,20.0,0.15,4.57,1.63,0,12.8,-55.7,-70.1,0.22,-69.3,84.3,59,13.33,37.14,20.95,24.76,30.48,42.86,-3.81,True,False,,,,,,,,,,earnings,"2.02,7.01,9.01"
CVGI,2026-03-11,NASDAQ,Producer Manufacturing,Trucks/Construction/Farm Machinery,120.3,1.62,22.22,25.31,2.53,46.7,0.07,220.3,9.81,3,7.71,0.0,-12.0,1.0,-5.7,1.8,100,17.68,82.83,69.7,90.4,101.52,122.22,0.0,True,True,2.03,2.96,24.667,12,32.333,34,45.333,70,25.278,earnings,"2.02,7.01,9.01"
FOA,2025-05-07,NYSE,Finance,Finance/Rental/Leasing,120.0,19.45,14.65,9.46,-4.53,15.96,0.36,3.84,0.34,7,6.0,-22.0,59.3,0.9,-31.2,55.6,100,-6.59,-4.44,-3.45,-3.41,-6.14,3.81,-8.74,True,False,,,,,,,,,,earnings,"2.02,9.01"
SEER,2025-05-14,NASDAQ,Health Technology,Biotechnology,119.0,1.92,9.9,9.9,0.0,13.9,0.21,3.31,1.17,0,5.11,-14.7,-19.3,0.87,-19.6,49.6,100,-1.42,-1.9,-1.42,-9.48,0.95,9.48,-9.48,False,False,,,,,,,,,,earnings,"2.02,9.01"
SEER,2026-04-13,NASDAQ,Health Technology,Biotechnology,119.0,1.69,9.47,13.61,3.78,6.59,0.83,13.55,1.02,5,2.64,-13.3,-26.8,0.97,-23.2,73.6,100,4.86,10.81,7.57,5.41,-1.08,12.97,-1.62,True,True,1.92,5.21,0.0,8,0.0,8,0.0,8,0.433,other-8k,"8.01,9.01"
SEER,2026-07-06,NASDAQ,Health Technology,Biotechnology,119.0,1.62,38.58,35.19,-2.45,8.84,0.21,72.02,4.32,2,3.32,-4.7,-11.5,1.0,-6.8,4.0,100,-1.11,-2.0,-3.34,-9.13,-0.22,0.22,-18.93,False,False,,,,,,,,,,filing-other,
VTVT,2026-03-11,NASDAQ,Health Technology,Pharmaceuticals: Major,118.6,35.02,9.77,0.23,-8.69,16.84,0.4,3.68,0.27,0,10.07,14.8,86.6,0.9,-12.6,11.0,100,-12.3,-0.81,-5.57,-0.36,-2.97,12.1,-18.81,False,False,,,,,,,,,,earnings,"2.02,7.01,9.01"
CBUS,2025-10-15,NASDAQ,Commercial Services,Miscellaneous Commercial Services,118.5,1.47,20.07,11.56,-7.08,28.19,0.21,38.22,2.05,8,5.82,-15.0,-12.5,0.89,-71.1,41.4,100,-3.12,-5.95,-18.41,-9.92,-23.51,-1.98,-32.01,False,False,,,,,,,,,,none,
VIVO,2025-05-30,NASDAQ,Utilities,Electric Utilities,117.7,4.24,29.6,9.43,-15.56,21.41,0.11,10.34,0.06,15,19.45,468.4,296.3,0.33,-38.1,1.8,15,-21.93,17.02,11.92,-0.45,-25.93,34.67,-35.03,False,False,,,,,,,,,,equity-sale,
VIVO,2025-07-17,NASDAQ,Utilities,Electric Utilities,117.7,6.18,10.19,8.74,-1.32,18.19,0.46,4.32,0.03,15,14.32,133.2,410.7,0.41,-23.3,0.3,20,0.88,0.59,-17.91,-38.03,-16.15,26.73,-47.14,False,False,,,,,,,,,,filing-other,
VIVO,2025-07-18,NASDAQ,Utilities,Electric Utilities,117.7,6.72,18.15,2.23,-13.48,26.17,0.02,6.3,0.05,15,14.87,156.5,460.0,0.41,-10.6,0.0,20,-18.89,-26.89,-38.54,-50.76,-20.28,-1.76,-54.66,False,False,,,,,,,,,,filing-other,
VIVO,2025-07-21,NASDAQ,Utilities,Electric Utilities,117.7,6.87,9.61,-6.26,-14.48,26.83,0.18,3.55,0.03,15,15.63,170.5,477.3,0.41,-15.2,0.0,20,-9.03,-25.76,-39.04,-47.94,-20.05,-4.38,-52.19,False,False,,,,,,,,,,filing-other,
VIVO,2025-08-08,NASDAQ,Utilities,Electric Utilities,117.7,3.86,11.14,32.12,18.88,40.49,0.64,7.64,0.08,15,14.37,8.7,254.1,0.52,-51.7,14.1,71,38.46,37.06,47.55,41.03,15.85,62.7,2.56,True,True,5.1,20.59,0.0,7,0.0,7,0.0,7,0.248,none,
VIVO,2025-12-12,NASDAQ,Utilities,Electric Utilities,117.7,2.54,20.47,13.39,-5.88,15.52,0.26,7.94,0.03,31,10.56,-48.8,-53.6,0.41,-65.5,79.8,89,-14.38,-7.52,-12.09,-13.07,-11.11,7.19,-26.63,False,False,,,,,,,,,,none,
VIVO,2026-02-18,NASDAQ,Utilities,Electric Utilities,117.7,2.44,11.89,15.98,3.66,31.89,0.36,4.35,0.03,13,16.59,-20.8,-59.5,0.71,-69.3,78.8,100,-10.26,-5.86,-1.1,-21.61,-10.62,8.06,-38.1,False,True,2.83,10.25,-1.0,1,-1.0,1,-1.0,1,-1.0,filing-other,
VIVO,2026-04-24,NASDAQ,Utilities,Electric Utilities,117.7,3.49,8.31,-0.29,-7.94,31.38,0.23,5.36,0.39,11,12.59,52.4,-17.5,0.6,-57.4,60.7,86,-10.05,-18.25,-15.61,-20.11,23.54,41.77,-24.6,False,False,,,,,,,,,,filing-other,
AARD,2025-12-03,NASDAQ,Health Technology,Pharmaceuticals: Major,117.1,9.26,12.63,28.83,14.38,16.67,0.91,3.24,0.32,5,8.41,9.1,-20.9,0.62,-46.7,54.2,100,18.89,32.5,34.04,26.75,26.46,53.4,14.09,True,True,11.93,13.16,0.822,10,0.825,18,0.675,39,0.949,none,
RDZN,2025-10-15,NASDAQ,Technology Services,Packaged Software,116.7,1.36,10.29,1.47,-8.0,12.69,0.24,3.01,0.24,6,9.97,29.5,23.1,0.71,-49.8,28.8,100,-14.67,-2.67,-17.33,11.33,-6.0,30.0,-23.33,False,False,,,,,,,,,,none,
RDZN,2026-04-29,NASDAQ,Technology Services,Packaged Software,116.7,1.47,13.61,17.01,2.99,13.76,0.69,7.12,0.19,31,9.5,-15.8,5.0,0.78,-34.8,12.6,100,35.93,16.77,10.18,12.57,11.98,50.3,0.0,True,True,1.72,8.72,0.533,7,0.0,10,0.0,10,0.866,other-8k,"7.01,9.01"
BOOM,2025-05-02,NASDAQ,Industrial Services,Oilfield Services/Equipment,115.9,6.45,9.77,14.42,4.24,8.94,0.52,3.1,0.39,2,8.24,-20.8,-35.8,0.71,-48.6,82.3,100,-1.27,-5.37,-2.12,-2.12,-6.36,6.5,-11.58,False,True,7.38,4.47,-1.0,1,-1.0,1,-1.0,1,-1.0,earnings,"2.02,9.01"
BOOM,2026-05-01,NASDAQ,Industrial Services,Oilfield Services/Equipment,115.9,6.18,21.36,36.08,12.13,20.56,0.9,7.0,1.31,2,5.49,-28.1,-27.6,0.68,-18.5,30.6,100,3.47,-1.47,-0.8,-7.6,-9.6,14.67,-11.07,False,True,8.41,15.58,-1.0,4,-1.0,4,-1.0,4,-0.926,earnings,"2.02,9.01"
KULR,2025-05-14,AMEX,Producer Manufacturing,Industrial Machinery,115.7,12.56,12.74,2.55,-9.04,11.25,0.06,3.17,0.06,33,6.35,-29.6,336.1,0.73,-67.8,42.0,84,-16.38,-28.81,-32.77,-35.59,-30.51,-9.6,-37.85,False,False,,,,,,,,,,earnings,"2.02,7.01,9.01"
KULR,2025-08-15,AMEX,Producer Manufacturing,Industrial Machinery,115.7,5.27,18.03,-0.38,-15.59,22.09,0.08,4.04,0.15,12,6.23,-55.5,-70.7,0.43,-85.8,85.4,71,-17.2,-20.1,-19.94,-24.44,-27.65,-11.25,-35.53,False,False,,,,,,,,,,earnings,"2.02,7.01,9.01"
KULR,2025-10-06,AMEX,Producer Manufacturing,Industrial Machinery,115.7,5.46,9.52,-0.18,-8.86,13.64,0.24,3.22,0.09,9,6.29,-20.2,-43.1,0.67,-86.4,80.3,100,-16.05,-12.71,-11.37,-26.42,-41.14,-5.69,-41.3,False,False,,,,,,,,,,filing-other,
KULR,2026-01-14,AMEX,Producer Manufacturing,Industrial Machinery,115.7,3.45,15.94,17.39,1.25,17.12,0.59,11.85,1.54,11,9.04,-33.4,-45.8,0.62,-81.9,82.9,100,-0.5,-5.25,8.75,-2.75,-33.5,14.5,-34.5,False,True,4.05,9.14,-1.0,4,-1.0,4,-1.0,4,-0.901,other-8k,"7.01,8.01,9.01"
KULR,2026-05-18,AMEX,Producer Manufacturing,Industrial Machinery,115.7,3.6,8.89,8.89,0.0,14.06,0.28,3.36,0.32,7,10.28,25.9,30.0,0.78,-69.4,64.3,100,-7.4,-1.28,13.01,33.42,-6.38,38.52,-12.5,False,False,,,,,,,,,,none,
GSIW,2025-07-24,NASDAQ,Finance,Investment Banks/Brokers,115.7,35.2,69.89,-38.07,-63.55,236.27,0.03,71.36,1.49,5,64.68,-56.4,-71.1,0.22,-88.5,86.3,58,-54.85,-58.53,-62.21,-59.87,-66.22,-45.15,-68.9,False,False,,,,,,,,,,equity-sale,
GSIW,2025-07-25,NASDAQ,Finance,Investment Banks/Brokers,115.7,21.8,31.19,23.85,-5.59,30.16,0.24,12.91,0.61,2,75.81,-72.8,-83.5,0.22,-94.5,62.0,49,-9.79,-11.89,-20.28,-12.59,-27.97,0.0,-34.97,False,False,,,,,,,,,,equity-sale,
GSIW,2025-09-22,NASDAQ,Finance,Investment Banks/Brokers,115.7,29.8,23.49,3.36,-16.3,22.67,0.12,5.0,0.21,5,16.42,-90.0,-69.0,0.38,-92.9,31.1,53,-19.02,-15.76,-24.46,-17.39,-17.39,39.13,-34.24,False,False,,,,,,,,,,filing-other,
BEEP,2025-09-15,NASDAQ,Finance,Real Estate Development,115.2,3.42,9.12,-3.8,-11.84,14.83,0.08,3.19,0.06,6,5.41,-10.5,-10.5,0.9,-23.2,59.3,100,-11.31,-15.86,-4.07,-8.63,-12.65,1.29,-20.15,False,False,,,,,,,,,,none,
BEEP,2026-08-05,NASDAQ,Finance,Real Estate Development,115.2,1.81,11.6,16.02,3.96,17.02,0.69,3.24,0.23,1,11.01,-3.7,-41.4,0.73,-50.3,76.0,100,0.99,36.63,37.62,30.2,41.58,55.45,-10.89,False,True,2.1,10.48,-1.0,1,-1.0,1,-1.0,1,-1.0,other-8k,"7.01,9.01"
INO,2025-07-07,NASDAQ,Health Technology,Pharmaceuticals: Major,114.8,1.33,9.02,0.0,-8.28,11.54,0.2,6.06,0.44,3,8.04,-16.4,-27.3,0.83,-76.0,87.1,100,-7.59,-4.14,-6.21,-2.07,1.38,10.34,-10.34,True,False,,,,,,,,,,agreement,"1.01,8.01,9.01"
INO,2025-08-15,NASDAQ,Health Technology,Pharmaceuticals: Major,114.8,1.62,8.02,14.81,6.29,18.86,0.33,4.46,0.55,3,5.77,-16.9,-23.9,0.48,-71.0,59.5,99,8.57,5.71,12.0,35.43,30.29,70.29,2.29,True,True,1.86,5.91,7.182,18,3.818,20,4.273,46,4.758,none,
CPIX,2025-06-23,NASDAQ,Health Technology,Pharmaceuticals: Major,114.6,4.35,10.34,-9.66,-18.13,25.96,0.04,5.98,0.0,45,9.28,-5.2,105.2,0.81,-33.8,32.5,100,-31.25,-44.17,-30.21,-36.04,-29.17,-15.62,-47.71,False,False,,,,,,,,,,none,
CPIX,2025-07-14,NASDAQ,Health Technology,Pharmaceuticals: Major,114.6,3.0,10.0,13.33,3.03,25.5,0.49,3.0,0.0,26,14.44,-25.6,34.5,0.6,-54.5,42.6,100,6.06,12.42,6.06,5.45,-13.94,27.88,-20.3,False,True,3.4,11.18,-0.474,4,0.263,1,0.263,1,-0.044,none,
CPIX,2026-02-04,NASDAQ,Health Technology,Pharmaceuticals: Major,114.6,3.79,8.18,3.96,-3.9,10.75,0.55,4.6,0.02,1,9.87,37.3,0.0,0.29,-43.4,70.5,81,-12.44,-6.1,-5.61,-4.63,-14.15,22.68,-14.39,False,False,,,,,,,,,,other-8k,8.01
CPIX,2026-04-23,NASDAQ,Health Technology,Pharmaceuticals: Major,114.6,3.05,87.54,27.87,-31.82,65.03,0.1,954.24,53.89,33,7.45,-24.5,-16.2,0.83,-8.8,0.9,100,-29.02,-25.17,-26.75,-25.0,-3.67,-0.87,-33.92,True,False,,,,,,,,,,agreement,"1.01,5.07,7.01,8.01,9.01"
HOVR,2025-05-16,NASDAQ,Electronic Technology,Aerospace & Defense,114.1,0.589,9.51,15.79,5.74,23.62,0.74,5.85,0.02,39,9.44,2.1,14.4,0.86,-60.4,33.4,100,6.98,39.53,42.95,59.69,185.27,259.69,-4.19,True,True,0.682,14.96,2.235,11,8.804,32,7.137,52,2.202,other-8k,"7.01,9.01"
HOVR,2026-05-26,NASDAQ,Electronic Technology,Aerospace & Defense,114.1,3.14,10.51,-5.41,-14.41,29.12,0.14,5.85,0.69,1,13.5,65.3,161.7,0.51,-17.0,2.9,39,-20.46,-15.71,-27.38,-34.87,-45.82,-9.22,-46.11,False,False,,,,,,,,,,agreement,"1.01,7.01,9.01"
HOVR,2026-07-16,NASDAQ,Electronic Technology,Aerospace & Defense,114.1,1.71,10.53,-12.28,-20.63,30.82,0.09,3.22,0.32,7,6.58,-7.1,-14.1,0.67,-54.8,68.0,100,-16.93,5.29,-2.12,-7.94,5.29,14.81,-22.49,True,False,,,,,,,,,,earnings,"2.02,9.01"
BHR,2025-08-27,NYSE,Finance,Real Estate Investment Trusts,114.0,2.25,11.56,21.33,8.76,23.51,0.37,33.41,5.24,8,4.14,0.0,-13.1,1.0,-34.3,60.2,100,7.57,9.96,17.13,19.52,12.35,23.9,4.78,True,True,2.73,8.06,0.682,16,0.545,18,0.0,23,0.5,agreement,"1.01,7.01,9.01"
RANI,2025-07-14,NASDAQ,Health Technology,Biotechnology,111.6,0.644,21.12,8.39,-10.51,54.64,0.45,187.94,1.13,16,7.59,-43.0,-52.6,0.48,-79.2,87.4,97,-45.26,-46.54,-46.15,-29.36,-35.9,-24.49,-50.38,False,False,,,,,,,,,,none,
RANI,2025-10-20,NASDAQ,Health Technology,Biotechnology,111.6,1.64,28.05,37.2,7.14,54.1,0.42,10.29,0.35,2,11.09,275.3,50.5,0.94,-27.6,3.8,81,35.71,-0.48,-15.24,2.38,-7.62,84.29,-32.38,False,True,2.25,18.67,0.0,3,0.0,3,0.0,3,-0.127,none,
VANI,2025-09-22,NASDAQ,Health Technology,Pharmaceuticals: Major,111.0,1.41,8.51,9.93,1.31,11.27,0.81,5.18,0.44,4,7.43,11.9,29.4,0.79,-15.0,4.1,100,-1.96,-6.54,-8.5,-7.84,22.22,22.88,-14.38,False,True,1.55,8.39,-1.0,3,-1.0,3,-1.0,3,-0.974,none,
VANI,2026-04-16,NASDAQ,Health Technology,Pharmaceuticals: Major,111.0,1.14,10.53,14.91,3.97,11.02,1.0,7.25,0.87,15,6.28,-10.2,-13.6,0.83,-34.4,70.5,100,6.35,9.52,3.97,6.35,-4.76,21.43,-11.11,False,True,1.31,9.92,0.0,4,0.0,4,0.0,4,0.179,filing-other,
APYX,2026-03-11,NASDAQ,Health Technology,Medical Specialties,109.5,3.45,10.72,13.91,2.88,9.33,0.51,5.21,0.07,10,6.77,-12.9,67.5,0.94,-15.1,21.4,100,-5.24,-3.93,-3.93,1.83,4.71,9.42,-12.3,False,True,3.93,4.58,-1.0,1,-1.0,1,-1.0,1,-1.0,earnings,"2.02,9.01"
APYX,2026-05-07,NASDAQ,Health Technology,Medical Specialties,109.5,2.92,8.9,21.92,11.95,28.33,0.76,5.32,0.1,5,6.77,-25.9,-9.9,0.92,-29.3,43.6,100,15.41,28.62,37.11,33.65,40.57,47.33,6.92,True,True,3.56,17.7,0.365,9,0.46,17,0.81,49,0.524,earnings,"2.02,9.01"
QUCY,2025-04-28,NASDAQ,Health Technology,Biotechnology,108.4,3.53,11.33,4.82,-5.85,24.09,0.15,21.31,0.05,58,14.51,-28.4,1117.2,0.38,-52.1,7.9,63,-9.41,-24.17,-28.5,-35.37,-46.82,10.43,-48.35,False,False,,,,,,,,,,none,
QUCY,2026-01-06,NASDAQ,Health Technology,Biotechnology,108.4,1.27,14.17,6.3,-6.9,15.38,0.25,5.38,0.12,10,9.18,-21.6,-12.4,0.54,-82.3,76.4,100,-13.1,-18.62,-22.76,-18.62,-25.52,10.34,-25.52,False,False,,,,,,,,,,none,
QUCY,2026-05-14,NASDAQ,Health Technology,Biotechnology,108.4,1.34,41.79,123.88,57.89,143.56,0.59,14.27,0.5,1,23.4,78.4,3.1,0.46,-26.1,0.7,54,82.11,32.63,87.37,34.74,-8.95,159.47,-10.53,True,True,3.0,45.67,-0.051,8,-0.489,14,-1.0,25,-0.151,filing-other,
PMVP,2025-09-10,NASDAQ,Health Technology,Biotechnology,108.0,1.6,12.5,-20.63,-29.44,54.62,0.12,71.32,14.77,1,8.04,34.5,28.0,0.76,-1.1,0.0,100,-31.67,-36.67,-30.56,-18.33,-21.11,-16.11,-37.72,False,False,,,,,,,,,,other-8k,"7.01,8.01,9.01"
PMVP,2026-02-26,NASDAQ,Health Technology,Biotechnology,108.0,1.12,9.82,22.32,11.38,18.14,0.86,13.57,0.11,22,5.59,-17.0,-22.2,1.0,-33.2,68.1,100,38.21,31.71,24.39,28.46,9.76,52.85,5.69,True,True,1.37,13.5,1.243,9,0.541,16,0.0,19,1.279,none,
TCX,2026-07-31,NASDAQ,Technology Services,Data Processing Services,107.8,9.7,14.43,59.18,39.1,44.95,0.87,9.48,4.18,0,8.01,-38.3,-56.9,0.68,-55.9,79.0,100,23.87,27.21,41.26,1.17,-8.83,41.89,-20.99,False,True,15.44,28.11,-0.613,6,-0.97,10,-0.797,9,-0.51,agreement,"1.01,1.02"
PYPD,2025-04-30,NASDAQ,Health Technology,Pharmaceuticals: Major,107.4,2.62,24.05,8.78,-12.31,18.61,0.22,5.87,0.29,19,4.32,-12.1,-21.1,0.97,-15.6,22.0,100,-13.85,-13.85,-13.26,-10.77,-14.15,0.92,-24.92,False,False,,,,,,,,,,none,
PYPD,2025-05-20,NASDAQ,Health Technology,Pharmaceuticals: Major,107.4,2.81,16.73,3.2,-11.59,17.14,0.21,4.29,0.38,7,6.61,-3.1,-17.8,0.98,-14.8,19.0,100,-14.33,-15.24,-22.56,-9.15,0.91,19.82,-25.61,False,False,,,,,,,,,,filing-other,
PYPD,2025-06-09,NASDAQ,Health Technology,Pharmaceuticals: Major,107.4,3.27,15.9,2.75,-11.35,19.09,0.1,373.2,89.11,4,8.53,19.3,9.4,0.98,-1.6,0.0,100,-7.65,-9.5,-3.17,-5.54,-7.65,-1.11,-26.91,False,False,,,,,,,,,,filing-other,
BDTX,2025-05-13,NASDAQ,Health Technology,Biotechnology,107.4,1.75,10.86,10.29,-0.52,13.47,0.79,4.76,0.04,7,7.76,-19.7,-45.0,0.67,-56.2,27.6,100,-2.58,0.52,11.86,2.58,22.16,38.92,-8.76,True,False,,,,,,,,,,earnings,"2.02,9.01"
EVTL,2025-06-09,NYSE,Electronic Technology,Aerospace & Defense,106.7,5.38,15.24,15.24,0.0,8.93,0.96,6.74,0.61,4,11.72,47.8,-29.1,0.57,-61.2,22.9,88,-6.94,-4.35,-4.52,-10.81,-21.77,22.58,-25.0,False,False,,,,,,,,,,none,
EVTL,2026-03-30,NYSE,Electronic Technology,Aerospace & Defense,106.7,2.06,8.74,-1.94,-9.82,17.89,0.35,7.86,0.7,13,8.78,-62.5,-62.1,0.52,-70.5,99.0,73,-1.34,1.79,-2.68,17.41,4.91,58.48,-9.82,True,False,,,,,,,,,,filing-other,
EVTL,2026-04-08,NYSE,Electronic Technology,Aerospace & Defense,106.7,2.18,11.74,13.76,1.81,11.79,0.7,3.01,0.54,3,10.89,-64.5,-65.3,0.56,-67.9,88.5,74,-5.58,0.16,9.2,10.43,11.66,45.73,-9.69,False,True,2.48,7.66,-1.0,1,-1.0,1,-1.0,1,-1.0,filing-other,
EVTL,2026-04-16,NYSE,Electronic Technology,Aerospace & Defense,106.7,2.66,13.16,25.56,10.96,22.84,0.68,6.45,1.37,2,12.05,-57.8,-51.7,0.56,-60.4,82.7,93,-0.66,-11.63,-17.94,-22.26,-10.63,13.62,-26.91,False,True,3.34,13.47,-1.0,2,-1.0,2,-0.778,1,-1.0,filing-other,
ULBI,2026-08-07,NASDAQ,Producer Manufacturing,Electrical Products,106.3,5.32,14.66,19.36,4.1,10.17,0.75,3.56,0.41,17,4.61,-24.5,-15.7,0.89,-26.1,68.1,100,13.77,18.36,23.11,14.92,0.49,25.57,-3.44,False,True,6.35,7.09,1.111,9,0.356,14,0.0,16,1.385,earnings,"2.02,9.01"
ZSTK,2025-09-22,NASDAQ,Health Technology,Pharmaceuticals: Other,105.6,27.2,72.79,23.2,-28.7,53.59,0.18,65.33,12.13,2,8.38,5.7,12.5,0.81,-42.9,34.1,100,-48.85,-52.06,-52.89,-57.94,-60.51,-28.32,-64.16,False,False,,,,,,,,,,agreement,"1.01,2.01,2.03,3.02,5.02,9.01"
ZSTK,2025-12-11,NASDAQ,Health Technology,Pharmaceuticals: Other,105.6,9.51,9.88,1.58,-7.56,18.7,0.14,6.79,0.1,10,12.76,-60.8,-68.6,0.1,-87.2,88.2,48,-6.79,-15.41,-26.99,-30.33,-31.48,5.84,-43.92,False,False,,,,,,,,,,filing-other,
ZSTK,2025-12-12,NASDAQ,Health Technology,Pharmaceuticals: Other,105.6,9.66,12.32,0.83,-10.23,24.55,0.39,12.07,0.21,8,13.18,-62.0,-66.6,0.11,-86.8,85.9,48,-21.29,-26.18,-32.63,-36.41,-42.6,-3.32,-45.99,False,False,,,,,,,,,,none,
ZSTK,2025-12-17,NASDAQ,Health Technology,Pharmaceuticals: Other,105.6,8.84,18.67,-9.39,-23.64,34.49,0.08,5.87,0.16,7,14.54,-65.7,-68.4,0.27,-82.9,78.2,56,-27.26,-27.98,-29.89,-34.7,-37.37,-14.49,-44.14,False,False,,,,,,,,,,none,
ZSTK,2026-01-27,NASDAQ,Health Technology,Pharmaceuticals: Other,105.6,6.32,8.7,73.58,59.68,98.48,0.67,37.78,1.47,5,9.23,-52.5,-73.3,0.63,-85.4,95.7,86,30.28,67.1,22.85,49.64,31.44,118.94,9.32,True,True,10.97,39.84,-0.728,4,-0.565,15,-0.728,4,-0.446,equity-sale,
ZSTK,2026-01-29,NASDAQ,Health Technology,Pharmaceuticals: Other,105.6,8.95,41.9,31.84,-7.09,66.75,0.46,15.47,0.9,2,14.28,-23.0,-63.6,0.65,-73.0,45.4,94,-9.61,-33.54,-34.09,-32.01,-36.22,-1.97,-40.87,False,False,,,,,,,,,,other-8k,"5.03,8.01,9.01"
ZSTK,2026-08-19,NASDAQ,Health Technology,Pharmaceuticals: Other,105.6,1.84,24.46,169.57,116.59,715.79,0.32,818.23,12.83,16,11.69,-54.7,-78.4,0.16,-95.1,94.6,56,157.21,120.96,151.09,121.83,96.51,201.31,75.11,True,True,4.96,69.35,0.0,2,0.0,2,0.0,2,0.0,agreement,"1.01,2.01,3.02,3.03,5.02,5.03,8.01,9.01"
RFL,2025-09-18,NYSE,Finance,Real Estate Development,105.6,1.41,8.51,14.89,5.88,14.86,0.64,6.89,0.23,11,8.11,-10.2,-22.3,0.63,-52.0,78.4,100,-5.88,-4.58,-11.11,-11.11,-13.07,10.46,-15.69,False,True,1.62,8.64,-1.0,1,-1.0,1,-1.0,1,-1.0,none,
OKUR,2025-08-13,NASDAQ,Health Technology,Pharmaceuticals: Major,105.3,2.0,9.5,20.0,9.59,11.67,0.84,7.06,0.2,17,7.0,8.7,-63.3,0.79,-89.0,77.8,100,21.92,27.85,24.66,27.85,11.42,35.84,5.02,True,True,2.4,8.96,1.628,12,1.07,17,0.186,20,1.705,earnings,"2.02,9.01"
LAKE,2026-06-10,NASDAQ,Consumer Non-Durables,Apparel/Footwear,103.2,9.54,12.89,18.97,5.39,13.69,0.58,5.89,0.27,10,6.24,9.0,-36.4,0.87,-45.5,51.4,100,0.56,-3.25,-6.41,0.46,2.41,15.88,-10.4,False,True,11.35,7.31,-1.0,3,-1.0,3,-1.0,3,-1.04,earnings,"2.02,7.01,9.01"
VATE,2026-08-07,NYSE,Industrial Services,Engineering & Construction,103.0,7.41,48.99,63.43,9.69,39.72,0.53,116.91,19.09,1,9.25,-41.6,37.0,0.24,-48.2,37.3,83,-35.42,-30.53,-27.9,-28.8,-32.61,-10.78,-41.94,False,True,12.11,17.26,-1.0,1,-1.0,1,-1.0,1,-1.0,earnings,"2.02,7.01,9.01"
EQ,2025-08-11,NASDAQ,Health Technology,Biotechnology,102.7,0.5,118.0,78.0,-18.35,50.6,0.14,42.13,1.7,2,30.77,28.2,-41.9,0.75,-27.3,0.9,100,-14.68,-10.09,22.94,74.31,67.89,115.6,-28.44,False,False,,,,,,,,,,agreement,"1.01,3.02,7.01,9.01"
EQ,2025-12-10,NASDAQ,Health Technology,Biotechnology,102.7,0.9,10.0,18.89,8.08,23.91,0.68,3.41,0.01,32,12.5,-54.8,130.8,0.57,-57.9,14.4,67,35.35,23.23,11.11,62.63,15.15,71.72,5.05,True,True,1.07,14.02,0.0,6,0.0,6,0.2,5,0.333,none,
EQ,2025-12-22,NASDAQ,Health Technology,Biotechnology,102.7,1.15,19.13,21.74,2.19,22.4,0.54,5.59,0.01,24,13.42,-18.4,219.4,0.54,-41.7,10.6,72,-1.46,9.49,13.14,-4.38,-13.87,24.09,-23.36,False,True,1.4,10.71,0.0,9,0.0,9,0.0,9,0.222,filing-other,
EQ,2026-03-13,NASDAQ,Health Technology,Biotechnology,102.7,2.07,15.94,19.32,2.92,15.86,0.56,10.79,0.02,33,10.34,93.5,4.0,0.46,2.1,0.0,53,-3.33,-11.25,-11.25,-21.67,-29.17,12.5,-33.33,False,True,2.47,8.1,-1.0,1,-1.0,1,-1.0,1,-1.0,agreement,"1.01,3.02,9.01"
MIST,2025-12-15,NASDAQ,Health Technology,Pharmaceuticals: Major,102.1,2.41,20.75,-2.7,-19.42,39.05,0.3,17.39,2.16,3,12.35,23.6,40.1,0.7,-4.9,1.6,100,-24.4,-28.52,-28.87,-32.65,-30.24,-11.68,-35.74,False,False,,,,,,,,,,other-8k,"7.01,8.01,9.01"
FLNT,2025-08-20,NASDAQ,Technology Services,Data Processing Services,101.5,2.28,8.77,-12.72,-19.76,32.12,0.1,7.29,0.29,1,12.65,6.0,-22.2,0.87,-33.7,26.2,100,-23.79,-8.87,-2.82,-8.87,-18.15,18.15,-31.45,False,False,,,,,,,,,,earnings,"1.01,2.02,3.02,8.01,9.01"
FLNT,2025-08-27,NASDAQ,Technology Services,Data Processing Services,101.5,2.2,21.36,9.55,-9.74,33.18,0.29,188.92,10.27,2,11.97,25.7,-17.9,0.92,-28.6,16.9,100,-15.36,-17.98,-15.36,-23.97,-22.1,-8.61,-29.59,False,False,,,,,,,,,,filing-other,
PAL,2025-08-12,NASDAQ,Transportation,Trucking,101.0,5.97,8.88,23.95,13.85,25.63,0.93,5.17,0.19,14,8.09,-27.3,-43.4,0.89,-57.4,98.9,100,16.77,21.69,25.54,27.38,14.62,29.23,8.46,True,True,7.4,19.32,0.35,12,0.0,15,0.0,15,0.352,earnings,"2.02,9.01"
PAL,2025-11-12,NASDAQ,Transportation,Trucking,101.0,6.58,12.77,29.94,15.23,18.4,0.85,7.08,0.55,8,7.41,-18.2,-18.8,0.89,-34.7,73.8,100,5.12,-6.87,-2.7,9.84,37.74,39.76,-8.69,False,True,8.55,13.57,-1.0,2,-1.0,2,-1.0,2,-1.0,earnings,"2.02,9.01"
CSTE,2026-07-02,NASDAQ,Non-Energy Minerals,Other Metals/Minerals,100.4,2.19,9.59,0.91,-7.92,23.0,0.16,4.58,0.02,25,8.54,114.7,15.3,0.65,-7.0,0.4,64,-2.08,0.0,-1.25,-4.58,-12.92,9.17,-19.58,False,False,,,,,,,,,,none,
BZFD,2025-12-12,NASDAQ,Technology Services,Internet Software/Services,100.3,1.19,9.24,-8.4,-16.15,33.0,0.27,3.79,0.57,2,8.09,-36.7,-43.3,0.59,-72.9,88.4,100,-23.08,-29.92,-29.62,-26.31,-23.85,-14.62,-36.15,False,False,,,,,,,,,,none,
BZFD,2026-05-12,NASDAQ,Technology Services,Internet Software/Services,100.3,0.73,132.88,90.41,-18.24,33.33,0.09,194.59,9.5,2,8.32,-16.0,-31.1,0.76,-36.6,33.0,100,-22.94,-12.35,-22.94,2.35,-19.41,30.0,-41.76,False,False,,,,,,,,,,earnings,"1.01,2.02,5.02,7.01,9.01"
NTRB,2025-04-30,NASDAQ,Health Technology,Medical Specialties,100.3,5.68,25.0,21.13,-3.1,25.74,0.26,42.36,0.14,41,7.34,-22.3,-1.0,0.67,-39.7,78.8,100,-11.27,-9.72,-18.59,-20.56,-9.01,3.51,-26.27,False,False,,,,,,,,,,none,
NTRB,2025-06-02,NASDAQ,Health Technology,Medical Specialties,100.3,6.5,26.15,24.77,-1.1,20.76,0.7,15.8,0.18,11,7.0,-5.5,36.3,0.81,-30.4,24.3,100,-5.98,-11.46,-5.0,-7.56,-2.2,8.44,-14.61,False,False,,,,,,,,,,none,
NTRB,2025-07-02,NASDAQ,Health Technology,Medical Specialties,100.3,8.02,13.59,33.67,17.67,29.04,0.64,27.83,0.41,9,7.42,38.8,108.3,0.6,-22.7,17.4,79,8.78,-9.88,-9.99,-14.82,-20.86,16.9,-26.56,False,True,10.72,15.58,-1.0,2,-1.0,2,-1.0,2,-1.0,filing-other,
NTRB,2025-10-28,NASDAQ,Health Technology,Medical Specialties,100.3,7.03,8.82,10.38,1.44,15.71,0.56,11.03,0.07,22,6.5,-1.3,23.8,0.98,-35.1,39.2,100,-9.41,-12.03,-24.44,-20.39,-37.39,2.09,-40.0,False,True,7.76,8.12,-1.0,1,-1.0,1,-1.0,1,-1.0,other-8k,"7.01,9.01"
CHMI,2026-08-10,NYSE,Finance,Real Estate Investment Trusts,100.1,2.41,15.35,15.77,0.36,12.0,0.97,22.45,4.08,3,2.42,-6.9,-6.2,1.0,-8.6,10.6,100,4.68,4.68,5.04,5.4,6.83,7.19,-2.52,True,True,2.79,10.39,0.448,13,0.448,21,0.0,31,0.437,earnings,"1.01,2.02,7.01,9.01"
